Workbook
Name Large_scale_classification: [1]Sheet3!$C$4:$C$10

Sheet 통장내역(환율표)
B2: 통장 일자 | C2: 지급 | F2: 송금액 | I2: 입금 | K2: 출금 | M2: 잔액
C3: 지급시 환율 | D3: 환산요율 | E3: 전표번호 | F3: USD | G3: 수수료 | H3: RMB | I3: USD | J3: RMB | K3: USD | L3: RMB | M3: USD | N3: RMB
B4: 45854 | F4: 74022.44 | N4: =H4-L4 -> 0
B5: 45854 | C5: 1373.8 | D5: =-H5/F5 -> 7.1674 | E5: 2000001679 | F5: -73987.44 | H5: 530297.58 | K5: 35 | L5: 73092 | N5: =H5-L5 -> 457205.58
B6: 45855 | L6: 2403.6 | N6: =N5-L6 -> 454801.98
B7: 45860 | L7: 28287.2 | N7: =N6-L7 -> 426514.78
B8: 45862 | L8: 345390.38 | N8: =N7-L8 -> 81124.4
B9: 45863 | L9: 80014.4 | N9: =N8-L9 -> 1110
N10: =N9 -> 1110
B11: 45881 | F11: 66958.93 | N11: =N10+H11-L11 -> 1110
B12: 45881 | C12: 1384.2 | D12: =-H12/F12 -> 7.1783 | E12: 2000001943 | F12: -66933.93 | H12: 480471.83 | K12: 25 | N12: =N11+H12-L12 -> 481581.83
B13: 45883 | L13: 1110.0568 | N13: =N12+H13-L13 -> 480471.77
B14: 45883 | L14: 26430.74 | N14: =N13+H14-L14 -> 454041.03
B15: 45887 | L15: 33.6 | N15: =N14+H15-L15 -> 454007.43
B16: 45888 | L16: 148030.18 | N16: =N15+H16-L16 -> 305977.25
B17: 45889 | L17: 292153.69 | N17: =N16+H17-L17 -> 13823.563
N18: =N17+H18-L18 -> 13823.563
B19: 45910 | L19: 243.6 | N19: =N18+H19-L19 -> 13579.963
B20: 45911 | F20: 58404.05 | N20: =N19+H20-L20 -> 13579.963
B21: 45911 | C21: 1386.6 | D21: =-H21/F21 -> 7.1105999 | E21: 2000002211 | F21: -58379.05 | H21: 415110.07 | K21: 25 | N21: =N20+H21-L21 -> 428690.03
B22: 45915 | L22: 13580.058 | N22: =N21+H22-L22 -> 415109.98
B23: 45915 | L23: 13975.74 | N23: =N22+H23-L23 -> 401134.24
B24: 45921 | J24: 32.36 | N24: =N23+H24-L24+J24 -> 401166.6
B25: 45923 | L25: 399903.2 | N25: =N24+H25-L25 -> 1263.3953
N26: =N25+H26-L26 -> 1263.3953
B27: 45943 | F27: 76124.43 | N27: =N26+H27-L27 -> 1263.3953
B28: 45943 | C28: 1401.9 | D28: =-H28/F28 -> 7.1165 | E28: 2000002505 | F28: -76099.43 | H28: 541561.59 | K28: 25 | N28: =N27+H28-L28 -> 542824.99
B29: 45945 | L29: 1263.4825 | N29: =N28+H29-L29 -> 541561.5
B30: 45945 | L30: 26248.32 | N30: =N29+H30-L30 -> 515313.18
B31: 45952 | L31: 57279.62 | N31: =N30+H31-L31 -> 458033.56
B32: 45953 | L32: 435679.23 | N32: =N31+H32-L32 -> 22354.333
N33: =N32+H33-L33 -> 22354.333
B34: 45974 | F34: 58100.87 | N34: =N33+H34-L34 -> 22354.333
B35: 45974 | C35: 1454 | D35: =-H35/F35 -> 7.0841 | E35: 2000002746 | F35: -58075.87 | H35: 411415.27 | K35: 25 | N35: =N34+H35-L35 -> 433769.6
B36: 45975 | L36: 22335.89 | N36: =N35+H36-L36 -> 411433.71
B37: 45975 | L37: 5111.91 | N37: =N36+H37-L37 -> 406321.8
B38: 45985 | L38: 377571.91 | N38: =N37+H38-L38 -> 28749.893
N39: =N38 -> 28749.893
B40: 46002 | F40: 60766.8 | N40: =N39+H40-L40 -> 28749.893
B41: 46002 | C41: 1470.4 | D41: =-H41/F41 -> 7.0497 | E41: 2000003021 | F41: -60741.8 | H41: 428211.47 | K41: 25 | N41: =N40+H41-L41 -> 456961.36
B42: 46006 | L42: 27509.8 | N42: =N41+H42-L42 -> 429451.56
B43: 46012 | I43: 6.2096808 | J43: 43.99 | N43: =N42+H43-L43+J43 -> 429495.55
B44: 46013 | L44: 1284.14 | N44: =N43+H44-L44 -> 428211.41
B45: 46013 | L45: 146684.94 | N45: =N44+H45-L45 -> 281526.47
B46: 46015 | L46: 251327.53 | N46: =N45+H46-L46 -> 30198.943
N47: =N46 -> 30198.943
B48: 46035 | F48: 63822.55 | N48: =N47+H48-L48 -> 30198.943
B49: 46035 | C49: 1449.4 | D49: =-H49/F49 -> 6.9648001 | E49: 2000000038 | F49: -63797.55 | H49: 444337.18 | K49: 25 | N49: =N48+H49-L49 -> 474536.12
B50: 46035 | L50: 25054.2 | N50: =N49+H50-L50 -> 449481.92
B51: 46037 | L51: 2403.6 | N51: =N50+H51-L51 -> 447078.32
B52: 46038 | L52: 2741.2021 | N52: =N51+H52-L52 -> 444337.12
B53: 46038 | L53: 54391.908 | N53: =N52+H53-L53 -> 389945.21
B54: 46044 | L54: 348537.1 | N54: =N53+H54-L54 -> 41408.113
N55: =N54 -> 41408.113
B56: 46055 | L56: 140 | N56: =N55+H56-L56 -> 41268.113
B57: 46062 | F57: 75630.62 | N57: =N56+H57-L57 -> 41268.113
B58: 46062 | C58: 1451.2 | D58: =-H58/F58 -> 6.9164 | E58: 2000000421 | F58: -75605.62 | H58: 522918.71 | K58: 25 | N58: =N57+H58-L58 -> 564186.82
B59: 46063 | L59: 80846.2 | N59: =N58+H59-L59 -> 483340.62
B60: 46065 | L60: 20007.2 | N60: =N59+H60-L60 -> 463333.42
B61: 46066 | L61: 65112.4 | N61: =N60+H61-L61 -> 398221.02
B62: 46067 | L62: 89777.56 | N62: =N61+H62-L62 -> 308443.46
B63: 46077 | L63: 252472.24 | N63: =N62+H63-L63 -> 55971.223
B64: 46079 | L64: 553.6 | N64: =N63+H64-L64 -> 55417.623
N65: =N64 -> 55417.623
B66: 46093 | I66: 48000 | L66: 612 | N66: =N65+I66-L66 -> 102805.62
B67: 46098 | F67: 73089.83 | N67: =N66+H67-L67 -> 102805.62
B68: 46098 | C68: 1479.8 | D68: =-H68/F68 -> 6.8738999 | E68: 2000000732 | F68: -73064.83 | H68: 502240.33 | K68: 25 | N68: =N67+H68-L68 -> 605045.95
B69: 46102 | I69: 42.57 | J69: 6.1549361 | N69: =N68+I69-L69 -> 605088.52
B70: 46104 | L70: 54848.294 | N70: =N69+I70-L70 -> 550240.23
B71: 46104 | L71: 142377.99 | N71: =N70+I71-L71 -> 407862.24
B72: 46105 | L72: 269648.75 | N72: =N71+I72-L72 -> 138213.49
N73: =N72 -> 138213.49
B74: 46128 | F74: 55078.72 | N74: =N73+H74-L74 -> 138213.49
B75: 46128 | C75: 1479.8 | D75: =-H75/F75 -> 6.806 | E75: 2000000992 | F75: -55053.72 | H75: 374695.62 | K75: 25 | N75: =N74+H75-L75 -> 512909.11
B76: 46129 | L76: 58139.61 | N76: =N75+H76-L76 -> 454769.5
B77: 46132 | L77: 20007.2 | N77: =N76+H77-L77 -> 434762.3
B78: 46135 | L78: 60066.7 | N78: =N77+H78-L78 -> 374695.6
B79: 46135 | L79: 257166.45 | N79: =N78+H79-L79 -> 117529.15
B80: 46136 | L80: 35713.84 | N80: =N79+H80-L80 -> 81815.313
B81: 46137 | L81: 80769.52 | N81: =N80+H81-L81 -> 1045.7928
N82: =N81 -> 1045.7928
B83: 46148 | F83: 5226.93 | N83: =N82+H83-L83 -> 1045.7928
B84: 46148 | C84: 1473.1 | D84: =-H84/F84 -> 6.8025007 | E84: 2000001199 | F84: -5216.93 | H84: 35488.17 | K84: 10 | N84: =N83+H84-L84 -> 36533.963
B85: 46148 | L85: 1045.81 | N85: =N84+H85-L85 -> 35488.153
B86: 46154 | L86: 18396.3 | N86: =N85+H86-L86 -> 17091.853
B87: 46160 | F87: 59269.52 | L87: 471.36 | N87: =N86+H87-L87 -> 16620.493
B88: 46160 | C88: 1484.3 | D88: =-H88/F88 -> 6.7996 | E88: 2000001372 | F88: -59244.52 | H88: 402839.04 | K88: 25 | N88: =N87+H88-L88 -> 419459.53
B89: 46161 | L89: 16620.509 | N89: =N88+H89-L89 -> 402839.02
B90: 46161 | L90: 3386.69 | N90: =N89+H90-L90 -> 399452.33
B91: 46165 | L91: 381501.58 | N91: =N90+H91-L91 -> 17950.754
N92: =N91 -> 17950.754

Sheet 내역_22.03
A1: 3월 전도금 사용 내역 | K1: 100066029
A2: 3/10 송금 환율(1234.5) | E2: 100014054 | G2: 3/28 보증금 입금(1,274.6) | K2: 100014040 | L2: 1200000696 | M2: 3/28 송금 환율(1218.3) | Q2: 100014046
A3: 대계정 | B3: 소계정 | C3: 금액 (RMB) | D3: 금액 (USD) | E3: 금액 (KRW) | G3: 대계정 | H3: 소계정 | I3: 금액 (RMB) | J3: 금액 (USD) | K3: 금액 (KRW) | M3: 대계정 | N3: 소계정 | O3: 금액 (RMB) | P3: 금액 (USD) | Q3: 금액 (KRW)
A4: 소모품비 | G4: 소모품비 | M4: 소모품비
A5: 업무추진비 | B5: 일반 | F5: 51131050 | G5: 업무추진비 | H5: 일반 | M5: 업무추진비 | N5: 일반
A6: 여비교통비 | B6: 해외 | F6: 51061030 | G6: 여비교통비 | H6: 해외 | M6: 여비교통비 | N6: 해외
A7: 지급임차료 | B7: 사무실관리 | C7: 19440 | D7: 3055.6211 | E7: 3772163 | F7: 51201020 | G7: 지급임차료 | H7: 사무실관리 | M7: 지급임차료 | N7: 사무실관리
A8: 지급임차료 | B8: 차량임차료 | F8: 51201030 | G8: 지급임차료 | H8: 차량임차료 | M8: 지급임차료 | N8: 차량임차료
A9: 통신비 | B9: 기타 | F9: 51071700 | G9: 통신비 | H9: 기타 | L9: 89500 | M9: 통신비 | N9: 기타
A10: 해외지사비 | C10: 1680 | D10: 294.06602 | E10: 363029 | F10: 51321010 | G10: 해외지사비 | I10: 4654.536 | J10: 731.61 | K10: 903173 | M10: 해외지사비 | P10: 58 | Q10: 70661
A11: 보증금 | C11: 36000 | D11: 5658.5576 | E11: 6985492
A12: Total | C12: =SUM(C4:C11) -> 57120 | D12: =SUM(D4:D11) -> 9008.2447 | E12: =SUM(E4:E11) -> 11120684 | F12: 52981010 | G12: Total | I12: =SUM(I4:I10) -> 4654.536 | J12: =SUM(J4:J10) -> 731.61 | K12: =SUM(K4:K10) -> 903173 | M12: Total | O12: =SUM(O4:O10) -> 0 | P12: =SUM(P4:P10) -> 58 | Q12: =SUM(Q4:Q10) -> 70661
C13: =C12+I12++O12 -> 61774.536 | D13: =D12+J12++P12 -> 9797.8547 | E13: =E12+K12++Q12 -> 12094518
A14: 보증금 | B14: 13081010 | H14: =SUBTOTAL(9,H17:H39) -> 35164.129 | I14: =SUBTOTAL(9,I18:I39) -> 62363.742 | J14: =SUBTOTAL(9,J18:J39) -> 8789.027
A15: 날짜 | B15: 내역 | D15: 증빙번호 | E15: 대계정 | F15: 소계정 | G15: 입금 | I15: 출금 | K15: 잔액 | M15: 비고
G16: RMB | H16: USD | I16: RMB | J16: USD | K16: RMB | L16: USD
A17: 44630 | B17: 기존 잔고 | E17: 잡이익 | H17: 0.07 | K17: 0.15 | L17: 0.07
A18: 44631 | B18: USD 입금 | D18: 은행 내역 참고 | G18: 62479.23 | H18: 9850.62 | K18: =K17+G18-I18 -> 62479.38 | L18: =L17+H18-J18 -> 9850.69 | M18: USD 입금 | N18: 9850.69
A19: 44635 | B19: 송금 수수료 | D19: 은행 내역 참고 | E19: 해외지사비 | J19: 30 | K19: =K18+G19-I19 -> 62479.38 | L19: =L18+H19-J19 -> 9820.69 | M19: USD->RMB 입금 | N19: =N18-J19 -> 9820.69
A20: 44635 | B20: 사무실 Rent Deposit비용 선 지불 건 | C20: 1 | D20: 계약서, 영수증 차월 제공 | E20: 보증금 | I20: 5000 | J20: =I20/'통장내역(환율표)'!$D$5 -> 697.60303 | K20: =K19+G20-I20 -> 57479.38 | L20: =L19+H20-J20 -> 9123.087 | M20: 사무실 Rent Deposit비용 선 지불 건 | N20: =N19-J20 -> 9123.087
A21: 44635 | B21: 사무실 Rent Deposit 잔액 | C21: 1 | D21: 계약서, 영수증 차월 제공 | E21: 보증금 | I21: 31000 | J21: =I21/'통장내역(환율표)'!$D$5 -> 4325.1388 | K21: =K20+G21-I21 -> 26479.38 | L21: =L20+H21-J21 -> 4797.9482 | M21: 사무실 Rent Deposit 잔액 | N21: =N20-J21 -> 4797.9482
A22: 44635 | B22: 사무실 Rent 비용 | C22: 1 | D22: 계약서, 영수증 차월 제공 | E22: 지급임차료 | F22: 사무실 | I22: 19440 | J22: =I22/'통장내역(환율표)'!$D$5 -> 2712.2806 | K22: =K21+G22-I22 -> 7039.38 | L22: =L21+H22-J22 -> 2085.6676 | M22: 사무실 Rent 비용 | N22: =N21-J22 -> 2085.6676
A23: 44641 | B23: 이자 | D23: 은행 내역 참고 | E23: 잡이익 | G23: 0.35 | H23: =G23/'통장내역(환율표)'!$D$5 -> 0.048832212 | K23: =K22+G23-I23 -> 7039.73 | L23: =L22+H23-J23 -> 2085.7164 | M23: 이자 | N23: =N22+H23 -> 2085.7164
A24: 44648 | B24: Deposit 입금 | G24: 27194.532 | H24: 4274.5 | K24: =K23+G24-I24 -> 34234.262 | L24: =L23+H24-J24 -> 6360.2164 | N24: =N23+H24 -> 6360.2164
A25: 44648 | B25: 주택 지원비 | E25: 해외지사비 | I25: =J25*'통장내역(환율표)'!$D$5 -> 5243.7415 | J25: 731.61 | K25: =K24+G25-I25 -> 28990.52 | L25: =L24+H25-J25 -> 5628.6064 | M25: 신순연 책임 주택 지원금 | N25: =N24+H25 -> 6360.2164 | O25: =H24-J25 -> 3542.89
A26: 44649 | B26: USD 입금 | D26: 은행 내역 참고 | G26: 55337.75 | H26: 8777 | K26: =K25+G26-I26 -> 84328.27 | L26: =L25+H26-J26 -> 14405.606 | M26: USD 입금
A27: 44649 | B27: 송금 수수료 | D27: 은행 내역 참고 | E27: 해외지사비 | J27: 58 | K27: =K26+G27-I27 -> 84328.27 | L27: =L26+H27-J27 -> 14347.606 | M27: USD->RMB 입금
A28: 44650 | B28: 사무실 명판 제작 금액 | C28: 2 | D28: 첨부 영수증 참고 | E28: 해외지사비 | I28: 1680 | J28: =I28/'통장내역(환율표)'!$D$5 -> 234.39462 | K28: =K27+G28-I28 -> 82648.27 | L28: =L27+H28-J28 -> 14113.212 | M28: 사무실 명판 제작 금액 | N28: =N23-J28 -> 1851.3218
H30: =H24-J25 -> 3542.89
H31: =H26-J27 -> 8719

Sheet 내역_22.04
A1: 4월 전도금 사용 내역 | K1: 100066029
A2: 3/10 송금 환율(1234.5) | E2: 100021243 | G2: 3/28 보증금 입금(1234.5) | K2: 100021244 | L2: 1200000696 | M2: 3/28 송금 환율(1218.3) | Q2: 100021246
A3: 대계정 | B3: 소계정 | C3: 금액 (RMB) | D3: 금액 (USD) | E3: 금액 (KRW) | G3: 대계정 | H3: 소계정 | I3: 금액 (RMB) | J3: 금액 (USD) | K3: 금액 (KRW) | M3: 대계정 | N3: 소계정 | O3: 금액 (RMB) | P3: 금액 (USD) | Q3: 금액 (KRW)
A4: 소모품비 | G4: 소모품비 | M4: 소모품비
A5: 업무추진비 | B5: 일반 | F5: 51131050 | G5: 업무추진비 | H5: 일반 | M5: 업무추진비 | N5: 일반
A6: 여비교통비 | B6: 해외 | F6: 51061030 | G6: 여비교통비 | H6: 해외 | M6: 여비교통비 | N6: 해외
A7: 지급임차료 | B7: 사무실관리 | C7: 5360.0253 | D7: 842.50033 | E7: 1040066 | F7: 51201020 | G7: 지급임차료 | H7: 사무실관리 | I7: 14079.975 | J7: 2213.1208 | K7: 2732097 | M7: 지급임차료 | N7: 사무실관리
A8: 지급임차료 | B8: 차량임차료 | F8: 51201030 | G8: 지급임차료 | H8: 차량임차료 | M8: 지급임차료 | N8: 차량임차료
A9: 통신비 | B9: 기타 | F9: 51071700 | G9: 통신비 | H9: 기타 | L9: 89500 | M9: 통신비 | N9: 기타
A10: 해외지사비 | F10: 51321010 | G10: 해외지사비 | I10: 8460.0523 | J10: 1329.7692 | K10: 1641601 | M10: 해외지사비 | O10: 9766.6177 | P10: 1535.138 | Q10: 1870261
A11: 보증금
A12: Total | C12: =SUM(C4:C11) -> 5360.0253 | D12: =SUM(D4:D11) -> 842.50033 | E12: =SUM(E4:E11) -> 1040066 | F12: 52981010 | G12: Total | I12: =SUM(I4:I10) -> 22540.027 | J12: =SUM(J4:J10) -> 3542.89 | K12: =SUM(K4:K10) -> 4373698 | M12: Total | O12: =SUM(O4:O10) -> 9766.6177 | P12: =SUM(P4:P10) -> 1535.138 | Q12: =SUM(Q4:Q10) -> 1870261
C13: =C12+I12++O12 -> 37666.67 | D13: =D12+J12++P12 -> 5920.5284 | E13: =E12+K12++Q12 -> 7284025
A14: 보증금 | B14: 13081010 | H14: =SUBTOTAL(9,H17:H41) -> 0 | I14: =SUBTOTAL(9,I18:I41) -> 37666.67 | J14: =SUBTOTAL(9,J18:J41) -> 5255.2766
A15: 날짜 | B15: 내역 | D15: 증빙번호 | E15: 대계정 | F15: 소계정 | G15: 입금 | I15: 출금 | K15: 잔액 | M15: 비고
G16: RMB | H16: USD | I16: RMB | J16: USD | K16: RMB | L16: USD
A17: 44650 | B17: 기존 잔고 | K17: 83237.476 | L17: 13104.39 | N17: 842.50033
A18: 4월 20일 | B18: 4월 사무실 Rent비_3/10 송금 | D18: 1 | E18: 지급임차료 | F18: 사무실관리 | I18: =J18*'통장내역(환율표)'!$D$5 -> 6038.5369 | J18: 842.50033 | K18: =K17+G18-I18 -> 77198.939 | L18: =L17+H18-J18 -> 12261.89 | M18: 4월 사무실 Rent비 | N18: =N17-J18 -> 0
A19: 4월 20일 | B19: 4월 사무실 Rent비_3/28 보증금 송금 | D19: 1 | E19: 지급임차료 | F19: 사무실관리 | I19: =19440-I18 -> 13401.463 | J19: =I19/'통장내역(환율표)'!$D$5 -> 1869.7803 | K19: =K18+G19-I19 -> 63797.476 | L19: =L18+H19-J19 -> 10392.11 | M19: 4월 사무실 Rent비 | N19: =3542.89-J19 -> 1673.1097
A20: 4월 24일 | B20: 3~4월 사무실 관리비 미납 금액 | D20: 2 | E20: 해외지사비 | I20: 1038.04 | J20: =I20/'통장내역(환율표)'!$D$5 -> 144.82797 | K20: =K19+G20-I20 -> 62759.436 | L20: =L19+H20-J20 -> 10247.282 | M20: 3~4월 사무실 관리비 미납 금액 | N20: =N19-J20 -> 1528.2818
A21: 4월 24일 | B21: 전화기 | D21: 3 | E21: 해외지사비 | I21: 299 | J21: =I21/'통장내역(환율표)'!$D$5 -> 41.716661 | K21: =K20+G21-I21 -> 62460.436 | L21: =L20+H21-J21 -> 10205.565 | M21: 전화기 | N21: =N20-J21 -> 1486.5651
A22: 4월 24일 | B22: Hot Pot | D22: 4 | E22: 해외지사비 | I22: 227.9 | J22: =I22/'통장내역(환율표)'!$D$5 -> 31.796746 | K22: =K21+G22-I22 -> 62232.536 | L22: =L21+H22-J22 -> 10173.768 | M22: Hot Pot | N22: =N21-J22 -> 1454.7684
A23: 4월 24일 | B23: A4용지 및 생수 등 | D23: 5 | E23: 해외지사비 | I23: 212.41 | J23: =I23/'통장내역(환율표)'!$D$5 -> 29.635572 | K23: =K22+G23-I23 -> 62020.126 | L23: =L22+H23-J23 -> 10144.133 | M23: A4용지 및 생수 등 | N23: =N22-J23 -> 1425.1328
A24: 4월 24일 | B24: 냉장고 | D24: 6 | E24: 해외지사비 | I24: 1798.9 | J24: =I24/'통장내역(환율표)'!$D$5 -> 250.98362 | K24: =K23+G24-I24 -> 60221.226 | L24: =L23+H24-J24 -> 9893.1492 | M24: 냉장고 | N24: =N23-J24 -> 1174.1492
A25: 4월 24일 | B25: 빈프로젝트 및 막 & 막 설치 | D25: 7 | E25: 해외지사비 | I25: 3334 | J25: =I25/'통장내역(환율표)'!$D$5 -> 465.1617 | K25: =K24+G25-I25 -> 56887.226 | L25: =L24+H25-J25 -> 9427.9875 | M25: 빈프로젝트 및 막 & 막 설치 | N25: =N24-J25 -> 708.98747
A26: 4월 24일 | B26: 회의실 Table | D26: 8 | E26: 해외지사비 | I26: =J26*'통장내역(환율표)'!$D$5 -> 1745.9877 | J26: 243.60126 | K26: =K25+G26-I26 -> 55141.238 | L26: =L25+H26-J26 -> 9184.3862 | M26: 회의실 Table | N26: =N25-J26 -> 465.38621
A27: 4월 24일 | B27: 회의실 Table | D27: 8 | E27: 해외지사비 | I27: =2446-I26 -> 700.01233 | J27: =I27/'통장내역(환율표)'!$D$5 -> 97.666144 | K27: =K26+G27-I27 -> 54441.226 | L27: =L26+H27-J27 -> 9086.7201 | N27: =8719-J27 -> 8621.3339
A28: 4월 24일 | B28: 의자 | D28: 9 | E28: 해외지사비 | I28: 1578 | J28: =I28/'통장내역(환율표)'!$D$5 -> 220.16352 | K28: =K27+G28-I28 -> 52863.226 | L28: =L27+H28-J28 -> 8866.5566 | M28: 의자 | N28: =N27-J28 -> 8401.1703
A29: 4월 24일 | B29: 모니터(3대) | D29: 10 | E29: 해외지사비 | I29: 3747 | J29: =I29/'통장내역(환율표)'!$D$5 -> 522.78371 | K29: =K28+G29-I29 -> 49116.226 | L29: =L28+H29-J29 -> 8343.7728 | M29: 모니터(3대) | N29: =N28-J29 -> 7878.3866
A30: 4월 24일 | B30: Print기 | D30: 11 | E30: 해외지사비 | I30: 3200 | J30: =I30/'통장내역(환율표)'!$D$5 -> 446.46594 | K30: =K29+G30-I30 -> 45916.226 | L30: =L29+H30-J30 -> 7897.3069 | M30: Print기 | N30: =N29-J30 -> 7431.9207
A31: 4월 24일 | B31: 작은 책장 | D31: 12 | E31: 해외지사비 | I31: 345.42 | J31: =I31/'통장내역(환율표)'!$D$5 -> 48.193208 | K31: =K30+G31-I31 -> 45570.806 | L31: =L30+H31-J31 -> 7849.1137 | M31: 작은 책장 | N31: =N30-J31 -> 7383.7275

Sheet 내역_22.05
A1: 5월 전도금 사용 내역 | K1: 100066029
A2: 3/28 송금 환율(1218.3) | E2: 100027949 | G2: 4/10 송금 환율(1,274.6) | K2: 100027950 | L2: 1200000696
A3: 대계정 | B3: 소계정 | C3: 금액 (RMB) | D3: 금액 (USD) | E3: 금액 (KRW) | G3: 대계정 | H3: 소계정 | I3: 금액 (RMB) | J3: 금액 (USD) | K3: 금액 (KRW)
A4: 소모품비 | G4: 소모품비
A5: 업무추진비 | B5: 일반 | F5: 51131050 | G5: 업무추진비 | H5: 일반 | I5: 1449 | J5: 216.18478 | K5: 275543
A6: 여비교통비 | B6: 해외 | F6: 51061030 | G6: 여비교통비 | H6: 해외 | I6: 7166 | J6: 1069.1374 | K6: 1362726
A7: 지급임차료 | B7: 사무실관리 | F7: 51201020 | G7: 지급임차료 | H7: 사무실관리
A8: 지급임차료 | B8: 차량임차료 | F8: 51201030 | G8: 지급임차료 | H8: 차량임차료
A9: 통신비 | B9: 기타 | C9: 1014.56 | D9: 159.85378 | E9: 194745 | F9: 51071700 | G9: 통신비 | H9: 기타 | L9: 89500
A10: 해외지사비 | C10: 44556.572 | D10: 7024.0082 | E10: 8557351 | F10: 51321010 | G10: 해외지사비 | I10: 3625.4877 | J10: 568.90771 | K10: 725133
A11: 보증금
A12: Total | C12: =SUM(C4:C11) -> 45571.132 | D12: =SUM(D4:D11) -> 7183.862 | E12: =SUM(E4:E11) -> 8752096 | F12: 52981010 | G12: Total | I12: =SUM(I4:I10) -> 12240.488 | J12: =SUM(J4:J10) -> 1854.2299 | K12: =SUM(K4:K10) -> 2363402
C13: =C12+I12++O12 -> 57811.62 | D13: =D12+J12++P12 -> 9038.0919 | E13: =E12+K12++Q12 -> 11115498
A14: 보증금 | B14: 13081010 | H14: =SUBTOTAL(9,H17:H47) -> 2487.78 | I14: =SUBTOTAL(9,I17:I55) -> #REF! | J14: =SUBTOTAL(9,J17:J55) -> #REF!
A15: 날짜 | B15: 내역 | D15: 증빙번호 | E15: 대계정 | F15: 소계정 | G15: 입금 | I15: 출금 | K15: 잔액 | M15: 비고
G16: RMB | H16: USD | I16: RMB | J16: USD | K16: RMB | L16: USD
A17: 44681 | B17: 기존 잔고 | K17: 45570.806 | L17: 7183.862 | N17: 7183.862
B18: 4월 환율 차이 | E18: 해외지사비 | J18: 3.6874654 | K18: =K17+G18-I18 -> 45570.806 | L18: =L17+H18-J18 -> 7180.1745 | N18: =N17-J18 -> 7180.1745
B19: 기존통장 5월 외화송금 | G19: 16486.92 | H19: 2487.78 | K19: =K18+G19-I19 -> 62057.726 | L19: =L18+H19-J19 -> 9667.9545
B20: 송금수수료 | E20: 해외지사비 | J20: 28 | K20: =K19+G20-I20 -> 62057.726 | L20: =L19+H20-J20 -> 9639.9545
A21: 44692 | B21: 은행 수수료 | E21: 해외지사비 | I21: 17 | J21: =I21/'통장내역(환율표)'!#REF! -> #REF! | K21: =K20+G21-I21 -> 62040.726 | L21: =L20+H21-J21 -> #REF! | M21: OTP 도구 비용 | N21: =N18-J21 -> #REF!
A22: 44692 | B22: 은행 수수료 | E22: 해외지사비 | I22: 80 | J22: =I22/'통장내역(환율표)'!#REF! -> #REF! | K22: =K21+G22-I22 -> 61960.726 | L22: =L21+H22-J22 -> #REF! | M22: 인증서 | N22: =N21-J22 -> #REF!
A23: 44705 | B23: 주재원 대행 수수료 | D23: 1 | E23: 해외지사비 | I23: 300 | J23: =I23/'통장내역(환율표)'!#REF! -> #REF! | K23: =K22+G23-I23 -> 61660.726 | L23: =L22+H23-J23 -> #REF! | N23: =N22-J23 -> #REF!
A24: 44705 | B24: 주재원 5대보험 | D24: 2 | E24: 해외지사비 | I24: 7703.4 | J24: =I24/'통장내역(환율표)'!#REF! -> #REF! | K24: =K23+G24-I24 -> 53957.326 | L24: =L23+H24-J24 -> #REF! | N24: =N23-J24 -> #REF!
A25: 44705 | B25: 주재원 수당 | D25: 2 | E25: 해외지사비 | I25: 13500 | J25: =I25/'통장내역(환율표)'!#REF! -> #REF! | K25: =K24+G25-I25 -> 40457.326 | L25: =L24+H25-J25 -> #REF! | N25: =N24-J25 -> #REF!
A26: 44705 | B26: 주재원 개인소득세 | D26: 2 | E26: 해외지사비 | I26: 2552.29 | J26: =I26/'통장내역(환율표)'!#REF! -> #REF! | K26: =K25+G26-I26 -> 37905.036 | L26: =L25+H26-J26 -> #REF! | N26: =N25-J26 -> #REF!
A27: 44705 | B27: 주재원 주택 수당 | D27: 2 | E27: 해외지사비 | I27: 20000 | J27: =I27/'통장내역(환율표)'!#REF! -> #REF! | K27: =K26+G27-I27 -> 17905.036 | L27: =L26+H27-J27 -> #REF! | N27: =N26-J27 -> #REF!
A28: 44706 | B28: 은행 수수료 | E28: 해외지사비 | I28: 7.2 | J28: =I28/'통장내역(환율표)'!#REF! -> #REF! | K28: =K27+G28-I28 -> 17897.836 | L28: =L27+H28-J28 -> #REF! | N28: =N27-J28 -> #REF!
A29: 44706 | B29: 통신비 | D29: 3 | E29: 통신비 | F29: 기타 | I29: 500 | J29: =I29/'통장내역(환율표)'!#REF! -> #REF! | K29: =K28+G29-I29 -> 17397.836 | L29: =L28+H29-J29 -> #REF! | N29: =N28-J29 -> #REF!
A30: 44706 | B30: 은행 수수료 | E30: 해외지사비 | I30: 3.6 | J30: =I30/'통장내역(환율표)'!#REF! -> #REF! | K30: =K29+G30-I30 -> 17394.236 | L30: =L29+H30-J30 -> #REF! | N30: =N29-J30 -> #REF!
A31: 44706 | B31: 사무실 Wifi비용(3월) | D31: 4 | E31: 통신비 | F31: 기타 | I31: 115.56 | J31: =I31/'통장내역(환율표)'!#REF! -> #REF! | K31: =K30+G31-I31 -> 17278.676 | L31: =L30+H31-J31 -> #REF! | N31: =N30-J31 -> #REF!
A32: 44706 | B32: 은행 수수료 | E32: 해외지사비 | I32: 3.6 | J32: =I32/'통장내역(환율표)'!#REF! -> #REF! | K32: =K31+G32-I32 -> 17275.076 | L32: =L31+H32-J32 -> #REF! | N32: =N31-J32 -> #REF!
A33: 44706 | B33: 사무실 Wifi비용(4월) | D33: 5 | E33: 통신비 | F33: 기타 | I33: 399 | J33: =I33/'통장내역(환율표)'!#REF! -> #REF! | K33: =K32+G33-I33 -> 16876.076 | L33: =L32+H33-J33 -> #REF! | N33: =N32-J33 -> #REF!
A34: 44706 | B34: 은행 수수료 | E34: 해외지사비 | I34: 3.6 | J34: =I34/'통장내역(환율표)'!#REF! -> #REF! | K34: =K33+G34-I34 -> 16872.476 | L34: =L33+H34-J34 -> #REF! | N34: =N33-J34 -> #REF!
A35: 44706 | B35: 사무실 물/전기/에어컨 비용(4월) | D35: 6 | E35: 해외지사비 | I35: 368.47 | J35: =I35/'통장내역(환율표)'!#REF! -> #REF! | K35: =K34+G35-I35 -> 16504.006 | L35: =L34+H35-J35 -> #REF! | N35: =N34-J35 -> #REF!
A36: 44706 | B36: 은행 수수료 | E36: 해외지사비 | I36: 3.6 | J36: =I36/'통장내역(환율표)'!#REF! -> #REF! | K36: =K35+G36-I36 -> 16500.406 | L36: =L35+H36-J36 -> #REF! | N36: =N35-J36 -> #REF!
A37: 44706 | B37: 사무실 청소비(5월)_3월 환율 | D37: 7 | E37: 해외지사비 | I37: =J37*'통장내역(환율표)'!#REF! -> #REF! | J37: 2.1762563 | K37: =K36+G37-I37 -> #REF! | L37: =L36+H37-J37 -> #REF! | N37: =N36-J37 -> #REF!
A38: 44706 | B38: 사무실 청소비(5월)_5월 환율 | D38: 7 | E38: 해외지사비 | I38: =300-I37 -> #REF! | J38: =I38/'통장내역(환율표)'!#REF! -> #REF! | K38: =K37+G38-I38 -> #REF! | L38: =L37+H38-J38 -> #REF! | N38: =2459.78-J38 -> #REF!
A39: 44706 | B39: 은행 수수료 | E39: 해외지사비 | I39: 3.6 | J39: =I39/'통장내역(환율표)'!#REF! -> #REF! | K39: =K38+G39-I39 -> #REF! | L39: =L38+H39-J39 -> #REF! | N39: =N38-J39 -> #REF!
A40: 44706 | B40: 인터넷 Recruiting비용 | D40: 8 | E40: 해외지사비 | I40: 1674 | J40: =I40/'통장내역(환율표)'!#REF! -> #REF! | K40: =K39+G40-I40 -> #REF! | L40: =L39+H40-J40 -> #REF! | M40: 신규 인력 채용 | N40: =N39-J40 -> #REF!
A41: 44706 | B41: 은행 수수료 | E41: 해외지사비 | I41: 3.6 | J41: =I41/'통장내역(환율표)'!#REF! -> #REF! | K41: =K40+G41-I41 -> #REF! | L41: =L40+H41-J41 -> #REF! | N41: =N40-J41 -> #REF!
A42: 44706 | B42: 사무실 비품 | D42: 9 | E42: 해외지사비 | I42: 550 | J42: =I42/'통장내역(환율표)'!#REF! -> #REF! | K42: =K41+G42-I42 -> #REF! | L42: =L41+H42-J42 -> #REF! | N42: =N41-J42 -> #REF!
A43: 44706 | B43: 은행 수수료 | E43: 해외지사비 | I43: 3.6 | J43: =I43/'통장내역(환율표)'!#REF! -> #REF! | K43: =K42+G43-I43 -> #REF! | L43: =L42+H43-J43 -> #REF! | N43: =N42-J43 -> #REF!
A44: 44706 | B44: CSOT T2, T6 출입증 신청 비용 | D44: 10 | E44: 해외지사비 | I44: 180 | J44: =I44/'통장내역(환율표)'!#REF! -> #REF! | K44: =K43+G44-I44 -> #REF! | L44: =L43+H44-J44 -> #REF! | N44: =N43-J44 -> #REF!
A45: 44706 | B45: 은행 수수료 | E45: 해외지사비 | I45: 3.6 | J45: =I45/'통장내역(환율표)'!#REF! -> #REF! | K45: =K44+G45-I45 -> #REF! | L45: =L44+H45-J45 -> #REF! | N45: =N44-J45 -> #REF!
A46: 44706 | B46: 프린트 비용 및 프린트 설치 비용 | D46: 11 | E46: 해외지사비 | I46: 270 | J46: =I46/'통장내역(환율표)'!#REF! -> #REF! | K46: =K45+G46-I46 -> #REF! | L46: =L45+H46-J46 -> #REF! | N46: =N45-J46 -> #REF!
A47: 44706 | B47: 은행 수수료 | E47: 해외지사비 | I47: 3.6 | J47: =I47/'통장내역(환율표)'!#REF! -> #REF! | K47: =K46+G47-I47 -> #REF! | L47: =L46+H47-J47 -> #REF! | N47: =N46-J47 -> #REF!
A48: 44706 | B48: 택배비 | D48: 12 | E48: 해외지사비 | I48: 632.9 | J48: =I48/'통장내역(환율표)'!#REF! -> #REF! | K48: =K47+G48-I48 -> #REF! | L48: =L47+H48-J48 -> #REF! | N48: =N47-J48 -> #REF!
A49: 44706 | B49: 은행 수수료 | E49: 해외지사비 | I49: 3.6 | J49: =I49/'통장내역(환율표)'!#REF! -> #REF! | K49: =K48+G49-I49 -> #REF! | L49: =L48+H49-J49 -> #REF! | N49: =N48-J49 -> #REF!
A50: 44706 | B50: 업무추진비 | D50: 13 | E50: 업무추진비 | F50: 일반 | I50: 1270 | J50: =I50/'통장내역(환율표)'!#REF! -> #REF! | K50: =K49+G50-I50 -> #REF! | L50: =L49+H50-J50 -> #REF! | N50: =N49-J50 -> #REF!
A51: 44706 | B51: 은행 수수료 | E51: 해외지사비 | I51: 3.6 | J51: =I51/'통장내역(환율표)'!#REF! -> #REF! | K51: =K50+G51-I51 -> #REF! | L51: =L50+H51-J51 -> #REF! | N51: =N50-J51 -> #REF!
A52: 44706 | B52: 시내교통비 | D52: 14 | E52: 여비교통비 | F52: 해외 | I52: 7166 | J52: =I52/'통장내역(환율표)'!#REF! -> #REF! | K52: =K51+G52-I52 -> #REF! | L52: =L51+H52-J52 -> #REF! | N52: =N51-J52 -> #REF!
A53: 44706 | B53: 은행 수수료 | E53: 해외지사비 | I53: 3.6 | J53: =I53/'통장내역(환율표)'!#REF! -> #REF! | K53: =K52+G53-I53 -> #REF! | L53: =L52+H53-J53 -> #REF! | N53: =N52-J53 -> #REF!
A54: 44706 | B54: 업무추진비-csot coffee shop | D54: 15 | E54: 업무추진비 | F54: 일반 | I54: 179 | J54: =I54/'통장내역(환율표)'!#REF! -> #REF! | K54: =K53+G54-I54 -> #REF! | L54: =L53+H54-J54 -> #REF! | N54: =N53-J54 -> #REF!
A55: 44706 | B55: 은행 수수료 | E55: 해외지사비 | I55: 3.6 | J55: =I55/'통장내역(환율표)'!#REF! -> #REF! | K55: =K54+G55-I55 -> #REF! | L55: =L54+H55-J55 -> #REF! | N55: =N54-J55 -> #REF!
I56: 4741.1 | J56: =I56/'통장내역(환율표)'!#REF! -> #REF!
I57: 19440 | J57: =I57/'통장내역(환율표)'!#REF! -> #REF!

Sheet 내역_22.06
A1: 6월 전도금 사용 내역 | K1: 100066029
A2: 5/10 송금 환율(1,274.6) | E2: 100034688 | G2: 6/10 송금 환율(1,257.6) | K2: 100034689 | L2: 1200000696
A3: 대계정 | B3: 소계정 | C3: 금액 (RMB) | D3: 금액 (USD) | E3: 금액 (KRW) | G3: 대계정 | H3: 소계정 | I3: 금액 (RMB) | J3: 금액 (USD) | K3: 금액 (KRW)
A4: 소모품비 | G4: 소모품비
A5: 업무추진비 | B5: 일반 | F5: 51131050 | G5: 업무추진비 | H5: 일반
A6: 여비교통비 | B6: 해외 | F6: 51061030 | G6: 여비교통비 | H6: 해외 | I6: 7533 | J6: 1121.1664 | K6: 1409983
A7: 지급임차료 | B7: 사무실관리 | F7: 51201020 | G7: 지급임차료 | H7: 사무실관리 | I7: 38880 | J7: 5786.6655 | K7: 7277316
A8: 지급임차료 | B8: 차량임차료 | F8: 51201030 | G8: 지급임차료 | H8: 차량임차료 | I8: 16500 | J8: 2455.7608 | K8: 3088364
A9: 통신비 | B9: 기타 | F9: 51071700 | G9: 통신비 | H9: 기타 | I9: 899 | J9: 133.80176 | K9: 168267 | L9: 89500
A10: 해외지사비 | C10: 4266.2623 | D10: 636.50861 | E10: 811296 | F10: 51321010 | G10: 해외지사비 | I10: 73193.058 | J10: 10919.615 | K10: 13732502
A11: 보증금
A12: Total | C12: =SUM(C4:C11) -> 4266.2623 | D12: =SUM(D4:D11) -> 636.50861 | E12: =SUM(E4:E11) -> 811296 | F12: 52981010 | G12: Total | I12: =SUM(I4:I10) -> 137005.06 | J12: =SUM(J4:J10) -> 20417.009 | K12: =SUM(K4:K10) -> 25676432
C13: =C12+I12++O12 -> 141271.32 | D13: =D12+J12++P12 -> 21053.518 | E13: =E12+K12++Q12 -> 26487728
A14: 보증금 | B14: 13081010 | H14: =SUBTOTAL(9,H17:H62) -> #REF! | I14: =SUBTOTAL(9,I17:I62) -> #REF! | J14: =SUBTOTAL(9,J17:J62) -> #REF!
A15: 날짜 | B15: 내역 | D15: 증빙번호 | E15: 대계정 | F15: 소계정 | G15: 입금 | I15: 출금 | K15: 잔액 | M15: 비고
G16: RMB | H16: USD | I16: RMB | J16: USD | K16: RMB | L16: USD
A17: 44712 | B17: 기존 잔고 | K17: 4246.106 | L17: 633.55006 | N17: 633.55006
A18: 44725 | B18: 입금 | D18: 1 | G18: 137726 | H18: 20524.31 | K18: =K17+G18-I18 -> 141972.11 | L18: =L17+H18-J18 -> 21157.86
A19: 44725 | B19: 송금수수료 | E19: 해외지사비 | J19: 26 | K19: =K18+G19-I19 -> 141972.11 | L19: =L18+H19-J19 -> 21131.86
A20: 44733 | B20: 이자 입금 | D20: 2 | E20: 잡이익 | G20: 19.83 | H20: =G20/'통장내역(환율표)'!#REF! -> #REF! | J20: =I20/'통장내역(환율표)'!#REF! -> #REF! | K20: =K19+G20-I20 -> 141991.94 | L20: =L19+H20-J20 -> #REF! | N20: =N17-J20+H20 -> #REF!
A21: 44737 | B21: 주재원 대행 수수료 | D21: 3 | E21: 해외지사비 | I21: 300 | J21: =I21/'통장내역(환율표)'!#REF! -> #REF! | K21: =K20+G21-I21 -> 141691.94 | L21: =L20+H21-J21 -> #REF! | M21: 신순연 | N21: =N20-J21+H21 -> #REF!
A22: 44737 | B22: 주재원 5대보험_5월 | D22: 3 | E22: 해외지사비 | I22: =J22*'통장내역(환율표)'!#REF! -> #REF! | J22: 591.74986 | K22: =K21+G22-I22 -> #REF! | L22: =L21+H22-J22 -> #REF! | M22: 신순연 | N22: =N21-J22+H22 -> #REF!
A23: 44737 | B23: 주재원 5대보험_6월 | D23: 3 | E23: 해외지사비 | I23: =7703.4-I22 -> #REF! | J23: =I23/'통장내역(환율표)'!#REF! -> #REF! | K23: =K22+G23-I23 -> #REF! | L23: =L22+H23-J23 -> #REF! | N23: =20498.31-J23 -> #REF!
A24: 44737 | B24: 주재원 수당 | D24: 3 | E24: 해외지사비 | I24: 13500 | J24: =I24/'통장내역(환율표)'!#REF! -> #REF! | K24: =K23+G24-I24 -> #REF! | L24: =L23+H24-J24 -> #REF! | M24: 신순연 | N24: =N23-J24+H24 -> #REF!
A25: 44737 | B25: 주재원 개인소득세 | D25: 3 | E25: 해외지사비 | I25: 2552.29 | J25: =I25/'통장내역(환율표)'!#REF! -> #REF! | K25: =K24+G25-I25 -> #REF! | L25: =L24+H25-J25 -> #REF! | M25: 신순연 | N25: =N24-J25+H25 -> #REF!
A26: 44737 | B26: 주재원 주택 수당 | D26: 3 | E26: 해외지사비 | I26: 20000 | J26: =I26/'통장내역(환율표)'!#REF! -> #REF! | K26: =K25+G26-I26 -> #REF! | L26: =L25+H26-J26 -> #REF! | M26: 신순연 | N26: =N25-J26+H26 -> #REF!
A27: 44737 | B27: 은행 수수료 | D27: 3 | E27: 해외지사비 | I27: 7.2 | J27: =I27/'통장내역(환율표)'!#REF! -> #REF! | K27: =K26+G27-I27 -> #REF! | L27: =L26+H27-J27 -> #REF! | N27: =N26-J27+H27 -> #REF!
A28: 44737 | B28: 주재원 대행 수수료 | D28: 4 | E28: 해외지사비 | I28: 300 | J28: =I28/'통장내역(환율표)'!#REF! -> #REF! | K28: =K27+G28-I28 -> #REF! | L28: =L27+H28-J28 -> #REF! | M28: 김명관 | N28: =N27-J28+H28 -> #REF!
A29: 44737 | B29: 주재원 개인소득세 | D29: 4 | E29: 해외지사비 | I29: 427.5 | J29: =I29/'통장내역(환율표)'!#REF! -> #REF! | K29: =K28+G29-I29 -> #REF! | L29: =L28+H29-J29 -> #REF! | M29: 김명관 | N29: =N28-J29+H29 -> #REF!
A30: 44737 | B30: 주재원 수당 | D30: 4 | E30: 해외지사비 | I30: 9450 | J30: =I30/'통장내역(환율표)'!#REF! -> #REF! | K30: =K29+G30-I30 -> #REF! | L30: =L29+H30-J30 -> #REF! | M30: 김명관 | N30: =N29-J30+H30 -> #REF!
A31: 44737 | B31: 주재원 주택 수당 | D31: 4 | E31: 해외지사비 | I31: 9800 | J31: =I31/'통장내역(환율표)'!#REF! -> #REF! | K31: =K30+G31-I31 -> #REF! | L31: =L30+H31-J31 -> #REF! | M31: 김명관 | N31: =N30-J31+H31 -> #REF!
A32: 44737 | B32: 은행 수수료 | D32: 4 | E32: 해외지사비 | I32: 7.2 | J32: =I32/'통장내역(환율표)'!#REF! -> #REF! | K32: =K31+G32-I32 -> #REF! | L32: =L31+H32-J32 -> #REF! | N32: =N31-J32+H32 -> #REF!
A33: 44737 | B33: 5월 사무실 Rent비 | D33: 5 | E33: 지급임차료 | F33: 사무실관리 | I33: 19440 | J33: =I33/'통장내역(환율표)'!#REF! -> #REF! | K33: =K32+G33-I33 -> #REF! | L33: =L32+H33-J33 -> #REF! | N33: =N32-J33+H33 -> #REF!
A34: 44737 | B34: 은행 수수료 | D34: 5 | E34: 해외지사비 | I34: 7.2 | J34: =I34/'통장내역(환율표)'!#REF! -> #REF! | K34: =K33+G34-I34 -> #REF! | L34: =L33+H34-J34 -> #REF! | N34: =N33-J34+H34 -> #REF!
A35: 44737 | B35: 6월 사무실 Rent비 | D35: 6 | E35: 지급임차료 | F35: 사무실관리 | I35: 19440 | J35: =I35/'통장내역(환율표)'!#REF! -> #REF! | K35: =K34+G35-I35 -> #REF! | L35: =L34+H35-J35 -> #REF! | N35: =N34-J35+H35 -> #REF!
A36: 44737 | B36: 은행 수수료 | D36: 6 | E36: 해외지사비 | I36: 7.2 | J36: =I36/'통장내역(환율표)'!#REF! -> #REF! | K36: =K35+G36-I36 -> #REF! | L36: =L35+H36-J36 -> #REF! | N36: =N35-J36+H36 -> #REF!
A37: 44737 | B37: 사무실 에어컨 및 전기/물 비용 | D37: 7 | E37: 해외지사비 | I37: 422.63 | J37: =I37/'통장내역(환율표)'!#REF! -> #REF! | K37: =K36+G37-I37 -> #REF! | L37: =L36+H37-J37 -> #REF! | N37: =N36-J37+H37 -> #REF!
A38: 44737 | B38: 은행 수수료 | D38: 7 | E38: 해외지사비 | I38: 3.6 | J38: =I38/'통장내역(환율표)'!#REF! -> #REF! | K38: =K37+G38-I38 -> #REF! | L38: =L37+H38-J38 -> #REF! | N38: =N37-J38+H38 -> #REF!
A39: 44737 | B39: 중연-4.5월 기장비 | D39: 8 | E39: 해외지사비 | I39: 2000 | J39: =I39/'통장내역(환율표)'!#REF! -> #REF! | K39: =K38+G39-I39 -> #REF! | L39: =L38+H39-J39 -> #REF! | N39: =N38-J39+H39 -> #REF!
A40: 44737 | B40: 중연-22년 사무용품비 | D40: 8 | E40: 해외지사비 | I40: 300 | J40: =I40/'통장내역(환율표)'!#REF! -> #REF! | K40: =K39+G40-I40 -> #REF! | L40: =L39+H40-J40 -> #REF! | N40: =N39-J40+H40 -> #REF!
A41: 44737 | B41: 중연-취업비자 | D41: 8 | E41: 해외지사비 | I41: 4000 | J41: =I41/'통장내역(환율표)'!#REF! -> #REF! | K41: =K40+G41-I41 -> #REF! | L41: =L40+H41-J41 -> #REF! | N41: =N40-J41+H41 -> #REF!
A42: 44737 | B42: 중연-세무국방문(세무승인) | D42: 8 | E42: 해외지사비 | I42: 1000 | J42: =I42/'통장내역(환율표)'!#REF! -> #REF! | K42: =K41+G42-I42 -> #REF! | L42: =L41+H42-J42 -> #REF! | N42: =N41-J42+H42 -> #REF!
A43: 44737 | B43: 중연-실비(도장) | D43: 8 | E43: 해외지사비 | I43: 80 | J43: =I43/'통장내역(환율표)'!#REF! -> #REF! | K43: =K42+G43-I43 -> #REF! | L43: =L42+H43-J43 -> #REF! | N43: =N42-J43+H43 -> #REF!
A44: 44737 | B44: 은행 수수료 | D44: 8 | E44: 해외지사비 | I44: 3.6 | J44: =I44/'통장내역(환율표)'!#REF! -> #REF! | K44: =K43+G44-I44 -> #REF! | L44: =L43+H44-J44 -> #REF! | N44: =N43-J44+H44 -> #REF!
A45: 44737 | B45: 2021년 개인소득세 추가 납부(신순연) | D45: 9 | E45: 해외지사비 | I45: 4741.1 | J45: =I45/'통장내역(환율표)'!#REF! -> #REF! | K45: =K44+G45-I45 -> #REF! | L45: =L44+H45-J45 -> #REF! | N45: =N44-J45+H45 -> #REF!
A46: 44737 | B46: 은행 수수료 | D46: 9 | E46: 해외지사비 | I46: 3.6 | J46: =I46/'통장내역(환율표)'!#REF! -> #REF! | K46: =K45+G46-I46 -> #REF! | L46: =L45+H46-J46 -> #REF! | N46: =N45-J46+H46 -> #REF!
A47: 44739 | B47: 차량 Rent비 잘 못 입금 | D47: 통장내역 | J47: =I47/'통장내역(환율표)'!#REF! -> #REF! | K47: =K46+G47-I47 -> #REF! | L47: =L46+H47-J47 -> #REF! | M47: 16,000 수신인 잘못 송금 -> 이후 재입금으로 내용 삭제 하였으나 수수료 발생
A48: 44739 | B48: 은행 수수료 | D48: 통장내역 | E48: 해외지사비 | I48: 7.2 | J48: =I48/'통장내역(환율표)'!#REF! -> #REF! | K48: =K47+G48-I48 -> #REF! | L48: =L47+H48-J48 -> #REF! | N48: =N46-J48+H48 -> #REF!
A49: 44739 | B49: 시내교통비 | D49: 10 | E49: 여비교통비 | F49: 해외 | I49: 7533 | J49: =I49/'통장내역(환율표)'!#REF! -> #REF! | K49: =K48+G49-I49 -> #REF! | L49: =L48+H49-J49 -> #REF! | N49: =N48-J49+H49 -> #REF!
A50: 44739 | B50: 은행 수수료 | D50: 10 | E50: 해외지사비 | I50: 3.6 | J50: =I50/'통장내역(환율표)'!#REF! -> #REF! | K50: =K49+G50-I50 -> #REF! | L50: =L49+H50-J50 -> #REF! | N50: =N49-J50+H50 -> #REF!
A51: 44739 | B51: 사무실운영비 | D51: 11 | E51: 해외지사비 | I51: 114 | J51: =I51/'통장내역(환율표)'!#REF! -> #REF! | K51: =K50+G51-I51 -> #REF! | L51: =L50+H51-J51 -> #REF! | M51: 택배 | N51: =N50-J51+H51 -> #REF!
A52: 44739 | B52: 사무실운영비 | D52: 11 | E52: 해외지사비 | I52: 400 | J52: =I52/'통장내역(환율표)'!#REF! -> #REF! | K52: =K51+G52-I52 -> #REF! | L52: =L51+H52-J52 -> #REF! | M52: 사무비품 | N52: =N51-J52+H52 -> #REF!
A53: 44739 | B53: 사무실운영비 | D53: 11 | E53: 해외지사비 | I53: 300 | J53: =I53/'통장내역(환율표)'!#REF! -> #REF! | K53: =K52+G53-I53 -> #REF! | L53: =L52+H53-J53 -> #REF! | M53: 청소비 | N53: =N52-J53+H53 -> #REF!
A54: 44739 | B54: 은행 수수료 | D54: 11 | E54: 해외지사비 | I54: 3.6 | J54: =I54/'통장내역(환율표)'!#REF! -> #REF! | K54: =K53+G54-I54 -> #REF! | L54: =L53+H54-J54 -> #REF! | N54: =N53-J54+H54 -> #REF!
A55: 44739 | B55: 통신비 | D55: 12 | E55: 통신비 | I55: 500 | J55: =I55/'통장내역(환율표)'!#REF! -> #REF! | K55: =K54+G55-I55 -> #REF! | L55: =L54+H55-J55 -> #REF! | M55: 신순연 | N55: =N54-J55+H55 -> #REF!
A56: 44739 | B56: 통신비 | D56: 12 | E56: 통신비 | I56: 399 | J56: =I56/'통장내역(환율표)'!#REF! -> #REF! | K56: =K55+G56-I56 -> #REF! | L56: =L55+H56-J56 -> #REF! | M56: 사무실 Wifi | N56: =N55-J56+H56 -> #REF!
A57: 44739 | B57: 은행 수수료 | D57: 12 | E57: 해외지사비 | I57: 3.6 | J57: =I57/'통장내역(환율표)'!#REF! -> #REF! | K57: =K56+G57-I57 -> #REF! | L57: =L56+H57-J57 -> #REF! | N57: =N56-J57+H57 -> #REF!
A58: 44739 | B58: 차량 Rent비 잘 못 입금 부분 환금 | D58: 통장내역 | E58: 지급임차료 | F58: 차량임차료 | H58: =G58/'통장내역(환율표)'!#REF! -> #REF! | J58: =I58/'통장내역(환율표)'!#REF! -> #REF! | K58: =K57+G58-I58 -> #REF! | L58: =L57+H58-J58 -> #REF! | M58: 수신인 잘못 송금 내역 입금처리
A59: 44739 | B59: 차량 Rent비 1차 | D59: 13 | E59: 지급임차료 | F59: 차량임차료 | I59: 16000 | J59: =I59/'통장내역(환율표)'!#REF! -> #REF! | K59: =K58+G59-I59 -> #REF! | L59: =L58+H59-J59 -> #REF! | N59: =N57-J59+H59 -> #REF!
A60: 44739 | B60: 은행 수수료 | D60: 13 | E60: 해외지사비 | I60: 7.2 | J60: =I60/'통장내역(환율표)'!#REF! -> #REF! | K60: =K59+G60-I60 -> #REF! | L60: =L59+H60-J60 -> #REF! | N60: =N59-J60+H60 -> #REF!
A61: 44740 | B61: 차량 Rent비 차액 추가 납부 | D61: 14 | E61: 지급임차료 | F61: 차량임차료 | I61: 500 | J61: =I61/'통장내역(환율표)'!#REF! -> #REF! | K61: =K60+G61-I61 -> #REF! | L61: =L60+H61-J61 -> #REF! | M61: 중고차->신차로 계약변경에 따른 차액 납부 | N61: =N60-J61+H61 -> #REF!
A62: 44740 | B62: 은행 수수료 | D62: 14 | E62: 해외지사비 | I62: 3.6 | J62: =I62/'통장내역(환율표)'!#REF! -> #REF! | K62: =K61+G62-I62 -> #REF! | L62: =L61+H62-J62 -> #REF! | N62: =N61-J62+H62 -> #REF!

Sheet 내역_22.07
A1: 7월 전도금 사용 내역 | K1: 100066029
A2: 6/10 송금 환율(1,257.6) | E2: 100041588 | G2: 7/10 송금 환율(1,299.3) | K2: 100041589 | L2: 1200000696
A3: 대계정 | B3: 소계정 | C3: 금액 (RMB) | D3: 금액 (USD) | E3: 금액 (KRW) | G3: 대계정 | H3: 소계정 | I3: 금액 (RMB) | J3: 금액 (USD) | K3: 금액 (KRW)
A4: 소모품비 | G4: 소모품비
A5: 업무추진비 | B5: 일반 | F5: 51131050 | G5: 업무추진비 | H5: 일반 | I5: 4707.69 | J5: 701.44 | K5: 911381 | L5: =K5+E5 -> 911381
A6: 여비교통비 | B6: 해외 | F6: 51061030 | G6: 여비교통비 | H6: 해외 | I6: 28305.6 | J6: 4217.4744 | K6: 5479759 | L6: =K6+E6 -> 5479759
A7: 지급임차료 | B7: 사무실관리 | F7: 51201020 | G7: 지급임차료 | H7: 사무실관리 | I7: 19440 | J7: 2896.5188 | K7: 3763448 | L7: =K7+E7 -> 3763448
A8: 지급임차료 | B8: 차량임차료 | F8: 51201030 | G8: 지급임차료 | H8: 차량임차료 | I8: 16500 | J8: 2458.465 | K8: 3194290 | L8: =K8+E8 -> 3194290
A9: 통신비 | B9: 기타 | F9: 51071700 | G9: 통신비 | H9: 기타 | I9: 1799 | J9: 268.04719 | K9: 348277 | L9: =K9+E9 -> 348277
A10: 해외지사비 | C10: 719.1937 | D10: 107.30071 | E10: 134940 | F10: 51321010 | G10: 해외지사비 | I10: 124976.29 | J10: 18647.202 | K10: 24228307 | L10: =K10+E10 -> 24363247
A11: 보증금 | F11: 13081010 | G11: 보증금 | I11: 28000 | J11: 4171.9406 | K11: 7653455
A12: Total | C12: =SUM(C4:C11) -> 719.1937 | D12: =SUM(D4:D11) -> 107.30071 | E12: =SUM(E4:E11) -> 134940 | F12: 52981010 | G12: Total | I12: =SUM(I4:I11) -> 223728.58 | J12: =SUM(J4:J11) -> 33361.088 | K12: =SUM(K4:K10) -> 37925462
C13: =C12+I12 -> 224447.77 | D13: =D12+J12 -> 33468.388 | E13: =E12+K12 -> 38060402
A14: 보증금 | B14: 13081010 | H14: =SUBTOTAL(9,H17:H74) -> 35786.57 | I14: =SUBTOTAL(9,I17:I75) -> #REF! | J14: =SUBTOTAL(9,J17:J75) -> #REF!
A15: 날짜 | B15: 내역 | D15: 증빙번호 | E15: 대계정 | F15: 소계정 | G15: 입금 | I15: 출금 | K15: 잔액 | M15: 비고
G16: RMB | H16: USD | I16: RMB | J16: USD | K16: RMB | L16: USD
A17: 44742 | B17: 기존 잔고 | K17: 720.61599 | L17: 107.30071 | N17: 107.30071
A18: 44754 | B18: 입금 | D18: 1 | G18: 240007.24 | H18: 35786.57 | K18: =K17+G18-I18 -> 240727.86 | L18: =L17+H18-J18 -> 35893.871 | M18: 입금
A19: 44754 | B19: 송금수수료 | E19: 해외지사비 | J19: 26 | K19: =K18+G19-I19 -> 240727.86 | L19: =L18+H19-J19 -> 35867.871
A20: 44756 | B20: 사무실 운영세금(4,5,6월분 7월 납부)_6월 환율 | D20: 2 | E20: 해외지사비 | I20: =J20*'통장내역(환율표)'!#REF! -> #REF! | J20: 107.30071 | K20: =K19+G20-I20 -> #REF! | L20: =L19+H20-J20 -> 35760.57 | M20: 사무실 운영세금(4,5,6월분 7월 납부)
A21: 44756 | B21: 사무실 운영세금(4,5,6월분 7월 납부)_7월 환율 | D21: 2 | E21: 해외지사비 | I21: =11384.02-I20 -> #REF! | J21: =I21/'통장내역(환율표)'!#REF! -> #REF! | K21: =K20+G21-I21 -> #REF! | L21: =L20+H21-J21 -> #REF! | N21: =35760.57-J21 -> #REF!
A22: 44757 | B22: 주재원 대행 수수료 | D22: 3 | E22: 해외지사비 | I22: 300 | J22: =I22/'통장내역(환율표)'!#REF! -> #REF! | K22: =K21+G22-I22 -> #REF! | L22: =L21+H22-J22 -> #REF! | M22: 신순연 | N22: =N21-J22+H22 -> #REF!
A23: 44757 | B23: 주재원 5대보험 | D23: 3 | E23: 해외지사비 | I23: 7707.43 | J23: =I23/'통장내역(환율표)'!#REF! -> #REF! | K23: =K22+G23-I23 -> #REF! | L23: =L22+H23-J23 -> #REF! | M23: 신순연 | N23: =N22-J23+H23 -> #REF!
A24: 44757 | B24: 주재원 개인소득세 | D24: 3 | E24: 해외지사비 | I24: 4778.34 | J24: =I24/'통장내역(환율표)'!#REF! -> #REF! | K24: =K23+G24-I24 -> #REF! | L24: =L23+H24-J24 -> #REF! | M24: 신순연 | N24: =N23-J24+H24 -> #REF!
A25: 44757 | B25: 주재원 수당 | D25: 3 | E25: 해외지사비 | I25: 13500 | J25: =I25/'통장내역(환율표)'!#REF! -> #REF! | K25: =K24+G25-I25 -> #REF! | L25: =L24+H25-J25 -> #REF! | M25: 신순연 | N25: =N24-J25+H25 -> #REF!
A26: 44757 | B26: 주재원 주택 수당 | D26: 3 | E26: 해외지사비 | I26: 20000 | J26: =I26/'통장내역(환율표)'!#REF! -> #REF! | K26: =K25+G26-I26 -> #REF! | L26: =L25+H26-J26 -> #REF! | M26: 신순연 | N26: =N25-J26+H26 -> #REF!
A27: 44757 | B27: 주재원 대행 수수료 | D27: 3 | E27: 해외지사비 | I27: 300 | J27: =I27/'통장내역(환율표)'!#REF! -> #REF! | K27: =K26+G27-I27 -> #REF! | L27: =L26+H27-J27 -> #REF! | M27: 김명관 | N27: =N26-J27+H27 -> #REF!
A28: 44757 | B28: 주재원 5대보험 | D28: 3 | E28: 해외지사비 | I28: 634.29 | J28: =I28/'통장내역(환율표)'!#REF! -> #REF! | K28: =K27+G28-I28 -> #REF! | L28: =L27+H28-J28 -> #REF! | M28: 김명관 | N28: =N27-J28+H28 -> #REF!
A29: 44757 | B29: 주재원 개인소득세 | D29: 3 | E29: 해외지사비 | I29: 4332.43 | J29: =I29/'통장내역(환율표)'!#REF! -> #REF! | K29: =K28+G29-I29 -> #REF! | L29: =L28+H29-J29 -> #REF! | M29: 김명관 | N29: =N28-J29+H29 -> #REF!
A30: 44757 | B30: 주재원 수당 | D30: 3 | E30: 해외지사비 | I30: 13500 | J30: =I30/'통장내역(환율표)'!#REF! -> #REF! | K30: =K29+G30-I30 -> #REF! | L30: =L29+H30-J30 -> #REF! | M30: 김명관 | N30: =N29-J30+H30 -> #REF!
A31: 44757 | B31: 주재원 주택 수당 | D31: 3 | E31: 해외지사비 | I31: 14000 | J31: =I31/'통장내역(환율표)'!#REF! -> #REF! | K31: =K30+G31-I31 -> #REF! | L31: =L30+H31-J31 -> #REF! | M31: 김명관 | N31: =N30-J31+H31 -> #REF!
A32: 44757 | B32: 주재원 대행 수수료 | D32: 3 | E32: 해외지사비 | I32: 300 | J32: =I32/'통장내역(환율표)'!#REF! -> #REF! | K32: =K31+G32-I32 -> #REF! | L32: =L31+H32-J32 -> #REF! | M32: 현채인 | N32: =N31-J32+H32 -> #REF!
A33: 44757 | B33: 주재원 5대보험 | D33: 3 | E33: 해외지사비 | I33: 501.68 | J33: =I33/'통장내역(환율표)'!#REF! -> #REF! | K33: =K32+G33-I33 -> #REF! | L33: =L32+H33-J33 -> #REF! | M33: 현채인 | N33: =N32-J33+H33 -> #REF!
... A35: 44757 | B35: 주재원 수당 | D35: 3 | E35: 해외지사비 | I35: 21220.91 | J35: =I35/'통장내역(환율표)'!#REF! -> #REF! | K35: =K34+G35-I35 -> #REF! | L35: =L34+H35-J35 -> #REF! | M35: 현채인 | N35: =N34-J35+H35 -> #REF!
A36: 44757 | B36: 은행수수료 | D36: 3 | E36: 해외지사비 | I36: 12 | J36: =I36/'통장내역(환율표)'!#REF! -> #REF! | K36: =K35+G36-I36 -> #REF! | L36: =L35+H36-J36 -> #REF! | N36: =N35-J36+H36 -> #REF!
A37: 44757 | B37: 주재원 주택 Deposit 2개월 분(김명관) | D37: 4 | E37: 보증금 | I37: 28000 | J37: =I37/'통장내역(환율표)'!#REF! -> #REF! | K37: =K36+G37-I37 -> #REF! | L37: =L36+H37-J37 -> #REF! | M37: 주재원 주택 Deposit 2개월 분(김명관) 영수증 Scan본상 계산 잘못 됨. (14000x2+7.2=28007.2) | N37: =N36-J37+H37 -> #REF!
A38: 44757 | B38: 은행수수료 | D38: 4 | E38: 해외지사비 | I38: 7.2 | J38: =I38/'통장내역(환율표)'!#REF! -> #REF! | K38: =K37+G38-I38 -> #REF! | L38: =L37+H38-J38 -> #REF! | N38: =N37-J38+H38 -> #REF!
A39: 44760 | B39: 사무실 에어컨 및 전기/물 비용 | D39: 5 | E39: 해외지사비 | I39: 548.35 | J39: =I39/'통장내역(환율표)'!#REF! -> #REF! | K39: =K38+G39-I39 -> #REF! | L39: =L38+H39-J39 -> #REF! | M39: 사무실 에어컨 및 전기/물 비용 | N39: =N38-J39+H39 -> #REF!
A40: 44760 | B40: 은행수수료 | D40: 5 | E40: 해외지사비 | I40: 3.6 | J40: =I40/'통장내역(환율표)'!#REF! -> #REF! | K40: =K39+G40-I40 -> #REF! | L40: =L39+H40-J40 -> #REF! | N40: =N39-J40+H40 -> #REF!
A41: 44760 | B41: 김명관책임 건강검진 | D41: 6 | E41: 해외지사비 | I41: 717.1 | J41: =I41/'통장내역(환율표)'!#REF! -> #REF! | K41: =K40+G41-I41 -> #REF! | L41: =L40+H41-J41 -> #REF! | N41: =N40-J41+H41 -> #REF!
A42: 44760 | B42: 김명관책임 비자발급 | D42: 6 | E42: 해외지사비 | I42: 800 | J42: =I42/'통장내역(환율표)'!#REF! -> #REF! | K42: =K41+G42-I42 -> #REF! | L42: =L41+H42-J42 -> #REF! | N42: =N41-J42+H42 -> #REF!
A43: 44760 | B43: 은행수수료 | D43: 6 | E43: 해외지사비 | I43: 3.6 | J43: =I43/'통장내역(환율표)'!#REF! -> #REF! | K43: =K42+G43-I43 -> #REF! | L43: =L42+H43-J43 -> #REF! | N43: =N42-J43+H43 -> #REF!
A44: 44760 | B44: 주차비 | D44: 7 | E44: 여비교통비 | I44: 930 | J44: =I44/'통장내역(환율표)'!#REF! -> #REF! | K44: =K43+G44-I44 -> #REF! | L44: =L43+H44-J44 -> #REF! | N44: =N43-J44+H44 -> #REF!
A45: 44760 | B45: 주유비 | D45: 7 | E45: 여비교통비 | I45: 1531.19 | J45: =I45/'통장내역(환율표)'!#REF! -> #REF! | K45: =K44+G45-I45 -> #REF! | L45: =L44+H45-J45 -> #REF! | N45: =N44-J45+H45 -> #REF!
A46: 44760 | B46: 톨비 | D46: 7 | E46: 여비교통비 | I46: 19 | J46: =I46/'통장내역(환율표)'!#REF! -> #REF! | K46: =K45+G46-I46 -> #REF! | L46: =L45+H46-J46 -> #REF! | N46: =N45-J46+H46 -> #REF!
A47: 44760 | B47: 은행수수료 | D47: 7 | E47: 해외지사비 | I47: 3.6 | J47: =I47/'통장내역(환율표)'!#REF! -> #REF! | K47: =K46+G47-I47 -> #REF! | L47: =L46+H47-J47 -> #REF! | N47: =N46-J47+H47 -> #REF!
A48: 44760 | B48: 사무실 운영비(T2/T6출입증 신청, 사무비품 등) | D48: 8 | E48: 해외지사비 | I48: 641.49 | J48: =I48/'통장내역(환율표)'!#REF! -> #REF! | K48: =K47+G48-I48 -> #REF! | L48: =L47+H48-J48 -> #REF! | M48: 사무실 운영비(T2/T6출입증 신청, 사무비품 등) | N48: =N47-J48+H48 -> #REF!
A49: 44760 | B49: 은행수수료 | D49: 8 | E49: 해외지사비 | I49: 3.6 | J49: =I49/'통장내역(환율표)'!#REF! -> #REF! | K49: =K48+G49-I49 -> #REF! | L49: =L48+H49-J49 -> #REF! | N49: =N48-J49+H49 -> #REF!
A50: 44760 | B50: 시내교통비(pan shi qiang) | D50: 9 | E50: 여비교통비 | I50: 415.08 | J50: =I50/'통장내역(환율표)'!#REF! -> #REF! | K50: =K49+G50-I50 -> #REF! | L50: =L49+H50-J50 -> #REF! | M50: 시내교통비(pan shi qiang) | N50: =N49-J50+H50 -> #REF!
A51: 44760 | B51: 은행수수료 | D51: 9 | E51: 해외지사비 | I51: 3.6 | J51: =I51/'통장내역(환율표)'!#REF! -> #REF! | K51: =K50+G51-I51 -> #REF! | L51: =L50+H51-J51 -> #REF! | N51: =N50-J51+H51 -> #REF!
A52: 44760 | B52: 사무실운영비(명함) | D52: 10 | E52: 해외지사비 | I52: 320 | J52: =I52/'통장내역(환율표)'!#REF! -> #REF! | K52: =K51+G52-I52 -> #REF! | L52: =L51+H52-J52 -> #REF! | N52: =N51-J52+H52 -> #REF!
A53: 44760 | B53: 사무실운영비(택배비) | D53: 10 | E53: 해외지사비 | I53: 131 | J53: =I53/'통장내역(환율표)'!#REF! -> #REF! | K53: =K52+G53-I53 -> #REF! | L53: =L52+H53-J53 -> #REF! | N53: =N52-J53+H53 -> #REF!
A54: 44760 | B54: 사무실운영비(청소비) | D54: 10 | E54: 해외지사비 | I54: 300 | J54: =I54/'통장내역(환율표)'!#REF! -> #REF! | K54: =K53+G54-I54 -> #REF! | L54: =L53+H54-J54 -> #REF! | N54: =N53-J54+H54 -> #REF!
A55: 44760 | B55: 사무실 운영비(print설치비) | D55: 10 | E55: 해외지사비 | I55: 150 | J55: =I55/'통장내역(환율표)'!#REF! -> #REF! | K55: =K54+G55-I55 -> #REF! | L55: =L54+H55-J55 -> #REF! | N55: =N54-J55+H55 -> #REF!
A56: 44760 | B56: 은행수수료 | D56: 10 | E56: 해외지사비 | I56: 3.6 | J56: =I56/'통장내역(환율표)'!#REF! -> #REF! | K56: =K55+G56-I56 -> #REF! | L56: =L55+H56-J56 -> #REF! | N56: =N55-J56+H56 -> #REF!
A57: 44760 | B57: 통신비(신순연) | D57: 11 | E57: 통신비 | F57: 기타 | I57: 500 | J57: =I57/'통장내역(환율표)'!#REF! -> #REF! | K57: =K56+G57-I57 -> #REF! | L57: =L56+H57-J57 -> #REF! | N57: =N56-J57+H57 -> #REF!
A58: 44760 | B58: 통신비(사무실 wifi비) | D58: 11 | E58: 통신비 | F58: 기타 | I58: 399 | J58: =I58/'통장내역(환율표)'!#REF! -> #REF! | K58: =K57+G58-I58 -> #REF! | L58: =L57+H58-J58 -> #REF! | N58: =N57-J58+H58 -> #REF!
A59: 44760 | B59: 은행수수료 | D59: 11 | E59: 해외지사비 | I59: 3.6 | J59: =I59/'통장내역(환율표)'!#REF! -> #REF! | K59: =K58+G59-I59 -> #REF! | L59: =L58+H59-J59 -> #REF! | N59: =N58-J59+H59 -> #REF!
A60: 44760 | B60: 업무추진비 | D60: 12 | E60: 업무추진비 | F60: 일반 | I60: 983 | J60: 146.47 | K60: =K59+G60-I60 -> #REF! | L60: =L59+H60-J60 -> #REF! | M60: 업무추진비 | N60: =N59-J60+H60 -> #REF!
A61: 44760 | B61: 은행수수료 | D61: 12 | E61: 해외지사비 | I61: 3.6 | J61: =I61/'통장내역(환율표)'!#REF! -> #REF! | K61: =K60+G61-I61 -> #REF! | L61: =L60+H61-J61 -> #REF! | N61: =N60-J61+H61 -> #REF!
A62: 44760 | B62: 시내교통비(신순연) | D62: 13 | E62: 여비교통비 | I62: 1260.42 | J62: =I62/'통장내역(환율표)'!#REF! -> #REF! | K62: =K61+G62-I62 -> #REF! | L62: =L61+H62-J62 -> #REF! | M62: 시내교통비(신순연) | N62: =N61-J62+H62 -> #REF!
A63: 44760 | B63: 은행수수료 | D63: 13 | E63: 해외지사비 | I63: 3.6 | J63: =I63/'통장내역(환율표)'!#REF! -> #REF! | K63: =K62+G63-I63 -> #REF! | L63: =L62+H63-J63 -> #REF! | N63: =N62-J63+H63 -> #REF!
A64: 44760 | B64: 사무실 임대료 | D64: 14 | E64: 지급임차료 | F64: 사무실관리 | I64: 19440 | J64: =I64/'통장내역(환율표)'!#REF! -> #REF! | K64: =K63+G64-I64 -> #REF! | L64: =L63+H64-J64 -> #REF! | M64: 사무실 임대료 | N64: =N63-J64+H64 -> #REF!
A65: 44760 | B65: 은행수수료 | D65: 14 | E65: 해외지사비 | I65: 7.2 | J65: =I65/'통장내역(환율표)'!#REF! -> #REF! | K65: =K64+G65-I65 -> #REF! | L65: =L64+H65-J65 -> #REF! | N65: =N64-J65+H65 -> #REF!
A66: 44760 | B66: 차량 Rent비 | D66: 15 | E66: 지급임차료 | F66: 차량임차료 | I66: 16500 | J66: =I66/'통장내역(환율표)'!#REF! -> #REF! | K66: =K65+G66-I66 -> #REF! | L66: =L65+H66-J66 -> #REF! | M66: 차량 Rent비 | N66: =N65-J66+H66 -> #REF!
A67: 44760 | B67: 은행수수료 | D67: 15 | E67: 해외지사비 | I67: 7.2 | J67: =I67/'통장내역(환율표)'!#REF! -> #REF! | K67: =K66+G67-I67 -> #REF! | L67: =L66+H67-J67 -> #REF! | N67: =N66-J67+H67 -> #REF!
A68: 44760 | B68: 세무대행비 | D68: 16 | E68: 해외지사비 | I68: 1000 | J68: =I68/'통장내역(환율표)'!#REF! -> #REF! | K68: =K67+G68-I68 -> #REF! | L68: =L67+H68-J68 -> #REF! | M68: 세무대행비 | N68: =N67-J68+H68 -> #REF!
A69: 44760 | B69: 은행수수료 | D69: 16 | E69: 해외지사비 | I69: 3.6 | J69: =I69/'통장내역(환율표)'!#REF! -> #REF! | K69: =K68+G69-I69 -> #REF! | L69: =L68+H69-J69 -> #REF! | N69: =N68-J69+H69 -> #REF!
A70: 44760 | B70: 김명관 통신비 | D70: 17 | E70: 통신비 | F70: 기타 | I70: 900 | J70: =I70/'통장내역(환율표)'!#REF! -> #REF! | K70: =K69+G70-I70 -> #REF! | L70: =L69+H70-J70 -> #REF! | M70: 김명관 통신비 | N70: =N69-J70+H70 -> #REF!
A71: 44760 | B71: 은행수수료 | D71: 17 | E71: 해외지사비 | I71: 3.6 | J71: =I71/'통장내역(환율표)'!#REF! -> #REF! | K71: =K70+G71-I71 -> #REF! | L71: =L70+H71-J71 -> #REF! | N71: =N70-J71+H71 -> #REF!
A72: 44760 | B72: 업무추진비(6월분) | D72: 18 | E72: 업무추진비 | F72: 일반 | I72: 3724.69 | J72: =I72/'통장내역(환율표)'!#REF! -> #REF! | K72: =K71+G72-I72 -> #REF! | L72: =L71+H72-J72 -> #REF! | M72: 업무추진비(6월분) | N72: =N71-J72+H72 -> #REF!
A73: 44760 | B73: 은행수수료 | D73: 18 | E73: 해외지사비 | I73: 3.6 | J73: =I73/'통장내역(환율표)'!#REF! -> #REF! | K73: =K72+G73-I73 -> #REF! | L73: =L72+H73-J73 -> #REF! | N73: =N72-J73+H73 -> #REF!
A74: 44763 | B74: 여비교통비(김명관 책임 7월 호텔 투숙비) | D74: 19 | E74: 여비교통비 | I74: 24149.91 | J74: =I74/'통장내역(환율표)'!#REF! -> #REF! | K74: =K73+G74-I74 -> #REF! | L74: =L73+H74-J74 -> #REF! | M74: 여비교통비(김명관 책임 7월 호텔 투숙비) | N74: =N73-J74+H74 -> #REF!
A75: 44763 | B75: 은행수수료 | D75: 19 | E75: 해외지사비 | I75: 7.2 | J75: =I75/'통장내역(환율표)'!#REF! -> #REF! | K75: =K74+G75-I75 -> #REF! | L75: =L74+H75-J75 -> #REF! | N75: =N74-J75+H75 -> #REF!

Sheet 내역_22.07 (수정)
A1: 7월 전도금 사용 내역 | K1: 100066029
A2: 6/10 송금 환율(1,257.6) | E2: 100041588 | G2: 7/10 송금 환율(1,299.3) | K2: 100041589 | L2: 1200000696
A3: 대계정 | B3: 소계정 | C3: 금액 (RMB) | D3: 금액 (USD) | E3: 금액 (KRW) | G3: 대계정 | H3: 소계정 | I3: 금액 (RMB) | J3: 금액 (USD) | K3: 금액 (KRW)
A4: 소모품비 | G4: 소모품비
A5: 업무추진비 | B5: 일반 | F5: 51131050 | G5: 업무추진비 | H5: 일반 | I5: 4707.69 | J5: 701.44 | K5: 911381 | L5: =K5+E5 -> 911381
A6: 여비교통비 | B6: 해외 | F6: 51061030 | G6: 여비교통비 | H6: 해외 | I6: 28305.6 | J6: 4217.4744 | K6: 5479759 | L6: =K6+E6 -> 5479759
A7: 지급임차료 | B7: 사무실관리 | F7: 51201020 | G7: 지급임차료 | H7: 사무실관리 | I7: 19440 | J7: 2896.5188 | K7: 3763448 | L7: =K7+E7 -> 3763448
A8: 지급임차료 | B8: 차량임차료 | F8: 51201030 | G8: 지급임차료 | H8: 차량임차료 | I8: 16500 | J8: 2458.465 | K8: 3194290 | L8: =K8+E8 -> 3194290
A9: 통신비 | B9: 기타 | F9: 51071700 | G9: 통신비 | H9: 기타 | I9: 1799 | J9: 268.04719 | K9: 348277 | L9: =K9+E9 -> 348277
A10: 해외지사비 | C10: 719.1937 | D10: 107.30071 | E10: 134940 | F10: 51321010 | G10: 해외지사비 | I10: 124976.29 | J10: 18647.202 | K10: 24228307 | L10: =K10+E10 -> 24363247
A11: 보증금 | F11: 13081010 | G11: 보증금 | I11: 28000 | J11: 4171.9406
A12: Total | C12: =SUM(C4:C11) -> 719.1937 | D12: =SUM(D4:D11) -> 107.30071 | E12: =SUM(E4:E11) -> 134940 | F12: 52981010 | G12: Total | I12: =SUM(I4:I11) -> 223728.58 | J12: =SUM(J4:J11) -> 33361.088 | K12: =SUM(K4:K10) -> 37925462
C13: =C12+I12 -> 224447.77 | D13: =D12+J12 -> 33468.388 | E13: =E12+K12 -> 38060402
A14: 보증금 | B14: 13081010 | H14: =SUBTOTAL(9,H17:H74) -> 35786.57 | I14: =SUBTOTAL(9,I17:I75) -> #REF! | J14: =SUBTOTAL(9,J17:J75) -> #REF!
A15: 날짜 | B15: 내역 | D15: 증빙번호 | E15: 대계정 | F15: 소계정 | G15: 입금 | I15: 출금 | K15: 잔액 | M15: 비고
G16: RMB | H16: USD | I16: RMB | J16: USD | K16: RMB | L16: USD
A17: 44742 | B17: 기존 잔고 | K17: 720.61599 | L17: 107.30071 | N17: 107.30071
A18: 44754 | B18: 입금 | D18: 1 | G18: 240007.24 | H18: 35786.57 | K18: =K17+G18-I18 -> 240727.86 | L18: =L17+H18-J18 -> 35893.871 | M18: 입금
A19: 44754 | B19: 송금수수료 | E19: 해외지사비 | J19: 26 | K19: =K18+G19-I19 -> 240727.86 | L19: =L18+H19-J19 -> 35867.871
A20: 44756 | B20: 사무실 운영세금(4,5,6월분 7월 납부)_6월 환율 | D20: 2 | E20: 해외지사비 | I20: =J20*'통장내역(환율표)'!#REF! -> #REF! | J20: 107.30071 | K20: =K19+G20-I20 -> #REF! | L20: =L19+H20-J20 -> 35760.57 | M20: 사무실 운영세금(4,5,6월분 7월 납부)
A21: 44756 | B21: 사무실 운영세금(4,5,6월분 7월 납부)_7월 환율 | D21: 2 | E21: 해외지사비 | I21: =11384.02-I20 -> #REF! | J21: =I21/'통장내역(환율표)'!#REF! -> #REF! | K21: =K20+G21-I21 -> #REF! | L21: =L20+H21-J21 -> #REF! | N21: =35760.57-J21 -> #REF!
A22: 44757 | B22: 주재원 대행 수수료 | D22: 3 | E22: 해외지사비 | I22: 300 | J22: =I22/'통장내역(환율표)'!#REF! -> #REF! | K22: =K21+G22-I22 -> #REF! | L22: =L21+H22-J22 -> #REF! | M22: 신순연 | N22: =N21-J22+H22 -> #REF!
A23: 44757 | B23: 주재원 5대보험 | D23: 3 | E23: 해외지사비 | I23: 7707.43 | J23: =I23/'통장내역(환율표)'!#REF! -> #REF! | K23: =K22+G23-I23 -> #REF! | L23: =L22+H23-J23 -> #REF! | M23: 신순연 | N23: =N22-J23+H23 -> #REF!
A24: 44757 | B24: 주재원 개인소득세 | D24: 3 | E24: 해외지사비 | I24: 4778.34 | J24: =I24/'통장내역(환율표)'!#REF! -> #REF! | K24: =K23+G24-I24 -> #REF! | L24: =L23+H24-J24 -> #REF! | M24: 신순연 | N24: =N23-J24+H24 -> #REF!
A25: 44757 | B25: 주재원 수당 | D25: 3 | E25: 해외지사비 | I25: 13500 | J25: =I25/'통장내역(환율표)'!#REF! -> #REF! | K25: =K24+G25-I25 -> #REF! | L25: =L24+H25-J25 -> #REF! | M25: 신순연 | N25: =N24-J25+H25 -> #REF!
A26: 44757 | B26: 주재원 주택 수당 | D26: 3 | E26: 해외지사비 | I26: 20000 | J26: =I26/'통장내역(환율표)'!#REF! -> #REF! | K26: =K25+G26-I26 -> #REF! | L26: =L25+H26-J26 -> #REF! | M26: 신순연 | N26: =N25-J26+H26 -> #REF!
A27: 44757 | B27: 주재원 대행 수수료 | D27: 3 | E27: 해외지사비 | I27: 300 | J27: =I27/'통장내역(환율표)'!#REF! -> #REF! | K27: =K26+G27-I27 -> #REF! | L27: =L26+H27-J27 -> #REF! | M27: 김명관 | N27: =N26-J27+H27 -> #REF!
A28: 44757 | B28: 주재원 5대보험 | D28: 3 | E28: 해외지사비 | I28: 634.29 | J28: =I28/'통장내역(환율표)'!#REF! -> #REF! | K28: =K27+G28-I28 -> #REF! | L28: =L27+H28-J28 -> #REF! | M28: 김명관 | N28: =N27-J28+H28 -> #REF!
A29: 44757 | B29: 주재원 개인소득세 | D29: 3 | E29: 해외지사비 | I29: 4332.43 | J29: =I29/'통장내역(환율표)'!#REF! -> #REF! | K29: =K28+G29-I29 -> #REF! | L29: =L28+H29-J29 -> #REF! | M29: 김명관 | N29: =N28-J29+H29 -> #REF!
A30: 44757 | B30: 주재원 수당 | D30: 3 | E30: 해외지사비 | I30: 13500 | J30: =I30/'통장내역(환율표)'!#REF! -> #REF! | K30: =K29+G30-I30 -> #REF! | L30: =L29+H30-J30 -> #REF! | M30: 김명관 | N30: =N29-J30+H30 -> #REF!
A31: 44757 | B31: 주재원 주택 수당 | D31: 3 | E31: 해외지사비 | I31: 14000 | J31: =I31/'통장내역(환율표)'!#REF! -> #REF! | K31: =K30+G31-I31 -> #REF! | L31: =L30+H31-J31 -> #REF! | M31: 김명관 | N31: =N30-J31+H31 -> #REF!
A32: 44757 | B32: 주재원 대행 수수료 | D32: 3 | E32: 해외지사비 | I32: 300 | J32: =I32/'통장내역(환율표)'!#REF! -> #REF! | K32: =K31+G32-I32 -> #REF! | L32: =L31+H32-J32 -> #REF! | M32: 현채인 | N32: =N31-J32+H32 -> #REF!
A33: 44757 | B33: 주재원 5대보험 | D33: 3 | E33: 해외지사비 | I33: 501.68 | J33: =I33/'통장내역(환율표)'!#REF! -> #REF! | K33: =K32+G33-I33 -> #REF! | L33: =L32+H33-J33 -> #REF! | M33: 현채인 | N33: =N32-J33+H33 -> #REF!
... A35: 44757 | B35: 주재원 수당 | D35: 3 | E35: 해외지사비 | I35: 21220.91 | J35: =I35/'통장내역(환율표)'!#REF! -> #REF! | K35: =K34+G35-I35 -> #REF! | L35: =L34+H35-J35 -> #REF! | M35: 현채인 | N35: =N34-J35+H35 -> #REF!
A36: 44757 | B36: 은행수수료 | D36: 3 | E36: 해외지사비 | I36: 12 | J36: =I36/'통장내역(환율표)'!#REF! -> #REF! | K36: =K35+G36-I36 -> #REF! | L36: =L35+H36-J36 -> #REF! | N36: =N35-J36+H36 -> #REF!
A37: 44757 | B37: 주재원 주택 Deposit 2개월 분(김명관) | D37: 4 | E37: 보증금 | I37: 28000 | J37: =I37/'통장내역(환율표)'!#REF! -> #REF! | K37: =K36+G37-I37 -> #REF! | L37: =L36+H37-J37 -> #REF! | M37: 주재원 주택 Deposit 2개월 분(김명관) 영수증 Scan본상 계산 잘못 됨. (14000x2+7.2=28007.2) | N37: =N36-J37+H37 -> #REF!
A38: 44757 | B38: 은행수수료 | D38: 4 | E38: 해외지사비 | I38: 7.2 | J38: =I38/'통장내역(환율표)'!#REF! -> #REF! | K38: =K37+G38-I38 -> #REF! | L38: =L37+H38-J38 -> #REF! | N38: =N37-J38+H38 -> #REF!
A39: 44760 | B39: 사무실 에어컨 및 전기/물 비용 | D39: 5 | E39: 해외지사비 | I39: 548.35 | J39: =I39/'통장내역(환율표)'!#REF! -> #REF! | K39: =K38+G39-I39 -> #REF! | L39: =L38+H39-J39 -> #REF! | M39: 사무실 에어컨 및 전기/물 비용 | N39: =N38-J39+H39 -> #REF!
A40: 44760 | B40: 은행수수료 | D40: 5 | E40: 해외지사비 | I40: 3.6 | J40: =I40/'통장내역(환율표)'!#REF! -> #REF! | K40: =K39+G40-I40 -> #REF! | L40: =L39+H40-J40 -> #REF! | N40: =N39-J40+H40 -> #REF!
A41: 44760 | B41: 김명관책임 건강검진 | D41: 6 | E41: 해외지사비 | I41: 717.1 | J41: =I41/'통장내역(환율표)'!#REF! -> #REF! | K41: =K40+G41-I41 -> #REF! | L41: =L40+H41-J41 -> #REF! | N41: =N40-J41+H41 -> #REF!
A42: 44760 | B42: 김명관책임 비자발급 | D42: 6 | E42: 해외지사비 | I42: 800 | J42: =I42/'통장내역(환율표)'!#REF! -> #REF! | K42: =K41+G42-I42 -> #REF! | L42: =L41+H42-J42 -> #REF! | N42: =N41-J42+H42 -> #REF!
A43: 44760 | B43: 은행수수료 | D43: 6 | E43: 해외지사비 | I43: 3.6 | J43: =I43/'통장내역(환율표)'!#REF! -> #REF! | K43: =K42+G43-I43 -> #REF! | L43: =L42+H43-J43 -> #REF! | N43: =N42-J43+H43 -> #REF!
A44: 44760 | B44: 주차비 | D44: 7 | E44: 여비교통비 | I44: 930 | J44: =I44/'통장내역(환율표)'!#REF! -> #REF! | K44: =K43+G44-I44 -> #REF! | L44: =L43+H44-J44 -> #REF! | N44: =N43-J44+H44 -> #REF!
A45: 44760 | B45: 주유비 | D45: 7 | E45: 여비교통비 | I45: 1531.19 | J45: =I45/'통장내역(환율표)'!#REF! -> #REF! | K45: =K44+G45-I45 -> #REF! | L45: =L44+H45-J45 -> #REF! | N45: =N44-J45+H45 -> #REF!
A46: 44760 | B46: 톨비 | D46: 7 | E46: 여비교통비 | I46: 19 | J46: =I46/'통장내역(환율표)'!#REF! -> #REF! | K46: =K45+G46-I46 -> #REF! | L46: =L45+H46-J46 -> #REF! | N46: =N45-J46+H46 -> #REF!
A47: 44760 | B47: 은행수수료 | D47: 7 | E47: 해외지사비 | I47: 3.6 | J47: =I47/'통장내역(환율표)'!#REF! -> #REF! | K47: =K46+G47-I47 -> #REF! | L47: =L46+H47-J47 -> #REF! | N47: =N46-J47+H47 -> #REF!
A48: 44760 | B48: 사무실 운영비(T2/T6출입증 신청, 사무비품 등) | D48: 8 | E48: 해외지사비 | I48: 641.49 | J48: =I48/'통장내역(환율표)'!#REF! -> #REF! | K48: =K47+G48-I48 -> #REF! | L48: =L47+H48-J48 -> #REF! | M48: 사무실 운영비(T2/T6출입증 신청, 사무비품 등) | N48: =N47-J48+H48 -> #REF!
A49: 44760 | B49: 은행수수료 | D49: 8 | E49: 해외지사비 | I49: 3.6 | J49: =I49/'통장내역(환율표)'!#REF! -> #REF! | K49: =K48+G49-I49 -> #REF! | L49: =L48+H49-J49 -> #REF! | N49: =N48-J49+H49 -> #REF!
A50: 44760 | B50: 시내교통비(pan shi qiang) | D50: 9 | E50: 여비교통비 | I50: 415.08 | J50: =I50/'통장내역(환율표)'!#REF! -> #REF! | K50: =K49+G50-I50 -> #REF! | L50: =L49+H50-J50 -> #REF! | M50: 시내교통비(pan shi qiang) | N50: =N49-J50+H50 -> #REF!
A51: 44760 | B51: 은행수수료 | D51: 9 | E51: 해외지사비 | I51: 3.6 | J51: =I51/'통장내역(환율표)'!#REF! -> #REF! | K51: =K50+G51-I51 -> #REF! | L51: =L50+H51-J51 -> #REF! | N51: =N50-J51+H51 -> #REF!
A52: 44760 | B52: 사무실운영비(명함) | D52: 10 | E52: 해외지사비 | I52: 320 | J52: =I52/'통장내역(환율표)'!#REF! -> #REF! | K52: =K51+G52-I52 -> #REF! | L52: =L51+H52-J52 -> #REF! | N52: =N51-J52+H52 -> #REF!
A53: 44760 | B53: 사무실운영비(택배비) | D53: 10 | E53: 해외지사비 | I53: 131 | J53: =I53/'통장내역(환율표)'!#REF! -> #REF! | K53: =K52+G53-I53 -> #REF! | L53: =L52+H53-J53 -> #REF! | N53: =N52-J53+H53 -> #REF!
A54: 44760 | B54: 사무실운영비(청소비) | D54: 10 | E54: 해외지사비 | I54: 300 | J54: =I54/'통장내역(환율표)'!#REF! -> #REF! | K54: =K53+G54-I54 -> #REF! | L54: =L53+H54-J54 -> #REF! | N54: =N53-J54+H54 -> #REF!
A55: 44760 | B55: 사무실 운영비(print설치비) | D55: 10 | E55: 해외지사비 | I55: 150 | J55: =I55/'통장내역(환율표)'!#REF! -> #REF! | K55: =K54+G55-I55 -> #REF! | L55: =L54+H55-J55 -> #REF! | N55: =N54-J55+H55 -> #REF!
A56: 44760 | B56: 은행수수료 | D56: 10 | E56: 해외지사비 | I56: 3.6 | J56: =I56/'통장내역(환율표)'!#REF! -> #REF! | K56: =K55+G56-I56 -> #REF! | L56: =L55+H56-J56 -> #REF! | N56: =N55-J56+H56 -> #REF!
A57: 44760 | B57: 통신비(신순연) | D57: 11 | E57: 통신비 | F57: 기타 | I57: 500 | J57: =I57/'통장내역(환율표)'!#REF! -> #REF! | K57: =K56+G57-I57 -> #REF! | L57: =L56+H57-J57 -> #REF! | N57: =N56-J57+H57 -> #REF!
A58: 44760 | B58: 통신비(사무실 wifi비) | D58: 11 | E58: 통신비 | F58: 기타 | I58: 399 | J58: =I58/'통장내역(환율표)'!#REF! -> #REF! | K58: =K57+G58-I58 -> #REF! | L58: =L57+H58-J58 -> #REF! | N58: =N57-J58+H58 -> #REF!
A59: 44760 | B59: 은행수수료 | D59: 11 | E59: 해외지사비 | I59: 3.6 | J59: =I59/'통장내역(환율표)'!#REF! -> #REF! | K59: =K58+G59-I59 -> #REF! | L59: =L58+H59-J59 -> #REF! | N59: =N58-J59+H59 -> #REF!
A60: 44760 | B60: 업무추진비 | D60: 12 | E60: 업무추진비 | F60: 일반 | I60: 983 | J60: 146.47 | K60: =K59+G60-I60 -> #REF! | L60: =L59+H60-J60 -> #REF! | M60: 업무추진비 | N60: =N59-J60+H60 -> #REF!
A61: 44760 | B61: 은행수수료 | D61: 12 | E61: 해외지사비 | I61: 3.6 | J61: =I61/'통장내역(환율표)'!#REF! -> #REF! | K61: =K60+G61-I61 -> #REF! | L61: =L60+H61-J61 -> #REF! | N61: =N60-J61+H61 -> #REF!
A62: 44760 | B62: 시내교통비(신순연) | D62: 13 | E62: 여비교통비 | I62: 1260.42 | J62: =I62/'통장내역(환율표)'!#REF! -> #REF! | K62: =K61+G62-I62 -> #REF! | L62: =L61+H62-J62 -> #REF! | M62: 시내교통비(신순연) | N62: =N61-J62+H62 -> #REF!
A63: 44760 | B63: 은행수수료 | D63: 13 | E63: 해외지사비 | I63: 3.6 | J63: =I63/'통장내역(환율표)'!#REF! -> #REF! | K63: =K62+G63-I63 -> #REF! | L63: =L62+H63-J63 -> #REF! | N63: =N62-J63+H63 -> #REF!
A64: 44760 | B64: 사무실 임대료 | D64: 14 | E64: 지급임차료 | F64: 사무실관리 | I64: 19440 | J64: =I64/'통장내역(환율표)'!#REF! -> #REF! | K64: =K63+G64-I64 -> #REF! | L64: =L63+H64-J64 -> #REF! | M64: 사무실 임대료 | N64: =N63-J64+H64 -> #REF!
A65: 44760 | B65: 은행수수료 | D65: 14 | E65: 해외지사비 | I65: 7.2 | J65: =I65/'통장내역(환율표)'!#REF! -> #REF! | K65: =K64+G65-I65 -> #REF! | L65: =L64+H65-J65 -> #REF! | N65: =N64-J65+H65 -> #REF!
A66: 44760 | B66: 차량 Rent비 | D66: 15 | E66: 지급임차료 | F66: 차량임차료 | I66: 16500 | J66: =I66/'통장내역(환율표)'!#REF! -> #REF! | K66: =K65+G66-I66 -> #REF! | L66: =L65+H66-J66 -> #REF! | M66: 차량 Rent비 | N66: =N65-J66+H66 -> #REF!
A67: 44760 | B67: 은행수수료 | D67: 15 | E67: 해외지사비 | I67: 7.2 | J67: =I67/'통장내역(환율표)'!#REF! -> #REF! | K67: =K66+G67-I67 -> #REF! | L67: =L66+H67-J67 -> #REF! | N67: =N66-J67+H67 -> #REF!
A68: 44760 | B68: 세무대행비 | D68: 16 | E68: 해외지사비 | I68: 1000 | J68: =I68/'통장내역(환율표)'!#REF! -> #REF! | K68: =K67+G68-I68 -> #REF! | L68: =L67+H68-J68 -> #REF! | M68: 세무대행비 | N68: =N67-J68+H68 -> #REF!
A69: 44760 | B69: 은행수수료 | D69: 16 | E69: 해외지사비 | I69: 3.6 | J69: =I69/'통장내역(환율표)'!#REF! -> #REF! | K69: =K68+G69-I69 -> #REF! | L69: =L68+H69-J69 -> #REF! | N69: =N68-J69+H69 -> #REF!
A70: 44760 | B70: 김명관 통신비 | D70: 17 | E70: 통신비 | F70: 기타 | I70: 900 | J70: =I70/'통장내역(환율표)'!#REF! -> #REF! | K70: =K69+G70-I70 -> #REF! | L70: =L69+H70-J70 -> #REF! | M70: 김명관 통신비 | N70: =N69-J70+H70 -> #REF!
A71: 44760 | B71: 은행수수료 | D71: 17 | E71: 해외지사비 | I71: 3.6 | J71: =I71/'통장내역(환율표)'!#REF! -> #REF! | K71: =K70+G71-I71 -> #REF! | L71: =L70+H71-J71 -> #REF! | N71: =N70-J71+H71 -> #REF!
A72: 44760 | B72: 업무추진비(6월분) | D72: 18 | E72: 업무추진비 | F72: 일반 | I72: 3724.69 | J72: =I72/'통장내역(환율표)'!#REF! -> #REF! | K72: =K71+G72-I72 -> #REF! | L72: =L71+H72-J72 -> #REF! | M72: 업무추진비(6월분) | N72: =N71-J72+H72 -> #REF!
A73: 44760 | B73: 은행수수료 | D73: 18 | E73: 해외지사비 | I73: 3.6 | J73: =I73/'통장내역(환율표)'!#REF! -> #REF! | K73: =K72+G73-I73 -> #REF! | L73: =L72+H73-J73 -> #REF! | N73: =N72-J73+H73 -> #REF!
A74: 44763 | B74: 여비교통비(김명관 책임 7월 호텔 투숙비) | D74: 19 | E74: 여비교통비 | I74: 24149.91 | J74: =I74/'통장내역(환율표)'!#REF! -> #REF! | K74: =K73+G74-I74 -> #REF! | L74: =L73+H74-J74 -> #REF! | M74: 여비교통비(김명관 책임 7월 호텔 투숙비) | N74: =N73-J74+H74 -> #REF!
A75: 44763 | B75: 은행수수료 | D75: 19 | E75: 해외지사비 | I75: 7.2 | J75: =I75/'통장내역(환율표)'!#REF! -> #REF! | K75: =K74+G75-I75 -> #REF! | L75: =L74+H75-J75 -> #REF! | N75: =N74-J75+H75 -> #REF!

Sheet 내역_22.08
A1: 8월 전도금 사용 내역 | K1: 100066029
A2: 7/10 송금 환율(1,299.3) | E2: 100048802 | G2: 8/10 송금 환율(1305.1) | K2: 100048803 | L2: 1200000696
A3: 대계정 | B3: 소계정 | C3: 금액 (RMB) | D3: 금액 (USD) | E3: 금액 (KRW) | G3: 대계정 | H3: 소계정 | I3: 금액 (RMB) | J3: 금액 (USD) | K3: 금액 (KRW)
A4: 소모품비 | G4: 소모품비
A5: 업무추진비 | B5: 일반 | F5: 51131050 | G5: 업무추진비 | H5: 일반 | I5: 3453 | J5: 513.94055 | K5: 670743 | L5: =K5+E5 -> 670743
A6: 여비교통비 | B6: 해외 | F6: 51061030 | G6: 여비교통비 | H6: 해외 | I6: 12434.15 | J6: 1850.6846 | K6: 2415322 | L6: =K6+E6 -> 2415322
A7: 지급임차료 | B7: 사무실관리 | F7: 51201020 | G7: 지급임차료 | H7: 사무실관리 | I7: 19440 | J7: 2893.4273 | K7: 3776215 | L7: =K7+E7 -> 3776215
A8: 지급임차료 | B8: 차량임차료 | F8: 51201030 | G8: 지급임차료 | H8: 차량임차료 | I8: 16500 | J8: 2455.841 | K8: 3205117 | L8: =K8+E8 -> 3205117
A9: 통신비 | B9: 기타 | F9: 51071700 | G9: 통신비 | H9: 기타 | I9: 997.6 | J9: 148.48164 | K9: 193781 | L9: =K9+E9 -> 193781
A10: 해외지사비 | C10: 16280.375 | D10: 2425.7413 | E10: 3151764 | F10: 51321010 | G10: 해외지사비 | I10: 105948.8 | J10: 15795.297 | K10: 20614446 | L10: =K10+E10 -> 23766210
A11: 보증금 | F11: 13081010 | G11: 보증금
A12: Total | C12: =SUM(C4:C11) -> 16280.375 | D12: =SUM(D4:D11) -> 2425.7413 | E12: =SUM(E4:E11) -> 3151764 | F12: 52981010 | G12: Total | I12: =SUM(I4:I11) -> 158773.55 | J12: =SUM(J4:J11) -> 23657.672 | K12: =SUM(K4:K10) -> 30875624
C13: =C12+I12 -> 175053.92 | D13: =D12+J12 -> 26083.413 | E13: =E12+K12 -> 34027388 | K13: 16280.086 | L13: 2425.7418
A14: 보증금 | B14: 13081010 | H14: =SUBTOTAL(9,H17:H67) -> 23964.2 | I14: =SUBTOTAL(9,I17:I67) -> #REF! | J14: =SUBTOTAL(9,J17:J67) -> #REF!
A15: 날짜 | B15: 내역 | D15: 증빙번호 | E15: 대계정 | F15: 소계정 | G15: 입금 | I15: 출금 | K15: 잔액 | M15: 비고
G16: RMB | H16: USD | I16: RMB | J16: USD | K16: RMB | L16: USD
A17: 44742 | B17: 기존 잔고 | E17: 잡이익 | K17: 16280.086 | L17: 2425.4813 | N17: 2425.4813
B18: 7월 환율 차이 | E18: 해외지사비 | H18: 0.26 | K18: =K17+G18-I18 -> 16280.086 | L18: =L17+H18-J18 -> 2425.7413 | N18: =N17-J18+H18 -> 2425.7413
A19: 44784 | B19: 입금 | D19: 1 | G19: 160831.26 | H19: 23963.94 | K19: =K18+G19-I19 -> 177111.35 | L19: =L18+H19-J19 -> 26389.681 | M19: 입금
A20: 44784 | B20: 송금수수료 | E20: 해외지사비 | J20: 26 | K20: =K19+G20-I20 -> 177111.35 | L20: =L19+H20-J20 -> 26363.681
A21: 44793 | B21: 주재원 대행 수수료 | D21: 2 | E21: 해외지사비 | I21: 300 | J21: =I21/'통장내역(환율표)'!#REF! -> #REF! | K21: =K20+G21-I21 -> 176811.35 | L21: =L20+H21-J21 -> #REF! | M21: 신순연 | N21: =N18-J21+H21 -> #REF!
A22: 44793 | B22: 주재원 5대보험 | D22: 2 | E22: 해외지사비 | I22: 7707.43 | J22: =I22/'통장내역(환율표)'!#REF! -> #REF! | K22: =K21+G22-I22 -> 169103.92 | L22: =L21+H22-J22 -> #REF! | M22: 신순연 | N22: =N21-J22+H22 -> #REF!
A23: 44793 | B23: 주재원 개인소득세 | D23: 2 | E23: 해외지사비 | I23: 5104.58 | J23: =I23/'통장내역(환율표)'!#REF! -> #REF! | K23: =K22+G23-I23 -> 163999.34 | L23: =L22+H23-J23 -> #REF! | M23: 신순연 | N23: =N22-J23+H23 -> #REF!
A24: 44793 | B24: 주재원 수당_7월 | D24: 2 | E24: 해외지사비 | I24: =J24*'통장내역(환율표)'!#REF! -> #REF! | J24: 472.0796 | K24: =K23+G24-I24 -> #REF! | L24: =L23+H24-J24 -> #REF! | M24: 신순연 | N24: =N23-J24 -> #REF!
A25: 44793 | B25: 주재원 수당_8월 | D25: 2 | E25: 해외지사비 | I25: =13500-I24 -> #REF! | J25: =I25/'통장내역(환율표)'!#REF! -> #REF! | K25: =K24+G25-I25 -> #REF! | L25: =L24+H25-J25 -> #REF! | N25: =23937.94-J25 -> #REF!
A26: 44793 | B26: 주재원 주택 수당 | D26: 2 | E26: 해외지사비 | I26: 20000 | J26: =I26/'통장내역(환율표)'!#REF! -> #REF! | K26: =K25+G26-I26 -> #REF! | L26: =L25+H26-J26 -> #REF! | M26: 신순연 | N26: =N25-J26 -> #REF!
A27: 44793 | B27: 주재원 대행 수수료 | D27: 2 | E27: 해외지사비 | I27: 300 | J27: =I27/'통장내역(환율표)'!#REF! -> #REF! | K27: =K26+G27-I27 -> #REF! | L27: =L26+H27-J27 -> #REF! | M27: 김명관 | N27: =N26-J27 -> #REF!
A28: 44793 | B28: 주재원 5대보험 | D28: 2 | E28: 해외지사비 | I28: 4332.43 | J28: =I28/'통장내역(환율표)'!#REF! -> #REF! | K28: =K27+G28-I28 -> #REF! | L28: =L27+H28-J28 -> #REF! | M28: 김명관 | N28: =N27-J28 -> #REF!
A29: 44793 | B29: 주재원 개인소득세 | D29: 2 | E29: 해외지사비 | I29: 2071.79 | J29: =I29/'통장내역(환율표)'!#REF! -> #REF! | K29: =K28+G29-I29 -> #REF! | L29: =L28+H29-J29 -> #REF! | M29: 김명관 | N29: =N28-J29 -> #REF!
A30: 44793 | B30: 주재원 수당 | D30: 2 | E30: 해외지사비 | I30: 13500 | J30: =I30/'통장내역(환율표)'!#REF! -> #REF! | K30: =K29+G30-I30 -> #REF! | L30: =L29+H30-J30 -> #REF! | M30: 김명관 | N30: =N29-J30 -> #REF!
A31: 44793 | B31: 주재원 주택 수당 | D31: 2 | E31: 해외지사비 | I31: 14000 | J31: =I31/'통장내역(환율표)'!#REF! -> #REF! | K31: =K30+G31-I31 -> #REF! | L31: =L30+H31-J31 -> #REF! | M31: 김명관 | N31: =N30-J31 -> #REF!
A32: 44793 | B32: 주재원 대행 수수료 | D32: 2 | E32: 해외지사비 | I32: 300 | J32: =I32/'통장내역(환율표)'!#REF! -> #REF! | K32: =K31+G32-I32 -> #REF! | L32: =L31+H32-J32 -> #REF! | M32: 현채인 | N32: =N31-J32 -> #REF!
A33: 44793 | B33: 주재원 5대보험 | D33: 2 | E33: 해외지사비 | I33: 8544.44 | J33: =I33/'통장내역(환율표)'!#REF! -> #REF! | K33: =K32+G33-I33 -> #REF! | L33: =L32+H33-J33 -> #REF! | M33: 현채인 | N33: =N32-J33 -> #REF!
A34: 44793 | B34: 주재원 개인소득세 | D34: 2 | E34: 해외지사비 | I34: 501.68 | J34: =I34/'통장내역(환율표)'!#REF! -> #REF! | K34: =K33+G34-I34 -> #REF! | L34: =L33+H34-J34 -> #REF! | M34: 현채인 | N34: =N33-J34 -> #REF!
A35: 44793 | B35: 주재원 수당 | D35: 2 | E35: 해외지사비 | I35: 21220.91 | J35: =I35/'통장내역(환율표)'!#REF! -> #REF! | K35: =K34+G35-I35 -> #REF! | L35: =L34+H35-J35 -> #REF! | M35: 현채인 | N35: =N34-J35 -> #REF!
A36: 44793 | B36: 은행수수료 | D36: 2 | E36: 해외지사비 | I36: 12 | J36: =I36/'통장내역(환율표)'!#REF! -> #REF! | K36: =K35+G36-I36 -> #REF! | L36: =L35+H36-J36 -> #REF! | N36: =N35-J36 -> #REF!
A37: 44793 | B37: 사무실 임대료 | D37: 3 | E37: 지급임차료 | F37: 사무실관리 | I37: 19440 | J37: =I37/'통장내역(환율표)'!#REF! -> #REF! | K37: =K36+G37-I37 -> #REF! | L37: =L36+H37-J37 -> #REF! | M37: 사무실 임대료 | N37: =N36-J37 -> #REF!
A38: 44793 | B38: 은행수수료 | D38: 3 | E38: 해외지사비 | I38: 7.2 | J38: =I38/'통장내역(환율표)'!#REF! -> #REF! | K38: =K37+G38-I38 -> #REF! | L38: =L37+H38-J38 -> #REF! | N38: =N37-J38 -> #REF!
A39: 44793 | B39: 차량 Rent비 | D39: 4 | E39: 지급임차료 | F39: 차량임차료 | I39: 16500 | J39: =I39/'통장내역(환율표)'!#REF! -> #REF! | K39: =K38+G39-I39 -> #REF! | L39: =L38+H39-J39 -> #REF! | M39: 차량 Rent비 | N39: =N38-J39 -> #REF!
A40: 44793 | B40: 은행수수료 | D40: 4 | E40: 해외지사비 | I40: 7.2 | J40: =I40/'통장내역(환율표)'!#REF! -> #REF! | K40: =K39+G40-I40 -> #REF! | L40: =L39+H40-J40 -> #REF! | N40: =N39-J40 -> #REF!
A41: 44793 | B41: 세무대행비 | D41: 5 | E41: 해외지사비 | I41: 1000 | J41: =I41/'통장내역(환율표)'!#REF! -> #REF! | K41: =K40+G41-I41 -> #REF! | L41: =L40+H41-J41 -> #REF! | M41: 세무대행비 | N41: =N40-J41 -> #REF!
A42: 44793 | B42: 은행수수료 | D42: 5 | E42: 해외지사비 | I42: 3.6 | J42: =I42/'통장내역(환율표)'!#REF! -> #REF! | K42: =K41+G42-I42 -> #REF! | L42: =L41+H42-J42 -> #REF! | N42: =N41-J42 -> #REF!
A43: 44793 | B43: 사무실 에어컨 및 전기/물 비용 | D43: 6 | E43: 해외지사비 | I43: 1311.13 | J43: =I43/'통장내역(환율표)'!#REF! -> #REF! | K43: =K42+G43-I43 -> #REF! | L43: =L42+H43-J43 -> #REF! | M43: 사무실 에어컨 및 전기/물 비용 | N43: =N42-J43 -> #REF!
A44: 44793 | B44: 은행수수료 | D44: 6 | E44: 해외지사비 | I44: 3.6 | J44: =I44/'통장내역(환율표)'!#REF! -> #REF! | K44: =K43+G44-I44 -> #REF! | L44: =L43+H44-J44 -> #REF! | N44: =N43-J44 -> #REF!
A45: 44793 | B45: 주차비,주유비, 톨비 | D45: 7 | E45: 여비교통비 | F45: 해외 | I45: 2967 | J45: =I45/'통장내역(환율표)'!#REF! -> #REF! | K45: =K44+G45-I45 -> #REF! | L45: =L44+H45-J45 -> #REF! | M45: 주차비 900, 주유비 2,063, 톨비 4 | N45: =N44-J45 -> #REF!
A46: 44793 | B46: 은행수수료 | D46: 7 | E46: 해외지사비 | I46: 3.6 | J46: =I46/'통장내역(환율표)'!#REF! -> #REF! | K46: =K45+G46-I46 -> #REF! | L46: =L45+H46-J46 -> #REF! | N46: =N45-J46 -> #REF!
A47: 44793 | B47: 업무추진비 | D47: 8 | E47: 업무추진비 | F47: 일반 | I47: 3340 | J47: =I47/'통장내역(환율표)'!#REF! -> #REF! | K47: =K46+G47-I47 -> #REF! | L47: =L46+H47-J47 -> #REF! | M47: 업무추진비 | N47: =N46-J47 -> #REF!
A48: 44793 | B48: 은행수수료 | D48: 8 | E48: 해외지사비 | I48: 3.6 | J48: =I48/'통장내역(환율표)'!#REF! -> #REF! | K48: =K47+G48-I48 -> #REF! | L48: =L47+H48-J48 -> #REF! | N48: =N47-J48 -> #REF!
A49: 44793 | B49: 여비교통비(김명관책임 HKC출장 건) | D49: 9 | E49: 여비교통비 | F49: 해외 | I49: 4279.06 | J49: =I49/'통장내역(환율표)'!#REF! -> #REF! | K49: =K48+G49-I49 -> #REF! | L49: =L48+H49-J49 -> #REF! | M49: 여비교통비(김명관책임 HKC출장 건) | N49: =N48-J49 -> #REF!
A50: 44793 | B50: 은행수수료 | D50: 9 | E50: 해외지사비 | I50: 3.6 | J50: =I50/'통장내역(환율표)'!#REF! -> #REF! | K50: =K49+G50-I50 -> #REF! | L50: =L49+H50-J50 -> #REF! | N50: =N49-J50 -> #REF!
A51: 44793 | B51: 주택 중계비(김명관 책임) | D51: 10 | E51: 해외지사비 | I51: 7150 | J51: =I51/'통장내역(환율표)'!#REF! -> #REF! | K51: =K50+G51-I51 -> #REF! | L51: =L50+H51-J51 -> #REF! | M51: 주택 중계비(김명관 책임) | N51: =N50-J51 -> #REF!
A52: 44793 | B52: 은행수수료 | D52: 10 | E52: 해외지사비 | I52: 3.6 | J52: =I52/'통장내역(환율표)'!#REF! -> #REF! | K52: =K51+G52-I52 -> #REF! | L52: =L51+H52-J52 -> #REF! | N52: =N51-J52 -> #REF!
A53: 44793 | B53: 시내교통비(판스챵 책임) | D53: 11 | E53: 여비교통비 | F53: 해외 | I53: 1683.08 | J53: =I53/'통장내역(환율표)'!#REF! -> #REF! | K53: =K52+G53-I53 -> #REF! | L53: =L52+H53-J53 -> #REF! | M53: 시내교통비(판스챵 책임) | N53: =N52-J53 -> #REF!
A54: 44793 | B54: 은행수수료 | D54: 11 | E54: 해외지사비 | I54: 3.6 | J54: =I54/'통장내역(환율표)'!#REF! -> #REF! | K54: =K53+G54-I54 -> #REF! | L54: =L53+H54-J54 -> #REF! | N54: =N53-J54 -> #REF!
A55: 44793 | B55: 택배비(판스챵 책임) | D55: 12 | E55: 해외지사비 | I55: 530 | J55: =I55/'통장내역(환율표)'!#REF! -> #REF! | K55: =K54+G55-I55 -> #REF! | L55: =L54+H55-J55 -> #REF! | M55: 택배비(판스챵 책임) | N55: =N54-J55 -> #REF!
A56: 44793 | B56: 은행수수료 | D56: 12 | E56: 해외지사비 | I56: 3.6 | J56: =I56/'통장내역(환율표)'!#REF! -> #REF! | K56: =K55+G56-I56 -> #REF! | L56: =L55+H56-J56 -> #REF! | N56: =N55-J56 -> #REF!
A57: 44793 | B57: 통신비(판스챵 책임) | D57: 13 | E57: 통신비 | F57: 기타 | I57: 98.6 | J57: =I57/'통장내역(환율표)'!#REF! -> #REF! | K57: =K56+G57-I57 -> #REF! | L57: =L56+H57-J57 -> #REF! | M57: 통신비(판스챵 책임) | N57: =N56-J57 -> #REF!
A58: 44793 | B58: 은행수수료 | D58: 13 | E58: 해외지사비 | I58: 3.6 | J58: =I58/'통장내역(환율표)'!#REF! -> #REF! | K58: =K57+G58-I58 -> #REF! | L58: =L57+H58-J58 -> #REF! | N58: =N57-J58 -> #REF!
A59: 44793 | B59: 통신비(신순연) | D59: 14 | E59: 통신비 | F59: 기타 | I59: 500 | J59: =I59/'통장내역(환율표)'!#REF! -> #REF! | K59: =K58+G59-I59 -> #REF! | L59: =L58+H59-J59 -> #REF! | M59: 신순연 통신비 | N59: =N58-J59 -> #REF!
A60: 44793 | B60: 통신비(사무실 wifi비) | D60: 14 | E60: 통신비 | F60: 기타 | I60: 399 | J60: =I60/'통장내역(환율표)'!#REF! -> #REF! | K60: =K59+G60-I60 -> #REF! | L60: =L59+H60-J60 -> #REF! | N60: =N59-J60 -> #REF!
A61: 44793 | B61: 은행수수료 | D61: 14 | E61: 해외지사비 | I61: 3.6 | J61: =I61/'통장내역(환율표)'!#REF! -> #REF! | K61: =K60+G61-I61 -> #REF! | L61: =L60+H61-J61 -> #REF! | N61: =N60-J61 -> #REF!
A62: 44793 | B62: 사무실 운영비(Print&Scan, 택배, 청소, 생수7월분 등) | D62: 15 | E62: 해외지사비 | I62: 781.58 | J62: =I62/'통장내역(환율표)'!#REF! -> #REF! | K62: =K61+G62-I62 -> #REF! | L62: =L61+H62-J62 -> #REF! | M62: 사무실 운영비(Print&Scan, 택배, 청소, 생수7월분 등) | N62: =N61-J62 -> #REF!
A63: 44793 | B63: 은행수수료 | D63: 15 | E63: 해외지사비 | I63: 3.6 | J63: =I63/'통장내역(환율표)'!#REF! -> #REF! | K63: =K62+G63-I63 -> #REF! | L63: =L62+H63-J63 -> #REF! | N63: =N62-J63 -> #REF!
A64: 44793 | B64: 업무추진비 | D64: 16 | E64: 업무추진비 | F64: 일반 | I64: 113 | J64: =I64/'통장내역(환율표)'!#REF! -> #REF! | K64: =K63+G64-I64 -> #REF! | L64: =L63+H64-J64 -> #REF! | M64: 업무추진비 | N64: =N63-J64 -> #REF!
A65: 44793 | B65: 은행수수료 | D65: 16 | E65: 해외지사비 | I65: 3.6 | J65: =I65/'통장내역(환율표)'!#REF! -> #REF! | K65: =K64+G65-I65 -> #REF! | L65: =L64+H65-J65 -> #REF! | N65: =N64-J65 -> #REF!
A66: 44793 | B66: 여비교통비(김명관책임 ESWIN출장 건) | D66: 17 | E66: 여비교통비 | F66: 해외 | I66: 3505.01 | J66: =I66/'통장내역(환율표)'!#REF! -> #REF! | K66: =K65+G66-I66 -> #REF! | L66: =L65+H66-J66 -> #REF! | M66: 여비교통비(김명관책임 ESWIN출장 건) | N66: =N65-J66 -> #REF!
A67: 44793 | B67: 은행수수료 | D67: 17 | E67: 해외지사비 | I67: 3.6 | J67: =I67/'통장내역(환율표)'!#REF! -> #REF! | K67: =K66+G67-I67 -> #REF! | L67: =L66+H67-J67 -> #REF! | N67: =N66-J67 -> #REF!

Sheet 내역_22.09
A1: 9월 전도금 사용 내역 | K1: 100066029
A2: 8/10 송금 환율(1305.1) | E2: 100055945 | G2: 9/10 송금 환율(1381.2) | K2: 100055946 | L2: 1200000696
A3: 대계정 | B3: 소계정 | C3: 금액 (RMB) | D3: 금액 (USD) | E3: 금액 (KRW) | G3: 대계정 | H3: 소계정 | I3: 금액 (RMB) | J3: 금액 (USD) | K3: 금액 (KRW)
A4: 소모품비 | G4: 소모품비
A5: 업무추진비 | B5: 일반 | F5: 51131050 | G5: 업무추진비 | H5: 일반 | I5: 8344 | J5: 1201.9334 | K5: 1660106 | L5: =K5+E5 -> 1660106
A6: 여비교통비 | B6: 해외 | F6: 51061030 | G6: 여비교통비 | H6: 해외 | I6: 4939.87 | J6: 711.57652 | K6: 982834 | L6: =K6+E6 -> 982834
A7: 지급임차료 | B7: 사무실관리 | C7: 2057.7146 | D7: 306.26787 | E7: 399713 | F7: 51201020 | G7: 지급임차료 | H7: 사무실관리 | I7: 17382.285 | J7: 2503.8769 | K7: 3458359 | L7: =K7+E7 -> 3858072
A8: 지급임차료 | B8: 차량임차료 | F8: 51201030 | G8: 지급임차료 | H8: 차량임차료 | I8: 10500 | J8: 1512.5 | K8: 2089065 | L8: =K8+E8 -> 2089065
A9: 통신비 | B9: 기타 | F9: 51071700 | G9: 통신비 | H9: 기타 | I9: 297.5 | J9: 42.854167 | K9: 59184 | L9: =K9+E9 -> 59184
A10: 해외지사비 | F10: 51321010 | G10: 해외지사비 | I10: 123243.54 | J10: 17778.939 | K10: 24556272 | L10: =K10+E10 -> 24556272
A11: 보증금 | F11: 13081010 | G11: 보증금
A12: Total | C12: =SUM(C4:C11) -> 2057.7146 | D12: =SUM(D4:D11) -> 306.26787 | E12: =SUM(E4:E11) -> 399713 | F12: 52981010 | G12: Total | I12: =SUM(I4:I11) -> 164707.2 | J12: =SUM(J4:J11) -> 23751.68 | K12: =SUM(K4:K10) -> 32805820
C13: =C12+I12 -> 166764.91 | D13: =D12+J12 -> 24057.948 | E13: =E12+K12 -> 33205533 | K13: 16280.086 | L13: 2425.7418
A14: 보증금 | B14: 13081010 | H14: =SUBTOTAL(9,H17:H62) -> #REF! | I14: =SUBTOTAL(9,I17:I62) -> #REF! | J14: =SUBTOTAL(9,J17:J62) -> #REF!
A15: 날짜 | B15: 내역 | D15: 증빙번호 | E15: 대계정 | F15: 소계정 | G15: 입금 | I15: 출금 | K15: 잔액 | M15: 비고
G16: RMB | H16: USD | I16: RMB | J16: USD | K16: RMB | L16: USD
A17: 44804 | B17: 기존 잔고 | K17: 2057.426 | L17: 306.26787 | N17: 306.26787
A18: 44818 | B18: 입금 | D18: 1 | G18: 196035.17 | H18: 28264.4 | K18: =K17+G18-I18 -> 198092.6 | L18: =L17+H18-J18 -> 28570.668 | M18: 입금
A19: 44818 | B19: 송금수수료 | E19: 해외지사비 | J19: 26 | K19: =K18+G19-I19 -> 198092.6 | L19: =L18+H19-J19 -> 28544.668
A20: 44823 | B20: 사무실 임대료_8월 | D20: 3 | E20: 지급임차료 | F20: 사무실임차 | I20: =J20*'통장내역(환율표)'!#REF! -> #REF! | J20: 306.26787 | K20: =K19+G20-I20 -> #REF! | L20: =L19+H20-J20 -> 28238.4 | M20: 사무실 임대료 | N20: =N17-J20+H20 -> 0
A21: 44823 | B21: 사무실 임대료_9월 | D21: 3 | E21: 지급임차료 | F21: 사무실임차 | I21: =19440-I20 -> #REF! | J21: =I21/'통장내역(환율표)'!#REF! -> #REF! | K21: =K20+G21-I21 -> #REF! | L21: =L20+H21-J21 -> #REF! | N21: =28238.4-J21+H21 -> #REF!
A22: 44823 | B22: 은행수수료 | D22: 3 | E22: 해외지사비 | I22: 7.2 | J22: =I22/'통장내역(환율표)'!#REF! -> #REF! | K22: =K21+G22-I22 -> #REF! | L22: =L21+H22-J22 -> #REF! | N22: =N21-J22+H22 -> #REF!
A23: 44825 | B23: 예금이자 | E23: 잡이익 | G23: 49.51 | H23: =G23/'통장내역(환율표)'!#REF! -> #REF! | J23: =I23/'통장내역(환율표)'!#REF! -> #REF! | K23: =K22+G23-I23 -> #REF! | L23: =L22+H23-J23 -> #REF! | N23: =N22-J23+H23 -> #REF!
A24: 44827 | B24: 주재원 대행 수수료 | D24: 2 | E24: 해외지사비 | I24: 300 | J24: =I24/'통장내역(환율표)'!#REF! -> #REF! | K24: =K23+G24-I24 -> #REF! | L24: =L23+H24-J24 -> #REF! | M24: 신순연 | N24: =N23-J24+H24 -> #REF!
A25: 44827 | B25: 주재원 5대보험 | D25: 2 | E25: 해외지사비 | I25: 7572.43 | J25: =I25/'통장내역(환율표)'!#REF! -> #REF! | K25: =K24+G25-I25 -> #REF! | L25: =L24+H25-J25 -> #REF! | N25: =N24-J25+H25 -> #REF!
A26: 44827 | B26: 주재원 개인소득세 | D26: 2 | E26: 해외지사비 | I26: 5104.59 | J26: =I26/'통장내역(환율표)'!#REF! -> #REF! | K26: =K25+G26-I26 -> #REF! | L26: =L25+H26-J26 -> #REF! | M26: 신순연 | N26: =N25-J26+H26 -> #REF!
A27: 44827 | B27: 주재원 수당 | D27: 2 | E27: 해외지사비 | I27: 13500 | J27: =I27/'통장내역(환율표)'!#REF! -> #REF! | K27: =K26+G27-I27 -> #REF! | L27: =L26+H27-J27 -> #REF! | M27: 신순연 | N27: =N26-J27+H27 -> #REF!
A28: 44827 | B28: 주재원 주택 수당 | D28: 2 | E28: 해외지사비 | I28: 20000 | J28: =I28/'통장내역(환율표)'!#REF! -> #REF! | K28: =K27+G28-I28 -> #REF! | L28: =L27+H28-J28 -> #REF! | M28: 신순연 | N28: =N27-J28+H28 -> #REF!
A29: 44827 | B29: 주재원 대행 수수료 | D29: 2 | E29: 해외지사비 | I29: 300 | J29: =I29/'통장내역(환율표)'!#REF! -> #REF! | K29: =K28+G29-I29 -> #REF! | L29: =L28+H29-J29 -> #REF! | M29: 김명관 | N29: =N28-J29+H29 -> #REF!
A30: 44827 | B30: 주재원 5대보험 | D30: 2 | E30: 해외지사비 | I30: 4197.43 | J30: =I30/'통장내역(환율표)'!#REF! -> #REF! | K30: =K29+G30-I30 -> #REF! | L30: =L29+H30-J30 -> #REF! | M30: 김명관 | N30: =N29-J30+H30 -> #REF!
A31: 44827 | B31: 주재원 개인소득세 | D31: 2 | E31: 해외지사비 | I31: 2114.3 | J31: =I31/'통장내역(환율표)'!#REF! -> #REF! | K31: =K30+G31-I31 -> #REF! | L31: =L30+H31-J31 -> #REF! | M31: 김명관 | N31: =N30-J31+H31 -> #REF!
A32: 44827 | B32: 주재원 수당 | D32: 2 | E32: 해외지사비 | I32: 13500 | J32: =I32/'통장내역(환율표)'!#REF! -> #REF! | K32: =K31+G32-I32 -> #REF! | L32: =L31+H32-J32 -> #REF! | M32: 김명관 | N32: =N31-J32+H32 -> #REF!
A33: 44827 | B33: 주재원 주택 수당 | D33: 2 | E33: 해외지사비 | I33: 14000 | J33: =I33/'통장내역(환율표)'!#REF! -> #REF! | K33: =K32+G33-I33 -> #REF! | L33: =L32+H33-J33 -> #REF! | M33: 김명관 | N33: =N32-J33+H33 -> #REF!
A34: 44827 | B34: 주재원 대행 수수료 | D34: 2 | E34: 해외지사비 | I34: 300 | J34: =I34/'통장내역(환율표)'!#REF! -> #REF! | K34: =K33+G34-I34 -> #REF! | L34: =L33+H34-J34 -> #REF! | M34: 현채인 | N34: =N33-J34+H34 -> #REF!
A35: 44827 | B35: 주재원 5대보험 | D35: 2 | E35: 해외지사비 | I35: 8295.14 | J35: =I35/'통장내역(환율표)'!#REF! -> #REF! | K35: =K34+G35-I35 -> #REF! | L35: =L34+H35-J35 -> #REF! | M35: 현채인 | N35: =N34-J35+H35 -> #REF!
A36: 44827 | B36: 주재원 개인소득세 | D36: 2 | E36: 해외지사비 | I36: 1493.42 | J36: =I36/'통장내역(환율표)'!#REF! -> #REF! | K36: =K35+G36-I36 -> #REF! | L36: =L35+H36-J36 -> #REF! | M36: 현채인 | N36: =N35-J36+H36 -> #REF!
A37: 44827 | B37: 주재원 수당 | D37: 2 | E37: 해외지사비 | I37: 20229.17 | J37: =I37/'통장내역(환율표)'!#REF! -> #REF! | K37: =K36+G37-I37 -> #REF! | L37: =L36+H37-J37 -> #REF! | M37: 현채인 | N37: =N36-J37+H37 -> #REF!
A38: 44827 | B38: 은행수수료 | D38: 2 | E38: 해외지사비 | I38: 12 | J38: =I38/'통장내역(환율표)'!#REF! -> #REF! | K38: =K37+G38-I38 -> #REF! | L38: =L37+H38-J38 -> #REF! | N38: =N37-J38+H38 -> #REF!
A39: 44827 | B39: 차량 Rent비 | D39: 4 | E39: 지급임차료 | F39: 차량 | I39: 10500 | J39: =I39/'통장내역(환율표)'!#REF! -> #REF! | K39: =K38+G39-I39 -> #REF! | L39: =L38+H39-J39 -> #REF! | M39: 차량 Rent비 | N39: =N38-J39+H39 -> #REF!
A40: 44827 | B40: 차량 기사비 | D40: 4 | E40: 해외지사비 | I40: 6000 | J40: =I40/'통장내역(환율표)'!#REF! -> #REF! | K40: =K39+G40-I40 -> #REF! | L40: =L39+H40-J40 -> #REF! | N40: =N39-J40+H40 -> #REF!
A41: 44827 | B41: 주차비 | D41: 4 | E41: 여비교통비 | F41: 해외 | I41: 900 | J41: =I41/'통장내역(환율표)'!#REF! -> #REF! | K41: =K40+G41-I41 -> #REF! | L41: =L40+H41-J41 -> #REF! | N41: =N40-J41+H41 -> #REF!
A42: 44827 | B42: 주유비 | D42: 4 | E42: 여비교통비 | F42: 해외 | I42: 2286.83 | J42: =I42/'통장내역(환율표)'!#REF! -> #REF! | K42: =K41+G42-I42 -> #REF! | L42: =L41+H42-J42 -> #REF! | N42: =N41-J42+H42 -> #REF!
A43: 44827 | B43: 톨비 | D43: 4 | E43: 여비교통비 | F43: 해외 | I43: 36 | J43: =I43/'통장내역(환율표)'!#REF! -> #REF! | K43: =K42+G43-I43 -> #REF! | L43: =L42+H43-J43 -> #REF! | N43: =N42-J43+H43 -> #REF!
A44: 44827 | B44: 기사 야근비용 | D44: 4 | E44: 해외지사비 | I44: 300 | J44: =I44/'통장내역(환율표)'!#REF! -> #REF! | K44: =K43+G44-I44 -> #REF! | L44: =L43+H44-J44 -> #REF! | N44: =N43-J44+H44 -> #REF!
A45: 44827 | B45: 은행수수료 | D45: 4 | E45: 해외지사비 | I45: 7.2 | J45: =I45/'통장내역(환율표)'!#REF! -> #REF! | K45: =K44+G45-I45 -> #REF! | L45: =L44+H45-J45 -> #REF! | N45: =N44-J45+H45 -> #REF!
A46: 44827 | B46: 세무대행비 | D46: 5 | E46: 해외지사비 | I46: 1000 | J46: =I46/'통장내역(환율표)'!#REF! -> #REF! | K46: =K45+G46-I46 -> #REF! | L46: =L45+H46-J46 -> #REF! | M46: 세무대행비 | N46: =N45-J46+H46 -> #REF!
A47: 44827 | B47: 은행수수료 | D47: 5 | E47: 해외지사비 | I47: 3.6 | J47: =I47/'통장내역(환율표)'!#REF! -> #REF! | K47: =K46+G47-I47 -> #REF! | L47: =L46+H47-J47 -> #REF! | N47: =N46-J47+H47 -> #REF!
A48: 44827 | B48: 사무실 에어컨 및 전기/물 비용 | D48: 6 | E48: 해외지사비 | I48: 3097.26 | J48: =I48/'통장내역(환율표)'!#REF! -> #REF! | K48: =K47+G48-I48 -> #REF! | L48: =L47+H48-J48 -> #REF! | M48: 사무실 에어컨 및 전기/물 비용 (1434.43 환불 예정) | N48: =N47-J48+H48 -> #REF!
A49: 44827 | B49: 은행수수료 | D49: 6 | E49: 해외지사비 | I49: 3.6 | J49: =I49/'통장내역(환율표)'!#REF! -> #REF! | K49: =K48+G49-I49 -> #REF! | L49: =L48+H49-J49 -> #REF! | N49: =N48-J49+H49 -> #REF!
A50: 44827 | B50: IC 구입 | D50: 9 | E50: 해외지사비 | I50: 1026 | J50: =I50/'통장내역(환율표)'!#REF! -> #REF! | K50: =K49+G50-I50 -> #REF! | L50: =L49+H50-J50 -> #REF! | N50: =N49-J50+H50 -> #REF!
A51: 44827 | B51: 한국 택배비 | D51: 9 | E51: 해외지사비 | I51: 642.6 | J51: =I51/'통장내역(환율표)'!#REF! -> #REF! | K51: =K50+G51-I51 -> #REF! | L51: =L50+H51-J51 -> #REF! | N51: =N50-J51+H51 -> #REF!
A52: 44827 | B52: 은행수수료 | D52: 9 | E52: 해외지사비 | I52: 3.6 | J52: =I52/'통장내역(환율표)'!#REF! -> #REF! | K52: =K51+G52-I52 -> #REF! | L52: =L51+H52-J52 -> #REF! | N52: =N51-J52+H52 -> #REF!
A53: 44827 | B53: 시내교통비(Pan shi qiang) | D53: 8 | E53: 여비교통비 | F53: 해외 | I53: 1717.04 | J53: =I53/'통장내역(환율표)'!#REF! -> #REF! | K53: =K52+G53-I53 -> #REF! | L53: =L52+H53-J53 -> #REF! | N53: =N52-J53+H53 -> #REF!
A54: 44827 | B54: 은행수수료 | D54: 8 | E54: 해외지사비 | I54: 3.6 | J54: =I54/'통장내역(환율표)'!#REF! -> #REF! | K54: =K53+G54-I54 -> #REF! | L54: =L53+H54-J54 -> #REF! | N54: =N53-J54+H54 -> #REF!
A55: 44827 | B55: 통신비((Pan shi qiang) | D55: 10 | E55: 통신비 | F55: 기타 | I55: 98.5 | J55: =I55/'통장내역(환율표)'!#REF! -> #REF! | K55: =K54+G55-I55 -> #REF! | L55: =L54+H55-J55 -> #REF! | N55: =N54-J55+H55 -> #REF!
A56: 44827 | B56: 은행수수료 | D56: 10 | E56: 해외지사비 | I56: 3.6 | J56: =I56/'통장내역(환율표)'!#REF! -> #REF! | K56: =K55+G56-I56 -> #REF! | L56: =L55+H56-J56 -> #REF! | N56: =N55-J56+H56 -> #REF!
A57: 44827 | B57: 업무추진비 | D57: 7 | E57: 업무추진비 | F57: 일반 | I57: 8344 | J57: =I57/'통장내역(환율표)'!#REF! -> #REF! | K57: =K56+G57-I57 -> #REF! | L57: =L56+H57-J57 -> #REF! | M57: 업무추진비 | N57: =N56-J57+H57 -> #REF!
A58: 44827 | B58: 은행수수료 | D58: 7 | E58: 해외지사비 | I58: 3.6 | J58: =I58/'통장내역(환율표)'!#REF! -> #REF! | K58: =K57+G58-I58 -> #REF! | L58: =L57+H58-J58 -> #REF! | N58: =N57-J58+H58 -> #REF!
A59: 44827 | B59: 통신비(김명관 책임) | D59: 11 | E59: 통신비 | F59: 기타 | I59: 199 | J59: =I59/'통장내역(환율표)'!#REF! -> #REF! | K59: =K58+G59-I59 -> #REF! | L59: =L58+H59-J59 -> #REF! | N59: =N58-J59+H59 -> #REF!
A60: 44827 | B60: 은행수수료 | D60: 11 | E60: 해외지사비 | I60: 3.6 | J60: =I60/'통장내역(환율표)'!#REF! -> #REF! | K60: =K59+G60-I60 -> #REF! | L60: =L59+H60-J60 -> #REF! | N60: =N59-J60+H60 -> #REF!
A61: 44827 | B61: 사무실운영비 | D61: 12 | E61: 해외지사비 | I61: 216 | J61: =I61/'통장내역(환율표)'!#REF! -> #REF! | K61: =K60+G61-I61 -> #REF! | L61: =L60+H61-J61 -> #REF! | M61: 생수구입 | N61: =N60-J61+H61 -> #REF!
A62: 44827 | B62: 은행수수료 | D62: 12 | E62: 해외지사비 | I62: 3.6 | J62: =I62/'통장내역(환율표)'!#REF! -> #REF! | K62: =K61+G62-I62 -> #REF! | L62: =L61+H62-J62 -> #REF! | N62: =N61-J62+H62 -> #REF!

Sheet 내역_22.10
A1: 10월 전도금 사용 내역 | K1: 100066029
A2: 9/10 송금 환율(1381.2) | E2: 100068838 | G2: 10/10 송금 환율(1,410.3) | K2: 100062087 | L2: 1200000696
A3: 대계정 | B3: 소계정 | C3: 금액 (RMB) | D3: 금액 (USD) | E3: 금액 (KRW) | G3: 대계정 | H3: 소계정 | I3: 금액 (RMB) | J3: 금액 (USD) | K3: 금액 (KRW)
A4: 소모품비 | G4: 소모품비
A5: 업무추진비 | B5: 일반 | F5: 51131050 | G5: 업무추진비 | H5: 일반 | I5: 2088 | J5: 292.34114 | K5: 412287 | L5: =K5+E5 -> 412287
A6: 여비교통비 | B6: 해외 | F6: 51061030 | G6: 여비교통비 | H6: 해외 | I6: 16155.48 | J6: 2261.9308 | K6: 3190000 | L6: =K6+E6 -> 3190000
A7: 지급임차료 | B7: 사무실관리 | C7: 11215.001 | D7: 1615.4941 | E7: 2231315 | F7: 51201020 | G7: 지급임차료 | H7: 사무실관리 | I7: 8224.9995 | J7: 1151.5832 | K7: 1624073 | L7: =K7+E7 -> 3855388
A8: 지급임차료 | B8: 차량임차료 | F8: 51201030 | G8: 지급임차료 | H8: 차량임차료 | I8: 10500 | J8: 1470.1063 | K8: 2073296 | L8: =K8+E8 -> 2073296
A9: 통신비 | B9: 기타 | F9: 51071700 | G9: 통신비 | H9: 기타 | I9: 1129 | J9: 158.07143 | K9: 222926 | L9: =K9+E9 -> 222926
A10: 해외지사비 | C10: 23259.73 | D10: 3350.5088 | E10: 4627724 | F10: 51321010 | G10: 해외지사비 | I10: 135794.1 | J10: 19272.37 | K10: 27179823 | L10: =K10+E10 -> 31807547
A11: 보증금 | F11: 13081010 | G11: 보증금
A12: Total | C12: =SUM(C4:C11) -> 34474.731 | D12: =SUM(D4:D11) -> 4966.0029 | E12: =SUM(E4:E11) -> 6859039 | F12: 52981010 | G12: Total | I12: =SUM(I4:I11) -> 173891.58 | J12: =SUM(J4:J11) -> 24606.403 | K12: =SUM(K4:K10) -> 34702405
C13: =C12+I12 -> 208366.31 | D13: =D12+J12 -> 29572.406 | E13: =E12+K12 -> 41561444 | K13: 16280.086 | L13: 2425.7418
A14: 보증금 | B14: 13081010 | H14: =SUBTOTAL(9,H17:H69) -> #REF! | I14: =SUBTOTAL(9,I17:I87) -> #REF! | J14: =SUBTOTAL(9,J17:J85) -> #REF!
A15: 날짜 | B15: 내역 | D15: 증빙번호 | E15: 대계정 | F15: 소계정 | G15: 입금 | I15: 출금 | K15: 잔액 | M15: 비고
G16: RMB | H16: USD | I16: RMB | J16: USD | K16: RMB | L16: USD
A17: 44804 | B17: 기존 잔고 | K17: 31377.2 | L17: 4519.852 | N17: 4519.85
A18: 44848 | B18: 입금 | D18: 1 | G18: 210653.98 | H18: 29519.69 | K18: =K17+G18-I18 -> 242031.18 | L18: =L17+H18-J18 -> 34039.542 | M18: 입금
A19: 44848 | B19: 송금수수료 | E19: 해외지사비 | J19: 26 | K19: =K18+G19-I19 -> 242031.18 | L19: =L18+H19-J19 -> 34013.542
A20: 44858 | B20: 9월 사무실 관리비 중복 입금 반환 입금 | D20: 2 | E20: 해외지사비 | G20: 3097.26 | H20: =G20/'통장내역(환율표)'!#REF! -> #REF! | I20: 0 | J20: =I20/'통장내역(환율표)'!#REF! -> #REF! | K20: =K19+G20-I20 -> 245128.44 | L20: =L19+H20-J20 -> #REF! | N20: =N17-J20+H20 -> #REF!
A21: 44859 | B21: 사무실 운영세금(7, 8, 9월 분) | D21: 3 | E21: 해외지사비 | I21: 23259.73 | J21: =I21/'통장내역(환율표)'!#REF! -> #REF! | K21: =K20+G21-I21 -> 221868.71 | L21: =L20+H21-J21 -> #REF! | N21: =N20-J21+H21 -> #REF!
A22: 44859 | B22: 사무실 임대료_9월 환율 | D22: 4 | E22: 지급임차료 | F22: 사무실임차 | I22: =J22*'통장내역(환율표)'!#REF! -> #REF! | J22: 1615.4941 | K22: =K21+G22-I22 -> #REF! | L22: =L21+H22-J22 -> #REF! | N22: =N21-J22+H22 -> #REF!
A23: 44859 | B23: 사무실 임대료_10월 환율 | D23: 4 | E23: 지급임차료 | F23: 사무실임차 | I23: =19440-I22 -> #REF! | J23: =I23/'통장내역(환율표)'!#REF! -> #REF! | K23: =K22+G23-I23 -> #REF! | L23: =L22+H23-J23 -> #REF! | N23: =29493.69-J23 -> #REF!
A24: 44859 | B24: 은행수수료 | D24: 4 | E24: 해외지사비 | I24: 7.2 | J24: =I24/'통장내역(환율표)'!#REF! -> #REF! | K24: =K23+G24-I24 -> #REF! | L24: =L23+H24-J24 -> #REF! | N24: =N23-J24+H24 -> #REF!
A25: 44859 | B25: 차량 Rent비 | D25: 5 | E25: 지급임차료 | F25: 차량임차료 | I25: 10500 | J25: =I25/'통장내역(환율표)'!#REF! -> #REF! | K25: =K24+G25-I25 -> #REF! | L25: =L24+H25-J25 -> #REF! | N25: =N24-J25+H25 -> #REF!
A26: 44859 | B26: 차량 기사비 | D26: 5 | E26: 해외지사비 | I26: 6000 | J26: =I26/'통장내역(환율표)'!#REF! -> #REF! | K26: =K25+G26-I26 -> #REF! | L26: =L25+H26-J26 -> #REF! | N26: =N25-J26+H26 -> #REF!
A27: 44859 | B27: 기사 야근비용 | D27: 5 | E27: 해외지사비 | I27: 300 | J27: =I27/'통장내역(환율표)'!#REF! -> #REF! | K27: =K26+G27-I27 -> #REF! | L27: =L26+H27-J27 -> #REF! | N27: =N26-J27+H27 -> #REF!
A28: 44859 | B28: 은행수수료 | D28: 5 | E28: 해외지사비 | I28: 7.2 | J28: =I28/'통장내역(환율표)'!#REF! -> #REF! | K28: =K27+G28-I28 -> #REF! | L28: =L27+H28-J28 -> #REF! | N28: =N27-J28+H28 -> #REF!
A29: 44859 | B29: 세무대행비 | D29: 6 | E29: 해외지사비 | I29: 1000 | J29: =I29/'통장내역(환율표)'!#REF! -> #REF! | K29: =K28+G29-I29 -> #REF! | L29: =L28+H29-J29 -> #REF! | N29: =N28-J29+H29 -> #REF!
A30: 44859 | B30: 은행수수료 | D30: 6 | E30: 해외지사비 | I30: 3.6 | J30: =I30/'통장내역(환율표)'!#REF! -> #REF! | K30: =K29+G30-I30 -> #REF! | L30: =L29+H30-J30 -> #REF! | N30: =N29-J30+H30 -> #REF!
A31: 44859 | B31: 사무실 에어컨 및 전기/물 비용 | D31: 7 | E31: 해외지사비 | I31: 2040.13 | J31: =I31/'통장내역(환율표)'!#REF! -> #REF! | K31: =K30+G31-I31 -> #REF! | L31: =L30+H31-J31 -> #REF! | M31: 신순연 | N31: =N30-J31+H31 -> #REF!
A32: 44859 | B32: 은행수수료 | D32: 7 | E32: 해외지사비 | I32: 3.6 | J32: =I32/'통장내역(환율표)'!#REF! -> #REF! | K32: =K31+G32-I32 -> #REF! | L32: =L31+H32-J32 -> #REF! | N32: =N31-J32+H32 -> #REF!
A33: 44859 | B33: 주유비, 주차비, 톨비 | D33: 8 | E33: 여비교통비 | F33: 해외 | I33: 2205 | J33: =I33/'통장내역(환율표)'!#REF! -> #REF! | K33: =K32+G33-I33 -> #REF! | L33: =L32+H33-J33 -> #REF! | M33: 주유비 1291, 주치바 900, 톨비 14 | N33: =N32-J33+H33 -> #REF!
A34: 44859 | B34: 은행수수료 | D34: 8 | E34: 해외지사비 | I34: 3.6 | J34: =I34/'통장내역(환율표)'!#REF! -> #REF! | K34: =K33+G34-I34 -> #REF! | L34: =L33+H34-J34 -> #REF! | N34: =N33-J34+H34 -> #REF!
A35: 44859 | B35: 주재원 대행 수수료 | D35: 9 | E35: 해외지사비 | I35: 300 | J35: =I35/'통장내역(환율표)'!#REF! -> #REF! | K35: =K34+G35-I35 -> #REF! | L35: =L34+H35-J35 -> #REF! | M35: 신순연 | N35: =N34-J35+H35 -> #REF!
A36: 44859 | B36: 주재원 5대보험 | D36: 9 | E36: 해외지사비 | I36: 7599.43 | J36: =I36/'통장내역(환율표)'!#REF! -> #REF! | K36: =K35+G36-I36 -> #REF! | L36: =L35+H36-J36 -> #REF! | M36: 신순연 | N36: =N35-J36+H36 -> #REF!
A37: 44859 | B37: 주재원 개인소득세 | D37: 9 | E37: 해외지사비 | I37: 5104.58 | J37: =I37/'통장내역(환율표)'!#REF! -> #REF! | K37: =K36+G37-I37 -> #REF! | L37: =L36+H37-J37 -> #REF! | M37: 신순연 | N37: =N36-J37+H37 -> #REF!
A38: 44859 | B38: 주재원 수당 | D38: 9 | E38: 해외지사비 | I38: 13500 | J38: =I38/'통장내역(환율표)'!#REF! -> #REF! | K38: =K37+G38-I38 -> #REF! | L38: =L37+H38-J38 -> #REF! | M38: 신순연 | N38: =N37-J38+H38 -> #REF!
A39: 44859 | B39: 주재원 주택 수당 | D39: 9 | E39: 해외지사비 | I39: 20000 | J39: =I39/'통장내역(환율표)'!#REF! -> #REF! | K39: =K38+G39-I39 -> #REF! | L39: =L38+H39-J39 -> #REF! | M39: 신순연 | N39: =N38-J39+H39 -> #REF!
A40: 44859 | B40: 주재원 대행 수수료 | D40: 9 | E40: 해외지사비 | I40: 300 | J40: =I40/'통장내역(환율표)'!#REF! -> #REF! | K40: =K39+G40-I40 -> #REF! | L40: =L39+H40-J40 -> #REF! | M40: 김명관 | N40: =N39-J40+H40 -> #REF!
A41: 44859 | B41: 주재원 5대보험 | D41: 9 | E41: 해외지사비 | I41: 4224.43 | J41: =I41/'통장내역(환율표)'!#REF! -> #REF! | K41: =K40+G41-I41 -> #REF! | L41: =L40+H41-J41 -> #REF! | M41: 김명관 | N41: =N40-J41+H41 -> #REF!
A42: 44859 | B42: 주재원 개인소득세 | D42: 9 | E42: 해외지사비 | I42: 2114.29 | J42: =I42/'통장내역(환율표)'!#REF! -> #REF! | K42: =K41+G42-I42 -> #REF! | L42: =L41+H42-J42 -> #REF! | M42: 김명관 | N42: =N41-J42+H42 -> #REF!
A43: 44859 | B43: 주재원 수당 | D43: 9 | E43: 해외지사비 | I43: 13500 | J43: =I43/'통장내역(환율표)'!#REF! -> #REF! | K43: =K42+G43-I43 -> #REF! | L43: =L42+H43-J43 -> #REF! | M43: 김명관 | N43: =N42-J43+H43 -> #REF!
A44: 44859 | B44: 주재원 주택 수당 | D44: 9 | E44: 해외지사비 | I44: 14000 | J44: =I44/'통장내역(환율표)'!#REF! -> #REF! | K44: =K43+G44-I44 -> #REF! | L44: =L43+H44-J44 -> #REF! | M44: 김명관 | N44: =N43-J44+H44 -> #REF!
A45: 44859 | B45: 주재원 대행 수수료 | D45: 9 | E45: 해외지사비 | I45: 300 | J45: =I45/'통장내역(환율표)'!#REF! -> #REF! | K45: =K44+G45-I45 -> #REF! | L45: =L44+H45-J45 -> #REF! | M45: 현채인 | N45: =N44-J45+H45 -> #REF!
A46: 44859 | B46: 주재원 5대보험 | D46: 9 | E46: 해외지사비 | I46: 8308.1 | J46: =I46/'통장내역(환율표)'!#REF! -> #REF! | K46: =K45+G46-I46 -> #REF! | L46: =L45+H46-J46 -> #REF! | M46: 현채인 | N46: =N45-J46+H46 -> #REF!
... A48: 44859 | B48: 주재원 수당 | D48: 9 | E48: 해외지사비 | I48: 20050.33 | J48: =I48/'통장내역(환율표)'!#REF! -> #REF! | K48: =K47+G48-I48 -> #REF! | L48: =L47+H48-J48 -> #REF! | M48: 현채인 | N48: =N47-J48+H48 -> #REF!
A49: 44859 | B49: 은행수수료 | D49: 9 | E49: 해외지사비 | I49: 12 | J49: =I49/'통장내역(환율표)'!#REF! -> #REF! | K49: =K48+G49-I49 -> #REF! | L49: =L48+H49-J49 -> #REF! | N49: =N48-J49+H49 -> #REF!
A50: 44859 | B50: 여비교통비(Pan Shi Qiang 출장 교통비 및 숙박비) | D50: 10 | E50: 여비교통비 | F50: 해외 | I50: 13071 | J50: =I50/'통장내역(환율표)'!#REF! -> #REF! | K50: =K49+G50-I50 -> #REF! | L50: =L49+H50-J50 -> #REF! | N50: =N49-J50+H50 -> #REF!
A51: 44859 | B51: 은행수수료 | D51: 10 | E51: 해외지사비 | I51: 7.2 | J51: =I51/'통장내역(환율표)'!#REF! -> #REF! | K51: =K50+G51-I51 -> #REF! | L51: =L50+H51-J51 -> #REF! | N51: =N50-J51+H51 -> #REF!
A52: 44859 | B52: 시내교통비(Pan Shi Qiang) | D52: 11 | E52: 여비교통비 | F52: 해외 | I52: 879.48 | J52: =I52/'통장내역(환율표)'!#REF! -> #REF! | K52: =K51+G52-I52 -> #REF! | L52: =L51+H52-J52 -> #REF! | N52: =N51-J52+H52 -> #REF!
A53: 44859 | B53: 은행수수료 | D53: 11 | E53: 해외지사비 | I53: 3.6 | J53: =I53/'통장내역(환율표)'!#REF! -> #REF! | K53: =K52+G53-I53 -> #REF! | L53: =L52+H53-J53 -> #REF! | N53: =N52-J53+H53 -> #REF!
A54: 44859 | B54: 통신비(Pan Shi Qiang) | D54: 12 | E54: 통신비 | F54: 기타 | I54: 133.5 | J54: =I54/'통장내역(환율표)'!#REF! -> #REF! | K54: =K53+G54-I54 -> #REF! | L54: =L53+H54-J54 -> #REF! | N54: =N53-J54+H54 -> #REF!
A55: 44859 | B55: 은행수수료 | D55: 12 | E55: 해외지사비 | I55: 3.6 | J55: =I55/'통장내역(환율표)'!#REF! -> #REF! | K55: =K54+G55-I55 -> #REF! | L55: =L54+H55-J55 -> #REF! | N55: =N54-J55+H55 -> #REF!
A56: 44859 | B56: 업무추진비(김명관 책임) | D56: 13 | E56: 업무추진비 | I56: 2088 | J56: =I56/'통장내역(환율표)'!#REF! -> #REF! | K56: =K55+G56-I56 -> #REF! | L56: =L55+H56-J56 -> #REF! | N56: =N55-J56+H56 -> #REF!
A57: 44859 | B57: 은행수수료 | D57: 13 | E57: 해외지사비 | I57: 3.6 | J57: =I57/'통장내역(환율표)'!#REF! -> #REF! | K57: =K56+G57-I57 -> #REF! | L57: =L56+H57-J57 -> #REF! | N57: =N56-J57+H57 -> #REF!
A58: 44859 | B58: 통신비(김명관 책임) | D58: 14 | E58: 통신비 | F58: 기타 | I58: 199 | J58: =I58/'통장내역(환율표)'!#REF! -> #REF! | K58: =K57+G58-I58 -> #REF! | L58: =L57+H58-J58 -> #REF! | N58: =N57-J58+H58 -> #REF!
A59: 44859 | B59: 은행수수료 | D59: 14 | E59: 해외지사비 | I59: 3.6 | J59: =I59/'통장내역(환율표)'!#REF! -> #REF! | K59: =K58+G59-I59 -> #REF! | L59: =L58+H59-J59 -> #REF! | N59: =N58-J59+H59 -> #REF!
A60: 44859 | B60: 청소비 9,10월 | D60: 15 | E60: 해외지사비 | I60: 600 | J60: =I60/'통장내역(환율표)'!#REF! -> #REF! | K60: =K59+G60-I60 -> #REF! | L60: =L59+H60-J60 -> #REF! | N60: =N59-J60+H60 -> #REF!
A61: 44859 | B61: 택배 | D61: 15 | E61: 해외지사비 | I61: 36 | J61: =I61/'통장내역(환율표)'!#REF! -> #REF! | K61: =K60+G61-I61 -> #REF! | L61: =L60+H61-J61 -> #REF! | N61: =N60-J61+H61 -> #REF!
A62: 44859 | B62: Print 및 Scan비 | D62: 15 | E62: 해외지사비 | I62: 146 | J62: =I62/'통장내역(환율표)'!#REF! -> #REF! | K62: =K61+G62-I62 -> #REF! | L62: =L61+H62-J62 -> #REF! | N62: =N61-J62+H62 -> #REF!
A63: 44859 | B63: 은행수수료 | D63: 15 | E63: 해외지사비 | I63: 3.6 | J63: =I63/'통장내역(환율표)'!#REF! -> #REF! | K63: =K62+G63-I63 -> #REF! | L63: =L62+H63-J63 -> #REF! | N63: =N62-J63+H63 -> #REF!
A64: 44859 | B64: 통신비(사무실 wifi비) 9, 10월 | D64: 16 | E64: 통신비 | F64: 기타 | I64: 796.5 | J64: =I64/'통장내역(환율표)'!#REF! -> #REF! | K64: =K63+G64-I64 -> #REF! | L64: =L63+H64-J64 -> #REF! | N64: =N63-J64+H64 -> #REF!
A65: 44859 | B65: 은행수수료 | D65: 16 | E65: 해외지사비 | I65: 3.6 | J65: =I65/'통장내역(환율표)'!#REF! -> #REF! | K65: =K64+G65-I65 -> #REF! | L65: =L64+H65-J65 -> #REF! | N65: =N64-J65+H65 -> #REF!
A66: 44859 | B66: 은행수수료 | D66: 17 | E66: 해외지사비 | I66: 3.6 | J66: =I66/'통장내역(환율표)'!#REF! -> #REF! | K66: =K65+G66-I66 -> #REF! | L66: =L65+H66-J66 -> #REF! | M66: 신순연 책임 시내교통비 인출 시 발생 수수료 *교통비 재입금 | N66: =N65-J66+H66 -> #REF!
A67: 44859 | B67: 휴가비(신순연 책임, 심천 to 서월 왕복 항공권, 핵산 검사 비용 및 격리 비용) | D67: 18 | E67: 해외지사비 | I67: 12868.42 | J67: =I67/'통장내역(환율표)'!#REF! -> #REF! | K67: =K66+G67-I67 -> #REF! | L67: =L66+H67-J67 -> #REF! | M67: 4.09 추가 인출 완료 | N67: =N66-J67+H67 -> #REF!
A68: 44859 | B68: 은행수수료 | D68: 18 | E68: 해외지사비 | I68: 7.2 | J68: =I68/'통장내역(환율표)'!#REF! -> #REF! | K68: =K67+G68-I68 -> #REF! | L68: =L67+H68-J68 -> #REF! | N68: =N67-J68+H68 -> #REF!
A69: 44859 | B69: 사무실 운영비(신순연 책임 한국 등록증 연장 의뢰 비용) | D69: 19 | E69: 해외지사비 | I69: 1753.3313 | J69: =I69/'통장내역(환율표)'!#REF! -> #REF! | K69: =K68+G69-I69 -> #REF! | L69: =L68+H69-J69 -> #REF! | N69: =N68-J69+H69 -> #REF!
A70: 44859 | B70: 은행수수료 | D70: 19 | E70: 해외지사비 | I70: 3.6 | J70: =I70/'통장내역(환율표)'!#REF! -> #REF! | K70: =K69+G70-I70 -> #REF! | L70: =L69+H70-J70 -> #REF! | N70: =N69-J70+H70 -> #REF!
A71: 44862 | B71: 9월 사무실 관리비 에어컨, 전기/물 비용 | D71: 20 | E71: 해외지사비 | I71: 1662.83 | J71: =I71/'통장내역(환율표)'!#REF! -> #REF! | K71: =K70+G71-I71 -> #REF! | L71: =L70+H71-J71 -> #REF! | N71: =N70-J71+H71 -> #REF!
A72: 44862 | B72: 은행수수료 | D72: 20 | E72: 해외지사비 | I72: 3.6 | J72: =I72/'통장내역(환율표)'!#REF! -> #REF! | K72: =K71+G72-I72 -> #REF! | L72: =L71+H72-J72 -> #REF! | N72: =N71-J72+H72 -> #REF!

Sheet 내역_22.11
A1: 11월 전도금 사용 내역 | K1: 100066029
A2: 10/10 송금 환율(1,410.3) | E2: 100069659 | G2: 11/10 송금 환율(1368.3) | K2: 100069665 | L2: 1200000696
A3: 대계정 | B3: 소계정 | C3: 금액 (RMB) | D3: 금액 (USD) | E3: 금액 (KRW) | G3: 대계정 | H3: 소계정 | I3: 금액 (RMB) | J3: 금액 (USD) | K3: 금액 (KRW)
A4: 소모품비 | G4: 소모품비
A5: 업무추진비 | B5: 일반 | F5: 51131050 | G5: 업무추진비 | H5: 일반 | I5: 4902 | J5: 685.39111 | K5: 937819 | L5: =K5+E5 -> 937819
A6: 여비교통비 | B6: 해외 | F6: 51061030 | G6: 여비교통비 | H6: 해외 | I6: 3271.04 | J6: 457.35246 | K6: 625792 | L6: =K6+E6 -> 625792
A7: 지급임차료 | B7: 사무실관리 | F7: 51201020 | G7: 지급임차료 | H7: 사무실관리 | I7: 19440 | J7: 2718.0749 | K7: 3719135 | L7: =K7+E7 -> 3719135
A8: 지급임차료 | B8: 차량임차료 | F8: 51201030 | G8: 지급임차료 | H8: 차량임차료 | I8: 10500 | J8: 1468.096 | K8: 2008801 | L8: =K8+E8 -> 2008801
A9: 통신비 | B9: 기타 | F9: 51071700 | G9: 통신비 | H9: 기타 | I9: 695 | J9: 97.173975 | K9: 132958 | L9: =K9+E9 -> 132958
A10: 해외지사비 | C10: 35092.369 | D10: 4913.287 | E10: 6929213 | F10: 51321010 | G10: 해외지사비 | I10: 87962.151 | J10: 12324.751 | K10: 16863955 | L10: =K10+E10 -> 23793168
A11: 보증금 | F11: 13081010 | G11: 보증금
A12: Total | C12: =SUM(C4:C11) -> 35092.369 | D12: =SUM(D4:D11) -> 4913.287 | E12: =SUM(E4:E11) -> 6929213 | F12: 52981010 | G12: Total | I12: =SUM(I4:I11) -> 126770.19 | J12: =SUM(J4:J11) -> 17750.839 | K12: =SUM(K4:K10) -> 24288460
C13: =C12+I12 -> 161862.56 | D13: =D12+J12 -> 22664.126 | E13: =E12+K12 -> 31217673 | K13: 16280.086 | L13: 2425.7418
A14: 보증금 | B14: 13081010 | H14: =SUBTOTAL(9,H17:H64) -> 22744.4 | I14: =SUBTOTAL(9,I17:I79) -> #REF! | J14: =SUBTOTAL(9,J17:J77) -> #REF!
A15: 날짜 | B15: 내역 | D15: 증빙번호 | E15: 대계정 | F15: 소계정 | G15: 입금 | I15: 출금 | K15: 잔액 | M15: 비고
G16: RMB | H16: USD | I16: RMB | J16: USD | K16: RMB | L16: USD
A17: 44865 | B17: 기존 잔고 | K17: 35092.099 | L17: 4913.289 | N17: 4913.287
A18: 44876 | B18: USD 입금 | G18: 162484.74 | H18: 22744.4 | K18: =K17+G18-I18 -> 197576.84 | L18: =L17+H18-J18 -> 27657.689
A19: 44876 | B19: 은행수수료 | D19: 1 | E19: 해외지사비 | J19: 26 | K19: =K18+G19-I19 -> 197576.84 | L19: =L18+H19-J19 -> 27631.689
A20: 44890 | B20: 주재원 대행 수수료 | D20: 2 | E20: 해외지사비 | I20: 300 | J20: =I20/'통장내역(환율표)'!#REF! -> #REF! | K20: =K19+G20-I20 -> 197276.84 | L20: =L19+H20-J20 -> #REF! | M20: 신순연 | N20: =N17-J20+H20 -> #REF!
A21: 44890 | B21: 주재원 5대보험 | D21: 2 | E21: 해외지사비 | I21: 7599.43 | J21: =I21/'통장내역(환율표)'!#REF! -> #REF! | K21: =K20+G21-I21 -> 189677.41 | L21: =L20+H21-J21 -> #REF! | M21: 신순연 | N21: =N20-J21+H21 -> #REF!
A22: 44890 | B22: 주재원 개인소득세 | D22: 2 | E22: 해외지사비 | I22: 5104.58 | J22: =I22/'통장내역(환율표)'!#REF! -> #REF! | K22: =K21+G22-I22 -> 184572.83 | L22: =L21+H22-J22 -> #REF! | M22: 신순연 | N22: =N21-J22+H22 -> #REF!
A23: 44890 | B23: 주재원 수당 | D23: 2 | E23: 해외지사비 | I23: 13500 | J23: =I23/'통장내역(환율표)'!#REF! -> #REF! | K23: =K22+G23-I23 -> 171072.83 | L23: =L22+H23-J23 -> #REF! | M23: 신순연 | N23: =N22-J23+H23 -> #REF!
A24: 44890 | B24: 주재원 주택 수당_10월 환율 | D24: 2 | E24: 해외지사비 | I24: =J24*'통장내역(환율표)'!#REF! -> #REF! | J24: 1202.4572 | K24: =K23+G24-I24 -> #REF! | L24: =L23+H24-J24 -> #REF! | M24: 신순연 | N24: =N23-J24+H24 -> #REF!
A25: 44890 | B25: 주재원 주택 수당_11월 환율 | D25: 2 | E25: 해외지사비 | I25: =20000-I24 -> #REF! | J25: =I25/'통장내역(환율표)'!#REF! -> #REF! | K25: =K24+G25-I25 -> #REF! | L25: =L24+H25-J25 -> #REF! | M25: 신순연 | N25: =22718.4-J25 -> #REF!
A26: 44890 | B26: 주재원 대행 수수료 | D26: 2 | E26: 해외지사비 | I26: 300 | J26: =I26/'통장내역(환율표)'!#REF! -> #REF! | K26: =K25+G26-I26 -> #REF! | L26: =L25+H26-J26 -> #REF! | M26: 김명관 | N26: =N25-J26+H26 -> #REF!
A27: 44890 | B27: 주재원 5대보험 | D27: 2 | E27: 해외지사비 | I27: 4224.43 | J27: =I27/'통장내역(환율표)'!#REF! -> #REF! | K27: =K26+G27-I27 -> #REF! | L27: =L26+H27-J27 -> #REF! | M27: 김명관 | N27: =N26-J27+H27 -> #REF!
A28: 44890 | B28: 주재원 개인소득세 | D28: 2 | E28: 해외지사비 | I28: 2114.29 | J28: =I28/'통장내역(환율표)'!#REF! -> #REF! | K28: =K27+G28-I28 -> #REF! | L28: =L27+H28-J28 -> #REF! | M28: 김명관 | N28: =N27-J28+H28 -> #REF!
A29: 44890 | B29: 주재원 수당 | D29: 2 | E29: 해외지사비 | I29: 13500 | J29: =I29/'통장내역(환율표)'!#REF! -> #REF! | K29: =K28+G29-I29 -> #REF! | L29: =L28+H29-J29 -> #REF! | M29: 김명관 | N29: =N28-J29+H29 -> #REF!
A30: 44890 | B30: 주재원 주택 수당 | D30: 2 | E30: 해외지사비 | I30: 14000 | J30: =I30/'통장내역(환율표)'!#REF! -> #REF! | K30: =K29+G30-I30 -> #REF! | L30: =L29+H30-J30 -> #REF! | M30: 김명관 | N30: =N29-J30+H30 -> #REF!
A31: 44890 | B31: 주재원 대행 수수료 | D31: 2 | E31: 해외지사비 | I31: 300 | J31: =I31/'통장내역(환율표)'!#REF! -> #REF! | K31: =K30+G31-I31 -> #REF! | L31: =L30+H31-J31 -> #REF! | M31: 현채인 | N31: =N30-J31+H31 -> #REF!
A32: 44890 | B32: 주재원 5대보험 | D32: 2 | E32: 해외지사비 | I32: 8308.1 | J32: =I32/'통장내역(환율표)'!#REF! -> #REF! | K32: =K31+G32-I32 -> #REF! | L32: =L31+H32-J32 -> #REF! | M32: 현채인 | N32: =N31-J32+H32 -> #REF!
A33: 44890 | B33: 주재원 개인소득세 | D33: 2 | E33: 해외지사비 | I33: 1832.26 | J33: =I33/'통장내역(환율표)'!#REF! -> #REF! | K33: =K32+G33-I33 -> #REF! | L33: =L32+H33-J33 -> #REF! | M33: 현채인 | N33: =N32-J33+H33 -> #REF!
A34: 44890 | B34: 주재원 수당 | D34: 2 | E34: 해외지사비 | I34: 21490.33 | J34: =I34/'통장내역(환율표)'!#REF! -> #REF! | K34: =K33+G34-I34 -> #REF! | L34: =L33+H34-J34 -> #REF! | M34: 현채인 | N34: =N33-J34+H34 -> #REF!
A35: 44890 | B35: 은행수수료 | D35: 2 | E35: 해외지사비 | I35: 12 | J35: =I35/'통장내역(환율표)'!#REF! -> #REF! | K35: =K34+G35-I35 -> #REF! | L35: =L34+H35-J35 -> #REF! | N35: =N34-J35+H35 -> #REF!
A36: 44890 | B36: 사무실 임대료 | D36: 3 | E36: 지급임차료 | F36: 사무실관리 | I36: 19440 | J36: =I36/'통장내역(환율표)'!#REF! -> #REF! | K36: =K35+G36-I36 -> #REF! | L36: =L35+H36-J36 -> #REF! | N36: =N35-J36+H36 -> #REF!
A37: 44890 | B37: 은행수수료 | D37: 3 | E37: 해외지사비 | I37: 7.2 | J37: =I37/'통장내역(환율표)'!#REF! -> #REF! | K37: =K36+G37-I37 -> #REF! | L37: =L36+H37-J37 -> #REF! | N37: =N36-J37+H37 -> #REF!
A38: 44890 | B38: 세무대행비 | D38: 4 | E38: 해외지사비 | I38: 1000 | J38: =I38/'통장내역(환율표)'!#REF! -> #REF! | K38: =K37+G38-I38 -> #REF! | L38: =L37+H38-J38 -> #REF! | M38: 세무대행비 | N38: =N37-J38+H38 -> #REF!
A39: 44890 | B39: 은행수수료 | D39: 4 | E39: 해외지사비 | I39: 3.6 | J39: =I39/'통장내역(환율표)'!#REF! -> #REF! | K39: =K38+G39-I39 -> #REF! | L39: =L38+H39-J39 -> #REF! | N39: =N38-J39+H39 -> #REF!
A40: 44890 | B40: 사무실관리비 | D40: 5 | E40: 해외지사비 | I40: 1262.51 | J40: =I40/'통장내역(환율표)'!#REF! -> #REF! | K40: =K39+G40-I40 -> #REF! | L40: =L39+H40-J40 -> #REF! | M40: 사무실 에어컨, 수도, 전기, 관리비 | N40: =N39-J40+H40 -> #REF!
A41: 44890 | B41: 은행수수료 | D41: 5 | E41: 해외지사비 | I41: 3.6 | J41: =I41/'통장내역(환율표)'!#REF! -> #REF! | K41: =K40+G41-I41 -> #REF! | L41: =L40+H41-J41 -> #REF! | N41: =N40-J41+H41 -> #REF!
A42: 44890 | B42: 차량 Rent비 | D42: 6 | E42: 지급임차료 | F42: 차량임차료 | I42: 10500 | J42: =I42/'통장내역(환율표)'!#REF! -> #REF! | K42: =K41+G42-I42 -> #REF! | L42: =L41+H42-J42 -> #REF! | N42: =N41-J42+H42 -> #REF!
A43: 44890 | B43: 차량 기사비 | D43: 6 | E43: 해외지사비 | I43: 6000 | J43: =I43/'통장내역(환율표)'!#REF! -> #REF! | K43: =K42+G43-I43 -> #REF! | L43: =L42+H43-J43 -> #REF! | N43: =N42-J43+H43 -> #REF!
A44: 44890 | B44: 기사 야근비용 | D44: 6 | E44: 해외지사비 | I44: 270 | J44: =I44/'통장내역(환율표)'!#REF! -> #REF! | K44: =K43+G44-I44 -> #REF! | L44: =L43+H44-J44 -> #REF! | N44: =N43-J44+H44 -> #REF!
A45: 44890 | B45: 은행수수료 | D45: 6 | E45: 해외지사비 | I45: 7.2 | J45: =I45/'통장내역(환율표)'!#REF! -> #REF! | K45: =K44+G45-I45 -> #REF! | L45: =L44+H45-J45 -> #REF! | N45: =N44-J45+H45 -> #REF!
A46: 44890 | B46: 주유비 | D46: 7 | E46: 여비교통비 | F46: 해외 | I46: 1712 | J46: =I46/'통장내역(환율표)'!#REF! -> #REF! | K46: =K45+G46-I46 -> #REF! | L46: =L45+H46-J46 -> #REF! | N46: =N45-J46+H46 -> #REF!
A47: 44890 | B47: 주차비 | D47: 7 | E47: 여비교통비 | F47: 해외 | I47: 920 | J47: =I47/'통장내역(환율표)'!#REF! -> #REF! | K47: =K46+G47-I47 -> #REF! | L47: =L46+H47-J47 -> #REF! | N47: =N46-J47+H47 -> #REF!
A48: 44890 | B48: 톨비 | D48: 7 | E48: 여비교통비 | F48: 해외 | I48: 56 | J48: =I48/'통장내역(환율표)'!#REF! -> #REF! | K48: =K47+G48-I48 -> #REF! | L48: =L47+H48-J48 -> #REF! | N48: =N47-J48+H48 -> #REF!
A49: 44890 | B49: 은행수수료 | D49: 7 | E49: 해외지사비 | I49: 3.6 | J49: =I49/'통장내역(환율표)'!#REF! -> #REF! | K49: =K48+G49-I49 -> #REF! | L49: =L48+H49-J49 -> #REF! | N49: =N48-J49+H49 -> #REF!
A50: 44890 | B50: 통신비(김명관 책임) | D50: 8 | E50: 통신비 | F50: 기타 | I50: 200 | J50: 27.96 | K50: =K49+G50-I50 -> #REF! | L50: =L49+H50-J50 -> #REF! | N50: =N49-J50+H50 -> #REF!
A51: 44890 | B51: 업무추진비 | D51: 8 | E51: 업무추진비 | I51: 4902 | J51: =I51/'통장내역(환율표)'!#REF! -> #REF! | K51: =K50+G51-I51 -> #REF! | L51: =L50+H51-J51 -> #REF! | N51: =N50-J51+H51 -> #REF!
A52: 44890 | B52: 은행수수료 | D52: 8 | E52: 해외지사비 | I52: 3.6 | J52: =I52/'통장내역(환율표)'!#REF! -> #REF! | K52: =K51+G52-I52 -> #REF! | L52: =L51+H52-J52 -> #REF! | N52: =N51-J52+H52 -> #REF!
A53: 44890 | B53: 통신비(Pan Shi Qiang 책임) | D53: 9 | E53: 통신비 | F53: 기타 | I53: 98.5 | J53: 13.77 | K53: =K52+G53-I53 -> #REF! | L53: =L52+H53-J53 -> #REF! | N53: =N52-J53+H53 -> #REF!
A54: 44890 | B54: 시내교통비 | D54: 9 | E54: 여비교통비 | F54: 해외 | I54: 583.04 | J54: =I54/'통장내역(환율표)'!#REF! -> #REF! | K54: =K53+G54-I54 -> #REF! | L54: =L53+H54-J54 -> #REF! | N54: =N53-J54+H54 -> #REF!
A55: 44890 | B55: 택배비용 | D55: 9 | E55: 해외지사비 | I55: 172.21 | J55: =I55/'통장내역(환율표)'!#REF! -> #REF! | K55: =K54+G55-I55 -> #REF! | L55: =L54+H55-J55 -> #REF! | N55: =N54-J55+H55 -> #REF!
A56: 44890 | B56: 사무비품 | D56: 9 | E56: 해외지사비 | I56: =19.7+1003 -> 1022.7 | J56: =I56/'통장내역(환율표)'!#REF! -> #REF! | K56: =K55+G56-I56 -> #REF! | L56: =L55+H56-J56 -> #REF! | N56: =N55-J56+H56 -> #REF!
A57: 44890 | B57: 은행수수료 | D57: 9 | E57: 해외지사비 | I57: 3.6 | J57: =I57/'통장내역(환율표)'!#REF! -> #REF! | K57: =K56+G57-I57 -> #REF! | L57: =L56+H57-J57 -> #REF! | N57: =N56-J57+H57 -> #REF!
A58: 44890 | B58: 청소비 | D58: 10 | E58: 해외지사비 | I58: 300 | J58: =I58/'통장내역(환율표)'!#REF! -> #REF! | K58: =K57+G58-I58 -> #REF! | L58: =L57+H58-J58 -> #REF! | N58: =N57-J58+H58 -> #REF!
A59: 44890 | B59: 사무비품(생수,쓰레기봉투) | D59: 10 | E59: 해외지사비 | I59: =227.46-34.98 -> 192.48 | J59: =I59/'통장내역(환율표)'!#REF! -> #REF! | K59: =K58+G59-I59 -> #REF! | L59: =L58+H59-J59 -> #REF! | N59: =N58-J59+H59 -> #REF!
A60: 44890 | B60: 은행수수료 | D60: 10 | E60: 해외지사비 | I60: 3.6 | J60: =I60/'통장내역(환율표)'!#REF! -> #REF! | K60: =K59+G60-I60 -> #REF! | L60: =L59+H60-J60 -> #REF! | N60: =N59-J60+H60 -> #REF!
A61: 44890 | B61: 신순연 책임_Print 및 Sacn비용(사무실 운영비) | D61: 11 | E61: 해외지사비 | I61: 206 | J61: =I61/'통장내역(환율표)'!#REF! -> #REF! | K61: =K60+G61-I61 -> #REF! | L61: =L60+H61-J61 -> #REF! | N61: =N60-J61+H61 -> #REF!
A62: 44890 | B62: 은행수수료 | D62: 11 | E62: 해외지사비 | I62: 3.6 | J62: =I62/'통장내역(환율표)'!#REF! -> #REF! | K62: =K61+G62-I62 -> #REF! | L62: =L61+H62-J62 -> #REF! | N62: =N61-J62+H62 -> #REF!
A63: 44890 | B63: 사무실 Internet비용 | D63: 12 | E63: 통신비 | F63: 기타 | I63: 396.5 | J63: =I63/'통장내역(환율표)'!#REF! -> #REF! | K63: =K62+G63-I63 -> #REF! | L63: =L62+H63-J63 -> #REF! | N63: =N62-J63+H63 -> #REF!
A64: 44890 | B64: 은행수수료 | D64: 12 | E64: 해외지사비 | I64: 3.6 | J64: =I64/'통장내역(환율표)'!#REF! -> #REF! | K64: =K63+G64-I64 -> #REF! | L64: =L63+H64-J64 -> #REF! | N64: =N63-J64+H64 -> #REF!

Sheet 내역_22.12
A1: 12월 전도금 사용 내역 | K1: 100066029
A2: 11/10 송금 환율(1368.3) | E2: 100077177 | G2: 12/10 송금 환율(1306.6) | K2: 100077182 | L2: 1200000696
A3: 대계정 | B3: 소계정 | C3: 금액 (RMB) | D3: 금액 (USD) | E3: 금액 (KRW) | G3: 대계정 | H3: 소계정 | I3: 금액 (RMB) | J3: 금액 (USD) | K3: 금액 (KRW)
A4: 소모품비 | G4: 소모품비
A5: 업무추진비 | B5: 일반 | F5: 51131050 | G5: 업무추진비 | H5: 일반 | I5: 1552 | J5: 223.14858 | K5: 291568 | L5: =K5+E5 -> 291568
A6: 여비교통비 | B6: 해외 | F6: 51061030 | G6: 여비교통비 | H6: 해외 | I6: 9203.124 | J6: 1323.2371 | K6: 1728945 | L6: =K6+E6 -> 1728945
A7: 지급임차료 | B7: 사무실관리 | F7: 51201020 | G7: 지급임차료 | H7: 사무실관리 | I7: 19440 | J7: 2795.1085 | K7: 3652091 | L7: =K7+E7 -> 3652091
A8: 지급임차료 | B8: 차량임차료 | F8: 51201030 | G8: 지급임차료 | H8: 차량임차료 | I8: 10500 | J8: 1509.7036 | K8: 1972574 | L8: =K8+E8 -> 1972574
A9: 통신비 | B9: 기타 | F9: 51071700 | G9: 통신비 | H9: 기타 | I9: 896.5 | J9: 128.89993 | K9: 168421 | L9: =K9+E9 -> 168421
A10: 해외지사비 | C10: 35809.301 | D10: 5006.8088 | E10: 6850818 | F10: 51321010 | G10: 해외지사비 | I10: 84589.079 | J10: 12188.328 | K10: 15925272 | L10: =K10+E10 -> 22776090
A11: 보증금 | F11: 13081010 | G11: 보증금
A12: Total | C12: =SUM(C4:C11) -> 35809.301 | D12: =SUM(D4:D11) -> 5006.8088 | E12: =SUM(E4:E11) -> 6850818 | F12: 52981010 | G12: Total | I12: =SUM(I4:I11) -> 126180.7 | J12: =SUM(J4:J11) -> 18168.425 | K12: =SUM(K4:K10) -> 23738871
C13: =C12+I12 -> 161990 | D13: =D12+J12 -> 23175.234 | E13: =E12+K12 -> 30589689 | K13: 16280.086 | L13: 2425.7418
A14: 보증금 | B14: 13081010 | H14: =SUBTOTAL(9,H17:H69) -> #REF! | I14: =SUBTOTAL(9,I17:I84) -> #REF! | J14: =SUBTOTAL(9,J17:J82) -> #REF!
A15: 날짜 | B15: 내역 | D15: 증빙번호 | E15: 대계정 | F15: 소계정 | G15: 입금 | I15: 출금 | K15: 잔액 | M15: 비고
G16: RMB | H16: USD | I16: RMB | J16: USD | K16: RMB | L16: USD
A17: 44895 | B17: 기존 잔고 | K17: 35714.279 | L17: 4993.5686 | N17: 4993.5666
A18: 44908 | B18: USD 입금 | G18: 168306.45 | H18: 24225.32 | K18: =K17+G18-I18 -> 204020.73 | L18: =L17+H18-J18 -> 29218.889
A19: 44908 | B19: 은행수수료 | D19: 1 | E19: 해외지사비 | J19: 26 | K19: =K18+G19-I19 -> 204020.73 | L19: =L18+H19-J19 -> 29192.889
A20: 44916 | B20: 이자 입금 | D20: 2 | E20: 잡이익 | G20: 94.71 | H20: =G20/'통장내역(환율표)'!#REF! -> #REF! | J20: =I20/'통장내역(환율표)'!#REF! -> #REF! | K20: =K19+G20-I20 -> 204115.44 | L20: =L19+H20-J20 -> #REF! | M20: 18116 | N20: =N17-J20+H20 -> #REF!
A21: 44920 | B21: 주재원 5대보험 | D21: 3 | E21: 해외지사비 | I21: 7599.43 | J21: =I21/'통장내역(환율표)'!#REF! -> #REF! | K21: =K20+G21-I21 -> 196516.01 | L21: =L20+H21-J21 -> #REF! | M21: 신순연 | N21: =N20-J21+H21 -> #REF!
A22: 44920 | B22: 주재원 개인소득세 | D22: 3 | E22: 해외지사비 | I22: 5104.59 | J22: =I22/'통장내역(환율표)'!#REF! -> #REF! | K22: =K21+G22-I22 -> 191411.42 | L22: =L21+H22-J22 -> #REF! | M22: 신순연 | N22: =N21-J22+H22 -> #REF!
A23: 44920 | B23: 주재원수당 | D23: 3 | E23: 해외지사비 | I23: 13500 | J23: =I23/'통장내역(환율표)'!#REF! -> #REF! | K23: =K22+G23-I23 -> 177911.42 | L23: =L22+H23-J23 -> #REF! | M23: 신순연 | N23: =N22-J23+H23 -> #REF!
A24: 44920 | B24: 주택수당_11월 환율 | D24: 3 | E24: 해외지사비 | I24: =J24*'통장내역(환율표)'!#REF! -> #REF! | J24: 1342.9976 | K24: =K23+G24-I24 -> #REF! | L24: =L23+H24-J24 -> #REF! | M24: 신순연 | N24: =N23-J24+H24 -> #REF!
A25: 44920 | B25: 주택수당_11월 환율 | D25: 3 | E25: 해외지사비 | I25: =20000-I24 -> #REF! | J25: =I25/'통장내역(환율표)'!#REF! -> #REF! | K25: =K24+G25-I25 -> #REF! | L25: =L24+H25-J25 -> #REF! | M25: 신순연 | N25: =24199.32-J25 -> #REF!
A26: 44920 | B26: 주재원 대행 수수료 | D26: 3 | E26: 해외지사비 | I26: 300 | J26: =I26/'통장내역(환율표)'!#REF! -> #REF! | K26: =K25+G26-I26 -> #REF! | L26: =L25+H26-J26 -> #REF! | M26: 신순연 | N26: =N25-J26+H26 -> #REF!
A27: 44920 | B27: 주재원 5대보험 | D27: 3 | E27: 해외지사비 | I27: 4224.43 | J27: =I27/'통장내역(환율표)'!#REF! -> #REF! | K27: =K26+G27-I27 -> #REF! | L27: =L26+H27-J27 -> #REF! | M27: 김명관 | N27: =N26-J27+H27 -> #REF!
A28: 44920 | B28: 주재원 개인소득세 | D28: 3 | E28: 해외지사비 | I28: 2114.29 | J28: =I28/'통장내역(환율표)'!#REF! -> #REF! | K28: =K27+G28-I28 -> #REF! | L28: =L27+H28-J28 -> #REF! | M28: 김명관 | N28: =N27-J28+H28 -> #REF!
A29: 44920 | B29: 주재원수당 | D29: 3 | E29: 해외지사비 | I29: 13500 | J29: =I29/'통장내역(환율표)'!#REF! -> #REF! | K29: =K28+G29-I29 -> #REF! | L29: =L28+H29-J29 -> #REF! | M29: 김명관 | N29: =N28-J29+H29 -> #REF!
A30: 44920 | B30: 주택수당 | D30: 3 | E30: 해외지사비 | I30: 14000 | J30: =I30/'통장내역(환율표)'!#REF! -> #REF! | K30: =K29+G30-I30 -> #REF! | L30: =L29+H30-J30 -> #REF! | M30: 김명관 | N30: =N29-J30+H30 -> #REF!
A31: 44920 | B31: 주재원 대행 수수료 | D31: 3 | E31: 해외지사비 | I31: 300 | J31: =I31/'통장내역(환율표)'!#REF! -> #REF! | K31: =K30+G31-I31 -> #REF! | L31: =L30+H31-J31 -> #REF! | M31: 김명관 | N31: =N30-J31+H31 -> #REF!
A32: 44920 | B32: 주재원 5대보험 | D32: 3 | E32: 해외지사비 | I32: 8308.1 | J32: =I32/'통장내역(환율표)'!#REF! -> #REF! | K32: =K31+G32-I32 -> #REF! | L32: =L31+H32-J32 -> #REF! | M32: 판책임 | N32: =N31-J32+H32 -> #REF!
A33: 44920 | B33: 주재원 개인소득세 | D33: 3 | E33: 해외지사비 | I33: 1672.25 | J33: =I33/'통장내역(환율표)'!#REF! -> #REF! | K33: =K32+G33-I33 -> #REF! | L33: =L32+H33-J33 -> #REF! | M33: 판책임 | N33: =N32-J33+H33 -> #REF!
A34: 44920 | B34: 주재원수당 | D34: 3 | E34: 해외지사비 | I34: 20050.34 | J34: =I34/'통장내역(환율표)'!#REF! -> #REF! | K34: =K33+G34-I34 -> #REF! | L34: =L33+H34-J34 -> #REF! | M34: 판책임 | N34: =N33-J34+H34 -> #REF!
A35: 44920 | B35: 주재원 대행 수수료 | D35: 3 | E35: 해외지사비 | I35: 300 | J35: =I35/'통장내역(환율표)'!#REF! -> #REF! | K35: =K34+G35-I35 -> #REF! | L35: =L34+H35-J35 -> #REF! | M35: 판책임 | N35: =N34-J35+H35 -> #REF!
A36: 44920 | B36: 은행수수료 | D36: 3 | E36: 해외지사비 | I36: 12 | J36: =I36/'통장내역(환율표)'!#REF! -> #REF! | K36: =K35+G36-I36 -> #REF! | L36: =L35+H36-J36 -> #REF! | N36: =N35-J36+H36 -> #REF!
A37: 44920 | B37: 사무실 임대료 | D37: 4(영수증 다음주 Update) | E37: 지급임차료 | F37: 사무실관리 | I37: 19440 | J37: =I37/'통장내역(환율표)'!#REF! -> #REF! | K37: =K36+G37-I37 -> #REF! | L37: =L36+H37-J37 -> #REF! | N37: =N36-J37+H37 -> #REF!
A38: 44920 | B38: 은행수수료 | D38: 4 | E38: 해외지사비 | I38: 7.2 | J38: =I38/'통장내역(환율표)'!#REF! -> #REF! | K38: =K37+G38-I38 -> #REF! | L38: =L37+H38-J38 -> #REF! | N38: =N37-J38+H38 -> #REF!
A39: 44920 | B39: 세무대행비 | D39: 5 | E39: 해외지사비 | I39: 1000 | J39: =I39/'통장내역(환율표)'!#REF! -> #REF! | K39: =K38+G39-I39 -> #REF! | L39: =L38+H39-J39 -> #REF! | N39: =N38-J39+H39 -> #REF!
A40: 44920 | B40: 은행수수료 | D40: 5 | E40: 해외지사비 | I40: 3.6 | J40: =I40/'통장내역(환율표)'!#REF! -> #REF! | K40: =K39+G40-I40 -> #REF! | L40: =L39+H40-J40 -> #REF! | N40: =N39-J40+H40 -> #REF!
A41: 44920 | B41: 차량 Rent비 | D41: 6 | E41: 지급임차료 | F41: 차량임차료 | I41: 10500 | J41: =I41/'통장내역(환율표)'!#REF! -> #REF! | K41: =K40+G41-I41 -> #REF! | L41: =L40+H41-J41 -> #REF! | N41: =N40-J41+H41 -> #REF!
A42: 44920 | B42: 차량 기사비 | D42: 6 | E42: 해외지사비 | I42: 6000 | J42: =I42/'통장내역(환율표)'!#REF! -> #REF! | K42: =K41+G42-I42 -> #REF! | L42: =L41+H42-J42 -> #REF! | N42: =N41-J42+H42 -> #REF!
A43: 44920 | B43: 기사 야근비용 | D43: 6 | E43: 해외지사비 | I43: 240 | J43: =I43/'통장내역(환율표)'!#REF! -> #REF! | K43: =K42+G43-I43 -> #REF! | L43: =L42+H43-J43 -> #REF! | N43: =N42-J43+H43 -> #REF!
A44: 44920 | B44: 은행수수료 | D44: 6 | E44: 해외지사비 | I44: 7.2 | J44: =I44/'통장내역(환율표)'!#REF! -> #REF! | K44: =K43+G44-I44 -> #REF! | L44: =L43+H44-J44 -> #REF! | N44: =N43-J44+H44 -> #REF!
A45: 44920 | B45: 사무실관리비 | D45: 7 | E45: 해외지사비 | I45: 1267.91 | J45: =I45/'통장내역(환율표)'!#REF! -> #REF! | K45: =K44+G45-I45 -> #REF! | L45: =L44+H45-J45 -> #REF! | M45: 사무실 에어컨, 수도, 전기, 관리비 | N45: =N44-J45+H45 -> #REF!
A46: 44920 | B46: 은행수수료 | D46: 7 | E46: 해외지사비 | I46: 3.6 | J46: =I46/'통장내역(환율표)'!#REF! -> #REF! | K46: =K45+G46-I46 -> #REF! | L46: =L45+H46-J46 -> #REF! | N46: =N45-J46+H46 -> #REF!
A47: 44920 | B47: 주유비 | D47: 8 | E47: 여비교통비 | F47: 해외 | I47: 1515 | J47: 217.83 | K47: =K46+G47-I47 -> #REF! | L47: =L46+H47-J47 -> #REF! | N47: =N46-J47+H47 -> #REF!
A48: 44920 | B48: 주차비 | D48: 8 | E48: 여비교통비 | F48: 해외 | I48: 910 | J48: =I48/'통장내역(환율표)'!#REF! -> #REF! | K48: =K47+G48-I48 -> #REF! | L48: =L47+H48-J48 -> #REF! | N48: =N47-J48+H48 -> #REF!
A49: 44920 | B49: 톨비 | D49: 8 | E49: 여비교통비 | F49: 해외 | I49: 128 | J49: =I49/'통장내역(환율표)'!#REF! -> #REF! | K49: =K48+G49-I49 -> #REF! | L49: =L48+H49-J49 -> #REF! | N49: =N48-J49+H49 -> #REF!
A50: 44920 | B50: 은행수수료 | D50: 8 | E50: 해외지사비 | I50: 3.6 | J50: =I50/'통장내역(환율표)'!#REF! -> #REF! | K50: =K49+G50-I50 -> #REF! | L50: =L49+H50-J50 -> #REF! | N50: =N49-J50+H50 -> #REF!
A51: 44920 | B51: 여비교통비_김명관_HKC충칭 출장건 | D51: 9 | E51: 여비교통비 | F51: 해외 | I51: 3229.56 | J51: =I51/'통장내역(환율표)'!#REF! -> #REF! | K51: =K50+G51-I51 -> #REF! | L51: =L50+H51-J51 -> #REF! | N51: =N50-J51+H51 -> #REF!
A52: 44920 | B52: 은행수수료 | D52: 9 | E52: 해외지사비 | I52: 3.6 | J52: =I52/'통장내역(환율표)'!#REF! -> #REF! | K52: =K51+G52-I52 -> #REF! | L52: =L51+H52-J52 -> #REF! | N52: =N51-J52+H52 -> #REF!
A53: 44920 | B53: 업무추진비_신순연 | D53: 10 | E53: 업무추진비 | F53: 일반 | I53: 788 | J53: =I53/'통장내역(환율표)'!#REF! -> #REF! | K53: =K52+G53-I53 -> #REF! | L53: =L52+H53-J53 -> #REF! | N53: =N52-J53+H53 -> #REF!
A54: 44920 | B54: 은행수수료 | D54: 10 | E54: 해외지사비 | I54: 3.6 | J54: =I54/'통장내역(환율표)'!#REF! -> #REF! | K54: =K53+G54-I54 -> #REF! | L54: =L53+H54-J54 -> #REF! | N54: =N53-J54+H54 -> #REF!
A55: 44920 | B55: 사무실 운영비_신순연 | D55: 11 | E55: 해외지사비 | I55: 535.44 | J55: =I55/'통장내역(환율표)'!#REF! -> #REF! | K55: =K54+G55-I55 -> #REF! | L55: =L54+H55-J55 -> #REF! | M55: 사무비품 | N55: =N54-J55+H55 -> #REF!
A56: 44920 | B56: 사무실 운영비_신순연 | D56: 11 | E56: 해외지사비 | I56: 12 | J56: =I56/'통장내역(환율표)'!#REF! -> #REF! | K56: =K55+G56-I56 -> #REF! | L56: =L55+H56-J56 -> #REF! | M56: 택배 | N56: =N55-J56+H56 -> #REF!
A57: 44920 | B57: 은행수수료 | D57: 11 | E57: 해외지사비 | I57: 3.6 | J57: =I57/'통장내역(환율표)'!#REF! -> #REF! | K57: =K56+G57-I57 -> #REF! | L57: =L56+H57-J57 -> #REF! | N57: =N56-J57+H57 -> #REF!
A58: 44920 | B58: 여비교통비_신순연_HKC충칭 출장건 | D58: 12 | E58: 여비교통비 | F58: 해외 | I58: 3283.56 | J58: =I58/'통장내역(환율표)'!#REF! -> #REF! | K58: =K57+G58-I58 -> #REF! | L58: =L57+H58-J58 -> #REF! | N58: =N57-J58+H58 -> #REF!
A59: 44920 | B59: 은행수수료 | D59: 12 | E59: 해외지사비 | I59: 3.6 | J59: =I59/'통장내역(환율표)'!#REF! -> #REF! | K59: =K58+G59-I59 -> #REF! | L59: =L58+H59-J59 -> #REF! | N59: =N58-J59+H59 -> #REF!
A60: 44920 | B60: 시내교통비_신순연 | D60: 13 | E60: 여비교통비 | F60: 해외 | I60: 137 | J60: 19.7 | K60: =K59+G60-I60 -> #REF! | L60: =L59+H60-J60 -> #REF! | N60: =N59-J60+H60 -> #REF!
A61: 44920 | B61: 은행수수료 | D61: 13 | E61: 해외지사비 | I61: 3.6 | J61: =I61/'통장내역(환율표)'!#REF! -> #REF! | K61: =K60+G61-I61 -> #REF! | L61: =L60+H61-J61 -> #REF! | N61: =N60-J61+H61 -> #REF!
A62: 44920 | B62: 사무실 Internet비용 | D62: 14 | E62: 통신비 | F62: 기타 | I62: 396.5 | J62: =I62/'통장내역(환율표)'!#REF! -> #REF! | K62: =K61+G62-I62 -> #REF! | L62: =L61+H62-J62 -> #REF! | N62: =N61-J62+H62 -> #REF!
A63: 44920 | B63: 은행수수료 | D63: 14 | E63: 해외지사비 | I63: 3.6 | J63: =I63/'통장내역(환율표)'!#REF! -> #REF! | K63: =K62+G63-I63 -> #REF! | L63: =L62+H63-J63 -> #REF! | N63: =N62-J63+H63 -> #REF!
A64: 44921 | B64: 업무추진비_김명관 | D64: 15 | E64: 업무추진비 | F64: 일반 | I64: 764 | J64: =I64/'통장내역(환율표)'!#REF! -> #REF! | K64: =K63+G64-I64 -> #REF! | L64: =L63+H64-J64 -> #REF! | N64: =N63-J64+H64 -> #REF!
A65: 44921 | B65: 은행수수료 | D65: 15 | E65: 해외지사비 | I65: 3.6 | J65: =I65/'통장내역(환율표)'!#REF! -> #REF! | K65: =K64+G65-I65 -> #REF! | L65: =L64+H65-J65 -> #REF! | N65: =N64-J65+H65 -> #REF!
A66: 44921 | B66: 청소비 | D66: 16 | E66: 해외지사비 | I66: 300 | J66: =I66/'통장내역(환율표)'!#REF! -> #REF! | K66: =K65+G66-I66 -> #REF! | L66: =L65+H66-J66 -> #REF! | N66: =N65-J66+H66 -> #REF!
A67: 44921 | B67: 은행수수료 | D67: 16 | E67: 해외지사비 | I67: 3.6 | J67: =I67/'통장내역(환율표)'!#REF! -> #REF! | K67: =K66+G67-I67 -> #REF! | L67: =L66+H67-J67 -> #REF! | N67: =N66-J67+H67 -> #REF!
A68: 44921 | B68: 통신비_신순연 | D68: 17 | E68: 통신비 | F68: 기타 | I68: 500 | J68: =I68/'통장내역(환율표)'!#REF! -> #REF! | K68: =K67+G68-I68 -> #REF! | L68: =L67+H68-J68 -> #REF! | N68: =N67-J68+H68 -> #REF!
A69: 44921 | B69: 은행수수료 | D69: 17 | E69: 해외지사비 | I69: 3.6 | J69: =I69/'통장내역(환율표)'!#REF! -> #REF! | K69: =K68+G69-I69 -> #REF! | L69: =L68+H69-J69 -> #REF! | N69: =N68-J69+H69 -> #REF!

Sheet 내역_23.01
A1: 1월 전도금 사용 내역 | K1: 100066029
A2: 12/10 송금 환율(1306.6) | E2: 100000556 | G2: 1/10 송금 환율(1,246.8) | K2: 100000561 | L2: 1200000696
A3: 대계정 | B3: 소계정 | C3: 금액 (RMB) | D3: 금액 (USD) | E3: 금액 (KRW) | G3: 대계정 | H3: 소계정 | I3: 금액 (RMB) | J3: 금액 (USD) | K3: 금액 (KRW)
A4: 소모품비 | G4: 소모품비
A5: 업무추진비 | B5: 일반 | F5: 51131050 | G5: 업무추진비 | H5: 일반 | I5: 6480 | J5: 958.55469 | K5: 1195120 | L5: =K5/I5 -> 184.4321
A6: 여비교통비 | B6: 해외 | F6: 51061030 | G6: 여비교통비 | H6: 해외 | I6: 18400.17 | J6: 2721.8471 | K6: 3393603 | L6: =K6+E6 -> 3393603
A7: 지급임차료 | B7: 사무실관리 | F7: 51201020 | G7: 지급임차료 | H7: 사무실관리 | I7: 19440 | J7: 2875.6641 | K7: 3585373 | L7: =K7+E7 -> 3585373
A8: 지급임차료 | B8: 차량임차료 | F8: 51201030 | G8: 지급임차료 | H8: 차량임차료 | I8: 10500 | J8: 1553.2136 | K8: 1936542 | L8: =K8+E8 -> 1936542
A9: 통신비 | B9: 기타 | F9: 51071700 | G9: 통신비 | H9: 기타 | I9: 1290 | J9: 190.82339 | K9: 237914 | L9: =K9+E9 -> 237914
A10: 해외지사비 | C10: 42125.728 | D10: 6056.8919 | E10: 7913932 | F10: 51321010 | G10: 해외지사비 | I10: 118246.87 | J10: 17517.581 | K10: 21840919 | L10: =K10+E10 -> 29754851
A11: 보증금 | F11: 13081010 | G11: 보증금
A12: Total | C12: =SUM(C4:C11) -> 42125.728 | D12: =SUM(D4:D11) -> 6056.8919 | E12: =SUM(E4:E11) -> 7913932 | F12: 52981010 | G12: Total | I12: =SUM(I4:I11) -> 174357.04 | J12: =SUM(J4:J11) -> 25817.684 | K12: =SUM(K4:K10) -> 32189471
C13: =C12+I12 -> 216482.77 | D13: =D12+J12 -> 31874.576 | E13: =E12+K12 -> 40103403 | L13: 2425.7418
A14: 보증금 | B14: 13081010 | H14: =SUBTOTAL(9,H17:H103) -> 33835.84 | I14: =SUBTOTAL(9,I17:I118) -> #REF! | J14: =SUBTOTAL(9,J17:J116) -> #REF!
A15: 날짜 | B15: 내역 | D15: 증빙번호 | E15: 대계정 | F15: 소계정 | G15: 입금 | I15: 출금 | K15: 잔액 | M15: 비고
G16: RMB | H16: USD | I16: RMB | J16: USD | K16: RMB | L16: USD
A17: 45290 | B17: 기존 잔고 | K17: 42125.439 | L17: 6056.894 | N17: 6056.8919
A18: 44937 | B18: 사무실 운영세금(2022년 10월, 11월, 12월 해당) | D18: 1 | E18: 해외지사비 | I18: 17495.22 | J18: =I18/'통장내역(환율표)'!#REF! -> #REF! | K18: =K17+G18-I18 -> 24630.219 | L18: =L17+H18-J18 -> #REF! | N18: =N17-J18+H18 -> #REF!
A19: 44937 | B19: USD 입금 및 RMB 환전 | D19: 2 | G19: 228561.2 | H19: 33835.84 | J19: =I19/'통장내역(환율표)'!#REF! -> #REF! | K19: =K18+G19-I19 -> 253191.42 | L19: =L18+H19-J19 -> #REF!
A20: 44937 | B20: 은행수수료 | D20: 1 | E20: 해외지사비 | J20: 25.9 | K20: =K19+G20-I20 -> 253191.42 | L20: =L19+H20-J20 -> #REF!
A21: 44940 | B21: 주재원 5대보험 | D21: 3 | E21: 해외지사비 | I21: 7606.18 | J21: =I21/'통장내역(환율표)'!#REF! -> #REF! | K21: =K20+G21-I21 -> 245585.24 | L21: =L20+H21-J21 -> #REF! | M21: 신순연 | N21: =N18-J21+H21 -> #REF!
A22: 44940 | B22: 주재원 개인소득세 | D22: 3 | E22: 해외지사비 | I22: 765.69 | J22: =I22/'통장내역(환율표)'!#REF! -> #REF! | K22: =K21+G22-I22 -> 244819.55 | L22: =L21+H22-J22 -> #REF! | M22: 신순연 | N22: =N21-J22+H22 -> #REF!
A23: 44940 | B23: 주재원수당 | D23: 3 | E23: 해외지사비 | I23: 13500 | J23: =I23/'통장내역(환율표)'!#REF! -> #REF! | K23: =K22+G23-I23 -> 231319.55 | L23: =L22+H23-J23 -> #REF! | M23: 신순연 | N23: =N22-J23+H23 -> #REF!
A24: 44940 | B24: 주택수당_12월 환율 | D24: 3 | E24: 해외지사비 | I24: =J24*'통장내역(환율표)'!#REF! -> #REF! | J24: 396.64059 | K24: =K23+G24-I24 -> #REF! | L24: =L23+H24-J24 -> #REF! | M24: 신순연 | N24: =N23-J24+H24 -> #REF!
A25: 44940 | B25: 주택수당_1월 환율 | D25: 3 | E25: 해외지사비 | I25: =20000-I24 -> #REF! | J25: =I25/'통장내역(환율표)'!#REF! -> #REF! | K25: =K24+G25-I25 -> #REF! | L25: =L24+H25-J25 -> #REF! | M25: 신순연 | N25: =33809.94-J25 -> #REF!
A26: 44940 | B26: 주재원 대행 수수료 | D26: 3 | E26: 해외지사비 | I26: 300 | J26: =I26/'통장내역(환율표)'!#REF! -> #REF! | K26: =K25+G26-I26 -> #REF! | L26: =L25+H26-J26 -> #REF! | M26: 신순연 | N26: =N25-J26+H26 -> #REF!
A27: 44940 | B27: 주재원 5대보험 | D27: 3 | E27: 해외지사비 | I27: 4231.18 | J27: =I27/'통장내역(환율표)'!#REF! -> #REF! | K27: =K26+G27-I27 -> #REF! | L27: =L26+H27-J27 -> #REF! | M27: 김명관 | N27: =N26-J27+H27 -> #REF!
A28: 44940 | B28: 주재원 개인소득세 | D28: 3 | E28: 해외지사비 | I28: 634.29 | J28: =I28/'통장내역(환율표)'!#REF! -> #REF! | K28: =K27+G28-I28 -> #REF! | L28: =L27+H28-J28 -> #REF! | M28: 김명관 | N28: =N27-J28+H28 -> #REF!
A29: 44940 | B29: 주재원수당 | D29: 3 | E29: 해외지사비 | I29: 13500 | J29: =I29/'통장내역(환율표)'!#REF! -> #REF! | K29: =K28+G29-I29 -> #REF! | L29: =L28+H29-J29 -> #REF! | M29: 김명관 | N29: =N28-J29+H29 -> #REF!
A30: 44940 | B30: 주택수당 | D30: 3 | E30: 해외지사비 | I30: 14000 | J30: =I30/'통장내역(환율표)'!#REF! -> #REF! | K30: =K29+G30-I30 -> #REF! | L30: =L29+H30-J30 -> #REF! | M30: 김명관 | N30: =N29-J30+H30 -> #REF!
A31: 44940 | B31: 주재원 대행 수수료 | D31: 3 | E31: 해외지사비 | I31: 300 | J31: =I31/'통장내역(환율표)'!#REF! -> #REF! | K31: =K30+G31-I31 -> #REF! | L31: =L30+H31-J31 -> #REF! | M31: 김명관 | N31: =N30-J31+H31 -> #REF!
A32: 44940 | B32: 현채인 5대보험 | D32: 3 | E32: 해외지사비 | I32: 5043.19 | J32: =I32/'통장내역(환율표)'!#REF! -> #REF! | K32: =K31+G32-I32 -> #REF! | L32: =L31+H32-J32 -> #REF! | M32: 판책임 | N32: =N31-J32+H32 -> #REF!
A33: 44940 | B33: 현채인수당 | D33: 3 | E33: 해외지사비 | I33: 52700 | J33: =I33/'통장내역(환율표)'!#REF! -> #REF! | K33: =K32+G33-I33 -> #REF! | L33: =L32+H33-J33 -> #REF! | M33: 판책임 | N33: =#REF!-J33+H33 -> #REF!
A34: 44940 | B34: 현채인 대행 수수료 | D34: 3 | E34: 해외지사비 | I34: 300 | J34: =I34/'통장내역(환율표)'!#REF! -> #REF! | K34: =K33+G34-I34 -> #REF! | L34: =L33+H34-J34 -> #REF! | M34: 판책임 | N34: =N33-J34+H34 -> #REF!
A35: 44940 | B35: 은행수수료 | D35: 3 | E35: 해외지사비 | I35: 12 | J35: =I35/'통장내역(환율표)'!#REF! -> #REF! | K35: =K34+G35-I35 -> #REF! | L35: =L34+H35-J35 -> #REF! | N35: =N34-J35+H35 -> #REF!
A36: 44940 | B36: 사무실 임대료 | D36: 4 | E36: 지급임차료 | F36: 사무실관리 | I36: 19440 | J36: =I36/'통장내역(환율표)'!#REF! -> #REF! | K36: =K35+G36-I36 -> #REF! | L36: =L35+H36-J36 -> #REF! | M36: 업체 춘절 휴가로 인해 영수증 미확보, 차월 입수 예정 | N36: =N35-J36+H36 -> #REF!
A37: 44940 | B37: 은행수수료 | D37: 4 | E37: 해외지사비 | I37: 7.2 | J37: =I37/'통장내역(환율표)'!#REF! -> #REF! | K37: =K36+G37-I37 -> #REF! | L37: =L36+H37-J37 -> #REF! | N37: =N36-J37+H37 -> #REF!
A38: 44940 | B38: 차량 Rent비 | D38: 5 | E38: 지급임차료 | F38: 차량임차료 | I38: 10500 | J38: =I38/'통장내역(환율표)'!#REF! -> #REF! | K38: =K37+G38-I38 -> #REF! | L38: =L37+H38-J38 -> #REF! | N38: =N37-J38+H38 -> #REF!
A39: 44940 | B39: 차량 기사비 | D39: 5 | E39: 해외지사비 | I39: 6000 | J39: =I39/'통장내역(환율표)'!#REF! -> #REF! | K39: =K38+G39-I39 -> #REF! | L39: =L38+H39-J39 -> #REF! | N39: =N38-J39+H39 -> #REF!
A40: 44940 | B40: 은행수수료 | D40: 5 | E40: 해외지사비 | I40: 7.2 | J40: =I40/'통장내역(환율표)'!#REF! -> #REF! | K40: =K39+G40-I40 -> #REF! | L40: =L39+H40-J40 -> #REF! | N40: =N39-J40+H40 -> #REF!
A41: 44940 | B41: 세무대행비 | D41: 6 | E41: 해외지사비 | I41: 1000 | J41: =I41/'통장내역(환율표)'!#REF! -> #REF! | K41: =K40+G41-I41 -> #REF! | L41: =L40+H41-J41 -> #REF! | N41: =N40-J41+H41 -> #REF!
A42: 44940 | B42: 은행수수료 | D42: 6 | E42: 해외지사비 | I42: 3.6 | J42: =I42/'통장내역(환율표)'!#REF! -> #REF! | K42: =K41+G42-I42 -> #REF! | L42: =L41+H42-J42 -> #REF! | N42: =N41-J42+H42 -> #REF!
A43: 44940 | B43: 사무실 에어컨, 수도, 전기, 관리비 | D43: 7 | E43: 해외지사비 | I43: 680.17 | J43: 100.61 | K43: =K42+G43-I43 -> #REF! | L43: =L42+H43-J43 -> #REF! | N43: =N42-J43+H43 -> #REF!
A44: 44940 | B44: 은행수수료 | D44: 7 | E44: 해외지사비 | I44: 3.6 | J44: =I44/'통장내역(환율표)'!#REF! -> #REF! | K44: =K43+G44-I44 -> #REF! | L44: =L43+H44-J44 -> #REF! | N44: =N43-J44+H44 -> #REF!
A45: 44946 | B45: 주차비 | D45: 8 | E45: 여비교통비 | F45: 해외 | I45: 900 | J45: =I45/'통장내역(환율표)'!#REF! -> #REF! | K45: =K44+G45-I45 -> #REF! | L45: =L44+H45-J45 -> #REF! | N45: =N44-J45+H45 -> #REF!
A46: 44946 | B46: 주유비 | D46: 8 | E46: 여비교통비 | F46: 해외 | I46: 1642.5 | J46: 242.965 | K46: =K45+G46-I46 -> #REF! | L46: =L45+H46-J46 -> #REF! | N46: =N45-J46+H46 -> #REF!
A47: 44946 | B47: 톨비 | D47: 8 | E47: 여비교통비 | F47: 해외 | I47: 210 | J47: =I47/'통장내역(환율표)'!#REF! -> #REF! | K47: =K46+G47-I47 -> #REF! | L47: =L46+H47-J47 -> #REF! | N47: =N46-J47+H47 -> #REF!
A48: 44946 | B48: 은행수수료 | D48: 8 | E48: 해외지사비 | I48: 3.6 | J48: =I48/'통장내역(환율표)'!#REF! -> #REF! | K48: =K47+G48-I48 -> #REF! | L48: =L47+H48-J48 -> #REF! | N48: =N47-J48+H48 -> #REF!
A49: 44946 | B49: 여비교통비_pan책임 | D49: 9 | E49: 여비교통비 | F49: 해외 | I49: 2025.1 | J49: =I49/'통장내역(환율표)'!#REF! -> #REF! | K49: =K48+G49-I49 -> #REF! | L49: =L48+H49-J49 -> #REF! | N49: =N48-J49+H49 -> #REF!
A50: 44946 | B50: 사무실운영비(물류비)_pan책임 | D50: 9 | E50: 해외지사비 | I50: 1398.11 | J50: =I50/'통장내역(환율표)'!#REF! -> #REF! | K50: =K49+G50-I50 -> #REF! | L50: =L49+H50-J50 -> #REF! | N50: =N49-J50+H50 -> #REF!
A51: 44946 | B51: 통신비_pan책임 | D51: 9 | E51: 통신비 | F51: 기타 | I51: 197 | J51: =I51/'통장내역(환율표)'!#REF! -> #REF! | K51: =K50+G51-I51 -> #REF! | L51: =L50+H51-J51 -> #REF! | N51: =N50-J51+H51 -> #REF!
A52: 44946 | B52: 업무추진비_pan책임 | D52: 9 | E52: 업무추진비 | F52: 일반 | I52: 234 | J52: =I52/'통장내역(환율표)'!#REF! -> #REF! | K52: =K51+G52-I52 -> #REF! | L52: =L51+H52-J52 -> #REF! | N52: =N51-J52+H52 -> #REF!
A53: 44946 | B53: 은행수수료 | D53: 9 | E53: 해외지사비 | I53: 3.6 | J53: =I53/'통장내역(환율표)'!#REF! -> #REF! | K53: =K52+G53-I53 -> #REF! | L53: =L52+H53-J53 -> #REF! | N53: =N52-J53+H53 -> #REF!
A54: 44946 | B54: 여비교통비_김명관_HKC H2 출장건 | D54: 10 | E54: 여비교통비 | F54: 해외 | I54: 5768 | J54: =I54/'통장내역(환율표)'!#REF! -> #REF! | K54: =K53+G54-I54 -> #REF! | L54: =L53+H54-J54 -> #REF! | M54: 항공료 4838, 호텔비 930 | N54: =N53-J54+H54 -> #REF!
A55: 44946 | B55: 은행수수료 | D55: 10 | E55: 해외지사비 | I55: 3.6 | J55: =I55/'통장내역(환율표)'!#REF! -> #REF! | K55: =K54+G55-I55 -> #REF! | L55: =L54+H55-J55 -> #REF! | N55: =N54-J55+H55 -> #REF!
A56: 44946 | B56: 업무추진비_김명관 | D56: 11 | E56: 업무추진비 | F56: 일반 | I56: 3794 | J56: 561.225 | K56: =K55+G56-I56 -> #REF! | L56: =L55+H56-J56 -> #REF! | N56: =N55-J56+H56 -> #REF!
A57: 44946 | B57: 은행수수료 | D57: 11 | E57: 해외지사비 | I57: 3.6 | J57: =I57/'통장내역(환율표)'!#REF! -> #REF! | K57: =K56+G57-I57 -> #REF! | L57: =L56+H57-J57 -> #REF! | N57: =N56-J57+H57 -> #REF!
A58: 44946 | B58: 통신비_김명관 | D58: 12 | E58: 통신비 | F58: 기타 | I58: 200 | J58: =I58/'통장내역(환율표)'!#REF! -> #REF! | K58: =K57+G58-I58 -> #REF! | L58: =L57+H58-J58 -> #REF! | N58: =N57-J58+H58 -> #REF!
A59: 44946 | B59: 은행수수료 | D59: 12 | E59: 해외지사비 | I59: 3.6 | J59: =I59/'통장내역(환율표)'!#REF! -> #REF! | K59: =K58+G59-I59 -> #REF! | L59: =L58+H59-J59 -> #REF! | N59: =N58-J59+H59 -> #REF!
A60: 44946 | B60: 여비교통비_신순연 | D60: 13 | E60: 여비교통비 | F60: 해외 | I60: 6851.87 | J60: =I60/'통장내역(환율표)'!#REF! -> #REF! | K60: =K59+G60-I60 -> #REF! | L60: =L59+H60-J60 -> #REF! | M60: 영수증 6851.89로 합산 / 87로 인출 -> 신순연 책임이 덜 받기로 함 0.2 | N60: =N59-J60+H60 -> #REF!
A61: 44946 | B61: 은행수수료 | D61: 13 | E61: 해외지사비 | I61: 3.6 | J61: =I61/'통장내역(환율표)'!#REF! -> #REF! | K61: =K60+G61-I61 -> #REF! | L61: =L60+H61-J61 -> #REF! | N61: =N60-J61+H61 -> #REF!
A62: 44946 | B62: 통신비_신순연 | D62: 14 | E62: 통신비 | F62: 기타 | I62: 499 | J62: =I62/'통장내역(환율표)'!#REF! -> #REF! | K62: =K61+G62-I62 -> #REF! | L62: =L61+H62-J62 -> #REF! | N62: =N61-J62+H62 -> #REF!
A63: 44946 | B63: 사무실 wifi | D63: 14 | E63: 통신비 | F63: 기타 | I63: 394 | J63: =I63/'통장내역(환율표)'!#REF! -> #REF! | K63: =K62+G63-I63 -> #REF! | L63: =L62+H63-J63 -> #REF! | N63: =N62-J63+H63 -> #REF!
A64: 44946 | B64: 은행수수료 | D64: 14 | E64: 해외지사비 | I64: 3.6 | J64: =I64/'통장내역(환율표)'!#REF! -> #REF! | K64: =K63+G64-I64 -> #REF! | L64: =L63+H64-J64 -> #REF! | N64: =N63-J64+H64 -> #REF!
A65: 44946 | B65: 시내교통비_신순연 | D65: 15 | E65: 여비교통비 | F65: 해외 | I65: 1002.7 | J65: =I65/'통장내역(환율표)'!#REF! -> #REF! | K65: =K64+G65-I65 -> #REF! | L65: =L64+H65-J65 -> #REF! | N65: =N64-J65+H65 -> #REF!
A66: 44946 | B66: 은행수수료 | D66: 15 | E66: 해외지사비 | I66: 3.6 | J66: =I66/'통장내역(환율표)'!#REF! -> #REF! | K66: =K65+G66-I66 -> #REF! | L66: =L65+H66-J66 -> #REF! | N66: =N65-J66+H66 -> #REF!
A67: 44946 | B67: 업무추진비_신순연 | D67: 16 | E67: 업무추진비 | F67: 일반 | I67: 2452 | J67: =I67/'통장내역(환율표)'!#REF! -> #REF! | K67: =K66+G67-I67 -> #REF! | L67: =L66+H67-J67 -> #REF! | N67: =N66-J67+H67 -> #REF!
A68: 44946 | B68: 은행수수료 | D68: 16 | E68: 해외지사비 | I68: 3.6 | J68: =I68/'통장내역(환율표)'!#REF! -> #REF! | K68: =K67+G68-I68 -> #REF! | L68: =L67+H68-J68 -> #REF! | N68: =N67-J68+H68 -> #REF!
A69: 44946 | B69: 사무실 운영비(진단키트, 소독제, 택배비, 청소비) | D69: 17 | E69: 해외지사비 | I69: 848.97 | J69: =I69/'통장내역(환율표)'!#REF! -> #REF! | K69: =K68+G69-I69 -> #REF! | L69: =L68+H69-J69 -> #REF! | N69: =N68-J69+H69 -> #REF!
A70: 44946 | B70: 은행수수료 | D70: 17 | E70: 해외지사비 | I70: 3.6 | J70: 0.531 | K70: =K69+G70-I70 -> #REF! | L70: =L69+H70-J70 -> #REF! | N70: =N69-J70+H70 -> #REF!

Sheet 내역_23.02
A1: 2월 전도금 사용 내역 | K1: 100007156
A2: 1/10 송금 환율(1,246.8) | E2: 100007151 | G2: 2/10 송금 환율(1,263.1) | K2: 100007160 | L2: 1200000696
A3: 대계정 | B3: 소계정 | C3: 금액 (RMB) | D3: 금액 (USD) | E3: 금액 (KRW) | G3: 대계정 | H3: 소계정 | I3: 금액 (RMB) | J3: 금액 (USD) | K3: 금액 (KRW)
A4: 소모품비 | G4: 소모품비
A5: 업무추진비 | B5: 일반 | F5: 51131050 | G5: 업무추진비 | H5: 일반 | I5: 22783 | J5: 3341.89 | K5: 4221141 | L5: =K5/I5 -> 185.27591
A6: 여비교통비 | B6: 해외 | F6: 51061030 | G6: 여비교통비 | H6: 해외 | I6: 14287.43 | J6: 2095.73 | K6: 2647117 | L6: =K6+E6 -> 2647117
A7: 지급임차료 | B7: 사무실관리 | F7: 51201020 | G7: 지급임차료 | H7: 사무실관리 | I7: 19440 | J7: 2851.523 | K7: 3601755 | L7: =K7+E7 -> 3601755
A8: 지급임차료 | B8: 차량임차료 | F8: 51201030 | G8: 지급임차료 | H8: 차량임차료 | I8: 10500 | J8: 1540.18 | K8: 1945401 | L8: =K8+E8 -> 1945401
A9: 통신비 | B9: 기타 | F9: 51071700 | G9: 통신비 | H9: 기타 | I9: 597.6 | J9: 87.66 | K9: 110723 | L9: =K9+E9 -> 110723
A10: 해외지사비 | C10: 54204.253 | D10: 8018.17 | E10: 9997054 | F10: 51321010 | G10: 해외지사비 | I10: 68929.827 | J10: 10161.87 | K10: 12835458 | L10: =K10+E10 -> 22832512
A11: 보증금 | F11: 13081010 | G11: 보증금
A12: Total | C12: =SUM(C4:C11) -> 54204.253 | D12: =SUM(D4:D11) -> 8018.17 | E12: =SUM(E4:E11) -> 9997054 | F12: 52981010 | G12: Total | I12: =SUM(I4:I11) -> 136537.86 | J12: =SUM(J4:J11) -> 20078.853 | K12: =SUM(K4:K10) -> 25361595
C13: =C12+I12 -> 190742.11 | D13: =D12+J12 -> 28097.023 | E13: =E12+K12 -> 35358649 | L13: 2425.7418
A14: 소모품비 (제품기술팀) | C14: 6800 | D14: 997.45
C15: =SUM(C13:C14) -> 197542.11 | D15: =SUM(D13:D14) -> 29094.473
B16: 13081010 | H16: =SUBTOTAL(9,H19:H147) -> 27612.62 | I16: =SUBTOTAL(9,I19:I162) -> #REF! | J16: =SUBTOTAL(9,J19:J160) -> #REF!
A17: 날짜 | B17: 내역 | D17: 증빙번호 | E17: 대계정 | F17: 소계정 | G17: 입금 | I17: 출금 | K17: 잔액 | M17: 비고
G18: RMB | H18: USD | I18: RMB | J18: USD | K18: RMB | L18: USD
A19: 44957 | B19: 기존 잔고 | K19: 54203.869 | L19: 8018.1685 | N19: 8018.17
A20: 44970 | B20: USD 입금 및 RMB 환전 | G20: 187898.59 | H20: 27612.62 | K20: =K19+G20-I20 -> 242102.46 | L20: =L19+H20-J20 -> 35630.789 | M20: USD 입금 및 RMB 환전
A21: 44970 | B21: 은행수수료 | D21: 1 | E21: 해외지사비 | J21: 51 | K21: =K20+G21-I21 -> 242102.46 | L21: =L20+H21-J21 -> 35579.789
A22: 44980 | B22: 주재원 5대보험 | D22: 2 | E22: 해외지사비 | I22: 7606.18 | J22: =I22/'통장내역(환율표)'!#REF! -> #REF! | K22: =K21+G22-I22 -> 234496.28 | L22: =L21+H22-J22 -> #REF! | M22: 신순연 | N22: =N19-J22+H22 -> #REF!
A23: 44980 | B23: 주재원 개인소득세 | D23: 2 | E23: 해외지사비 | I23: 1818.89 | J23: =I23/'통장내역(환율표)'!#REF! -> #REF! | K23: =K22+G23-I23 -> 232677.39 | L23: =L22+H23-J23 -> #REF! | M23: 신순연 | N23: =N22-J23+H23 -> #REF!
A24: 44980 | B24: 주재원수당 | D24: 2 | E24: 해외지사비 | I24: 13500 | J24: =I24/'통장내역(환율표)'!#REF! -> #REF! | K24: =K23+G24-I24 -> 219177.39 | L24: =L23+H24-J24 -> #REF! | M24: 신순연 | N24: =N23-J24+H24 -> #REF!
A25: 44980 | B25: 주택수당 | D25: 2 | E25: 해외지사비 | I25: 20000 | J25: =I25/'통장내역(환율표)'!#REF! -> #REF! | K25: =K24+G25-I25 -> 199177.39 | L25: =L24+H25-J25 -> #REF! | M25: 신순연 | N25: =N24-J25+H25 -> #REF!
A26: 44980 | B26: 주재원 대행 수수료 | D26: 2 | E26: 해외지사비 | I26: 300 | J26: =I26/'통장내역(환율표)'!#REF! -> #REF! | K26: =K25+G26-I26 -> 198877.39 | L26: =L25+H26-J26 -> #REF! | M26: 신순연 | N26: =N25-J26+H26 -> #REF!
A27: 44980 | B27: 주재원 5대보험 | D27: 2 | E27: 해외지사비 | I27: 4231.18 | J27: =I27/'통장내역(환율표)'!#REF! -> #REF! | K27: =K26+G27-I27 -> 194646.21 | L27: =L26+H27-J27 -> #REF! | M27: 김명관 | N27: =N26-J27+H27 -> #REF!
A28: 44980 | B28: 주재원 개인소득세 | D28: 2 | E28: 해외지사비 | I28: 1074.29 | J28: =I28/'통장내역(환율표)'!#REF! -> #REF! | K28: =K27+G28-I28 -> 193571.92 | L28: =L27+H28-J28 -> #REF! | M28: 김명관 | N28: =N27-J28+H28 -> #REF!
A29: 44980 | B29: 주재원수당_1월 환율 | D29: 2 | E29: 해외지사비 | I29: =J29*'통장내역(환율표)'!#REF! -> #REF! | J29: 839.28467 | K29: =K28+G29-I29 -> #REF! | L29: =L28+H29-J29 -> #REF! | M29: 김명관 | N29: =N28-J29+H29 -> #REF!
A30: 44980 | B30: 주재원수당_2월 환율 | D30: 2 | E30: 해외지사비 | I30: =13500-I29 -> #REF! | J30: =I30/'통장내역(환율표)'!#REF! -> #REF! | K30: =K29+G30-I30 -> #REF! | L30: =L29+H30-J30 -> #REF! | N30: =27561.62-J30+H30 -> #REF!
A31: 44980 | B31: 주택수당 | D31: 2 | E31: 해외지사비 | I31: 14000 | J31: =I31/'통장내역(환율표)'!#REF! -> #REF! | K31: =K30+G31-I31 -> #REF! | L31: =L30+H31-J31 -> #REF! | M31: 김명관 | N31: =N30-J31+H31 -> #REF!
A32: 44980 | B32: 주재원 대행 수수료 | D32: 2 | E32: 해외지사비 | I32: 300 | J32: =I32/'통장내역(환율표)'!#REF! -> #REF! | K32: =K31+G32-I32 -> #REF! | L32: =L31+H32-J32 -> #REF! | M32: 김명관 | N32: =N31-J32+H32 -> #REF!
A33: 44980 | B33: 현채인 5대보험 | D33: 2 | E33: 해외지사비 | I33: 5043.19 | J33: =I33/'통장내역(환율표)'!#REF! -> #REF! | K33: =K32+G33-I33 -> #REF! | L33: =L32+H33-J33 -> #REF! | M33: 판책임 | N33: =N32-J33+H33 -> #REF!
A34: 44980 | B34: 현채인급여 | D34: 2 | E34: 해외지사비 | I34: 25000 | J34: =I34/'통장내역(환율표)'!#REF! -> #REF! | K34: =K33+G34-I34 -> #REF! | L34: =L33+H34-J34 -> #REF! | M34: 판책임 | N34: =#REF!-J34+H34 -> #REF!
A35: 44980 | B35: 현채인 대행 수수료 | D35: 2 | E35: 해외지사비 | I35: 300 | J35: =I35/'통장내역(환율표)'!#REF! -> #REF! | K35: =K34+G35-I35 -> #REF! | L35: =L34+H35-J35 -> #REF! | M35: 판책임 | N35: =N34-J35+H35 -> #REF!
A36: 44980 | B36: 은행수수료 | D36: 2 | E36: 해외지사비 | I36: 12 | J36: =I36/'통장내역(환율표)'!#REF! -> #REF! | K36: =K35+G36-I36 -> #REF! | L36: =L35+H36-J36 -> #REF! | N36: =N35-J36+H36 -> #REF!
A37: 44980 | B37: 사무실 임대료 | D37: 3 | E37: 지급임차료 | F37: 사무실 | I37: 19440 | J37: =I37/'통장내역(환율표)'!#REF! -> #REF! | K37: =K36+G37-I37 -> #REF! | L37: =L36+H37-J37 -> #REF! | M37: 사무실 임대료 / 영수증 추후 업뎃 | N37: =N36-J37+H37 -> #REF!
A38: 44980 | B38: 은행수수료 | D38: 3 | E38: 해외지사비 | I38: 7.2 | J38: =I38/'통장내역(환율표)'!#REF! -> #REF! | K38: =K37+G38-I38 -> #REF! | L38: =L37+H38-J38 -> #REF! | N38: =N37-J38+H38 -> #REF!
A39: 44980 | B39: 사무실 에어컨, 수도, 전기, 관리비 | D39: 4 | E39: 해외지사비 | I39: 172.05 | J39: =I39/'통장내역(환율표)'!#REF! -> #REF! | K39: =K38+G39-I39 -> #REF! | L39: =L38+H39-J39 -> #REF! | M39: 사무실 에어컨, 수도, 전기, 관리비 | N39: =N38-J39+H39 -> #REF!
A40: 44980 | B40: 은행수수료 | D40: 4 | E40: 해외지사비 | I40: 3.6 | J40: =I40/'통장내역(환율표)'!#REF! -> #REF! | K40: =K39+G40-I40 -> #REF! | L40: =L39+H40-J40 -> #REF! | N40: =N39-J40+H40 -> #REF!
A41: 44980 | B41: 차량 Rent비 | D41: 5 | E41: 지급임차료 | F41: 차량임차료 | I41: 10500 | J41: =I41/'통장내역(환율표)'!#REF! -> #REF! | K41: =K40+G41-I41 -> #REF! | L41: =L40+H41-J41 -> #REF! | N41: =N40-J41+H41 -> #REF!
A42: 44980 | B42: 차량 기사비 | D42: 5 | E42: 해외지사비 | I42: 6000 | J42: =I42/'통장내역(환율표)'!#REF! -> #REF! | K42: =K41+G42-I42 -> #REF! | L42: =L41+H42-J42 -> #REF! | N42: =N41-J42+H42 -> #REF!
A43: 44980 | B43: 기사 2월 야근비용 | D43: 5 | E43: 해외지사비 | I43: 280 | J43: =I43/'통장내역(환율표)'!#REF! -> #REF! | K43: =K42+G43-I43 -> #REF! | L43: =L42+H43-J43 -> #REF! | N43: =N42-J43+H43 -> #REF!
A44: 44980 | B44: 은행수수료 | D44: 5 | E44: 해외지사비 | I44: 7.2 | J44: =I44/'통장내역(환율표)'!#REF! -> #REF! | K44: =K43+G44-I44 -> #REF! | L44: =L43+H44-J44 -> #REF! | N44: =N43-J44+H44 -> #REF!
A45: 44980 | B45: 세무대행비 | D45: 6 | E45: 해외지사비 | I45: 1000 | J45: =I45/'통장내역(환율표)'!#REF! -> #REF! | K45: =K44+G45-I45 -> #REF! | L45: =L44+H45-J45 -> #REF! | M45: 세무대행비 | N45: =N44-J45+H45 -> #REF!
A46: 44980 | B46: 은행수수료 | D46: 6 | E46: 해외지사비 | I46: 3.6 | J46: =I46/'통장내역(환율표)'!#REF! -> #REF! | K46: =K45+G46-I46 -> #REF! | L46: =L45+H46-J46 -> #REF! | N46: =N45-J46+H46 -> #REF!
A47: 44980 | B47: 주차비 | D47: 7 | E47: 여비교통비 | F47: 해외 | I47: 918 | J47: =I47/'통장내역(환율표)'!#REF! -> #REF! | K47: =K46+G47-I47 -> #REF! | L47: =L46+H47-J47 -> #REF! | N47: =N46-J47+H47 -> #REF!
A48: 44980 | B48: 주유비 | D48: 7 | E48: 여비교통비 | F48: 해외 | I48: 2120 | J48: =I48/'통장내역(환율표)'!#REF! -> #REF! | K48: =K47+G48-I48 -> #REF! | L48: =L47+H48-J48 -> #REF! | N48: =N47-J48+H48 -> #REF!
A49: 44980 | B49: 톨비 | D49: 7 | E49: 여비교통비 | F49: 해외 | I49: 182 | J49: =I49/'통장내역(환율표)'!#REF! -> #REF! | K49: =K48+G49-I49 -> #REF! | L49: =L48+H49-J49 -> #REF! | N49: =N48-J49+H49 -> #REF!
A50: 44980 | B50: 은행수수료 | D50: 7 | E50: 해외지사비 | I50: 3.6 | J50: =I50/'통장내역(환율표)'!#REF! -> #REF! | K50: =K49+G50-I50 -> #REF! | L50: =L49+H50-J50 -> #REF! | N50: =N49-J50+H50 -> #REF!
A51: 44980 | B51: 업무추진비 | D51: 8 | E51: 업무추진비 | F51: 일반 | I51: 227 | J51: =I51/'통장내역(환율표)'!#REF! -> #REF! | K51: =K50+G51-I51 -> #REF! | L51: =L50+H51-J51 -> #REF! | N51: =N50-J51+H51 -> #REF!
A52: 44980 | B52: 택배비 | D52: 8 | E52: 해외지사비 | I52: 154.9 | J52: =I52/'통장내역(환율표)'!#REF! -> #REF! | K52: =K51+G52-I52 -> #REF! | L52: =L51+H52-J52 -> #REF! | N52: =N51-J52+H52 -> #REF!
A53: 44980 | B53: 통신비 | D53: 8 | E53: 통신비 | F53: 기타 | I53: 98.6 | J53: =I53/'통장내역(환율표)'!#REF! -> #REF! | K53: =K52+G53-I53 -> #REF! | L53: =L52+H53-J53 -> #REF! | N53: =N52-J53+H53 -> #REF!
A54: 44980 | B54: 시내교통비 | D54: 8 | E54: 여비교통비 | F54: 해외 | I54: 1497.56 | J54: =I54/'통장내역(환율표)'!#REF! -> #REF! | K54: =K53+G54-I54 -> #REF! | L54: =L53+H54-J54 -> #REF! | N54: =N53-J54+H54 -> #REF!
A55: 44980 | B55: 은행수수료 | D55: 8 | E55: 해외지사비 | I55: 3.6 | J55: =I55/'통장내역(환율표)'!#REF! -> #REF! | K55: =K54+G55-I55 -> #REF! | L55: =L54+H55-J55 -> #REF! | N55: =N54-J55+H55 -> #REF!
A56: 44980 | B56: 여비교통비_김명관_HKC H2 출장건_항공료 | D56: 9 | E56: 여비교통비 | F56: 해외 | I56: 2678 | J56: =I56/'통장내역(환율표)'!#REF! -> #REF! | K56: =K55+G56-I56 -> #REF! | L56: =L55+H56-J56 -> #REF! | M56: 여비교통비_김명관_HKC H2 출장건_항공료 | N56: =N55-J56+H56 -> #REF!
A57: 44980 | B57: 은행수수료 | D57: 9 | E57: 해외지사비 | I57: 3.6 | J57: =I57/'통장내역(환율표)'!#REF! -> #REF! | K57: =K56+G57-I57 -> #REF! | L57: =L56+H57-J57 -> #REF! | N57: =N56-J57+H57 -> #REF!
A58: 44980 | B58: 여비교통비_김명관_HKC H2 출장건_숙박비 | D58: 10 | E58: 여비교통비 | F58: 해외 | I58: 1941.8 | J58: =I58/'통장내역(환율표)'!#REF! -> #REF! | K58: =K57+G58-I58 -> #REF! | L58: =L57+H58-J58 -> #REF! | M58: 여비교통비_김명관_HKC H2 출장건_숙박비 | N58: =N57-J58+H58 -> #REF!
A59: 44980 | B59: 은행수수료 | D59: 10 | E59: 해외지사비 | I59: 3.6 | J59: =I59/'통장내역(환율표)'!#REF! -> #REF! | K59: =K58+G59-I59 -> #REF! | L59: =L58+H59-J59 -> #REF! | N59: =N58-J59+H59 -> #REF!
A60: 44980 | B60: 휴가비_김명관 책임 | D60: 11 | E60: 해외지사비 | I60: 7222 | J60: =I60/'통장내역(환율표)'!#REF! -> #REF! | K60: =K59+G60-I60 -> #REF! | L60: =L59+H60-J60 -> #REF! | M60: 휴가비_김명관 책임 | N60: =N59-J60+H60 -> #REF!
A61: 44980 | B61: 은행수수료 | D61: 11 | E61: 해외지사비 | I61: 3.6 | J61: =I61/'통장내역(환율표)'!#REF! -> #REF! | K61: =K60+G61-I61 -> #REF! | L61: =L60+H61-J61 -> #REF! | N61: =N60-J61+H61 -> #REF!
A62: 44980 | B62: 여비교통비_신순연_HKC H2 출장건(항공료 + 숙박비) | D62: 12 | E62: 여비교통비 | F62: 해외 | I62: 4651.8 | J62: =I62/'통장내역(환율표)'!#REF! -> #REF! | K62: =K61+G62-I62 -> #REF! | L62: =L61+H62-J62 -> #REF! | M62: 여비교통비_신순연_HKC H2 출장건(항공료 + 숙박비) | N62: =N61-J62+H62 -> #REF!
A63: 44980 | B63: 은행수수료 | D63: 12 | E63: 해외지사비 | I63: 3.6 | J63: =I63/'통장내역(환율표)'!#REF! -> #REF! | K63: =K62+G63-I63 -> #REF! | L63: =L62+H63-J63 -> #REF! | N63: =N62-J63+H63 -> #REF!
A64: 44980 | B64: 택배비 | D64: 13 | E64: 해외지사비 | I64: 236.8 | J64: =I64/'통장내역(환율표)'!#REF! -> #REF! | K64: =K63+G64-I64 -> #REF! | L64: =L63+H64-J64 -> #REF! | N64: =N63-J64+H64 -> #REF!
A65: 44980 | B65: 청소비 | D65: 13 | E65: 해외지사비 | I65: 300 | J65: =I65/'통장내역(환율표)'!#REF! -> #REF! | K65: =K64+G65-I65 -> #REF! | L65: =L64+H65-J65 -> #REF! | N65: =N64-J65+H65 -> #REF!
A66: 44980 | B66: 사무실운영비(프린트설치) | D66: 13 | E66: 해외지사비 | I66: 120 | J66: =I66/'통장내역(환율표)'!#REF! -> #REF! | K66: =K65+G66-I66 -> #REF! | L66: =L65+H66-J66 -> #REF! | N66: =N65-J66+H66 -> #REF!
A67: 44980 | B67: 은행수수료 | D67: 13 | E67: 해외지사비 | I67: 3.6 | J67: =I67/'통장내역(환율표)'!#REF! -> #REF! | K67: =K66+G67-I67 -> #REF! | L67: =L66+H67-J67 -> #REF! | N67: =N66-J67+H67 -> #REF!
A68: 44980 | B68: 통신비_신순연(사무실 wifi비용 미포함_차월 정산 예정) | D68: 14 | E68: 통신비 | F68: 기타 | I68: 499 | J68: =I68/'통장내역(환율표)'!#REF! -> #REF! | K68: =K67+G68-I68 -> #REF! | L68: =L67+H68-J68 -> #REF! | M68: 통신비_신순연(사무실 wifi비용 미포함_차월 정산 예정) | N68: =N67-J68+H68 -> #REF!
A69: 44980 | B69: 은행수수료 | D69: 14 | E69: 해외지사비 | I69: 3.6 | J69: =I69/'통장내역(환율표)'!#REF! -> #REF! | K69: =K68+G69-I69 -> #REF! | L69: =L68+H69-J69 -> #REF! | N69: =N68-J69+H69 -> #REF!
A70: 44980 | B70: 시내교통비_신순연 | D70: 15 | E70: 여비교통비 | F70: 해외 | I70: 298.27 | J70: =I70/'통장내역(환율표)'!#REF! -> #REF! | K70: =K69+G70-I70 -> #REF! | L70: =L69+H70-J70 -> #REF! | M70: 시내교통비_신순연 | N70: =N69-J70+H70 -> #REF!
A71: 44980 | B71: 은행수수료 | D71: 15 | E71: 해외지사비 | I71: 3.6 | J71: =I71/'통장내역(환율표)'!#REF! -> #REF! | K71: =K70+G71-I71 -> #REF! | L71: =L70+H71-J71 -> #REF! | N71: =N70-J71+H71 -> #REF!
A72: 44980 | B72: 설 선물(Gift Card) | D72: 16 | E72: 업무추진비 | F72: 일반 | I72: 18000 | J72: =I72/'통장내역(환율표)'!#REF! -> #REF! | K72: =K71+G72-I72 -> #REF! | L72: =L71+H72-J72 -> #REF! | M72: 설 선물(Gift Card) | N72: =N71-J72+H72 -> #REF!
A73: 44980 | B73: 은행수수료 | D73: 16 | E73: 해외지사비 | I73: 7.2 | J73: =I73/'통장내역(환율표)'!#REF! -> #REF! | K73: =K72+G73-I73 -> #REF! | L73: =L72+H73-J73 -> #REF! | N73: =N72-J73+H73 -> #REF!
A74: 44980 | B74: 업무추진비_신순연 | D74: 17 | E74: 업무추진비 | F74: 일반 | I74: 4556 | J74: =I74/'통장내역(환율표)'!#REF! -> #REF! | K74: =K73+G74-I74 -> #REF! | L74: =L73+H74-J74 -> #REF! | M74: 업무추진비_신순연 | N74: =N73-J74+H74 -> #REF!
A75: 44980 | B75: 은행수수료 | D75: 17 | E75: 해외지사비 | I75: 3.6 | J75: =I75/'통장내역(환율표)'!#REF! -> #REF! | K75: =K74+G75-I75 -> #REF! | L75: =L74+H75-J75 -> #REF! | N75: =N74-J75+H75 -> #REF!
A76: 44980 | B76: 사무실 운영비 | D76: 18 | E76: 해외지사비 | I76: 387 | J76: =I76/'통장내역(환율표)'!#REF! -> #REF! | K76: =K75+G76-I76 -> #REF! | L76: =L75+H76-J76 -> #REF! | M76: 사무실 운영비 | N76: =N75-J76+H76 -> #REF!
A77: 44980 | B77: 은행수수료 | D77: 18 | E77: 해외지사비 | I77: 3.6 | J77: =I77/'통장내역(환율표)'!#REF! -> #REF! | K77: =K76+G77-I77 -> #REF! | L77: =L76+H77-J77 -> #REF! | N77: =N76-J77+H77 -> #REF!
A78: 44980 | B78: OC 구매 비용 | D78: 19 | E78: 소모품비 | I78: 6800 | J78: =I78/'통장내역(환율표)'!#REF! -> #REF! | K78: =K77+G78-I78 -> #REF! | L78: =L77+H78-J78 -> #REF! | M78: OC 구매 비용(제품기술팀) / Open cell set 6,000. 구동 보드 800 / 1,259,879원 | N78: =N77-J78+H78 -> #REF!
A79: 44980 | B79: 은행수수료 | D79: 19 | E79: 해외지사비 | I79: 3.6 | J79: =I79/'통장내역(환율표)'!#REF! -> #REF! | K79: =K78+G79-I79 -> #REF! | L79: =L78+H79-J79 -> #REF! | N79: =N78-J79+H79 -> #REF!
A80: 44981 | B80: 기사님 1월 야근비 | D80: 20 | E80: 해외지사비 | I80: 500 | J80: =I80/'통장내역(환율표)'!#REF! -> #REF! | K80: =K79+G80-I80 -> #REF! | L80: =L79+H80-J80 -> #REF! | M80: 기사님 1월 야근비 | N80: =N79-J80+H80 -> #REF!
A81: 44981 | B81: 은행수수료 | D81: 20 | E81: 해외지사비 | I81: 3.6 | J81: =I81/'통장내역(환율표)'!#REF! -> #REF! | K81: =K80+G81-I81 -> #REF! | L81: =L80+H81-J81 -> #REF! | N81: =N80-J81+H81 -> #REF!

Sheet 내역_23.03
A1: 3월 전도금 사용 내역 | E1: 100013746
A2: 2/10 송금 환율(1,263.1) | E2: 100013742 | G2: 3/10 송금 환율(1,319.7) | K2: 100013747 | L2: 1200000696
A3: 대계정 | B3: 소계정 | C3: 금액 (RMB) | D3: 금액 (USD) | E3: 금액 (KRW) | G3: 대계정 | H3: 소계정 | I3: 금액 (RMB) | J3: 금액 (USD) | K3: 금액 (KRW)
A4: 소모품비 | G4: 소모품비
A5: 업무추진비 | B5: 일반 | F5: 51131050 | G5: 업무추진비 | H5: 일반 | I5: 28814.6 | J5: 4177.6741 | K5: 5513271 | L5: =K5/I5 -> 191.33602
A6: 여비교통비 | B6: 해외 | F6: 51061030 | G6: 여비교통비 | H6: 해외 | I6: 13634.57 | J6: 1976.8003 | K6: 2608783 | L6: =K6+E6 -> 2608783
A7: 지급임차료 | B7: 사무실관리 | C7: 13744.143 | D7: 2016.0389 | E7: 2546460 | F7: 51201020 | G7: 지급임차료 | H7: 사무실관리 | I7: 5695.8565 | J7: 825.81166 | K7: 1089821 | L7: =K7+E7 -> 3636281
A8: 지급임차료 | B8: 차량임차료 | C8: 10500 | D8: 1540.1766 | E8: 1945401 | F8: 51201030 | G8: 지급임차료 | H8: 차량임차료 | L8: =K8+E8 -> 1945401
A9: 통신비 | B9: 기타 | F9: 51071700 | G9: 통신비 | H9: 기타 | I9: 1593 | J9: 230.96052 | K9: 304798 | L9: =K9+E9 -> 304798
A10: 해외지사비 | C10: 7805.2 | D10: 1144.8939 | E10: 1446111 | F10: 51321010 | G10: 해외지사비 | I10: 132486.06 | J10: 19234.442 | K10: 25383690 | L10: =K10+E10 -> 26829801
A11: 보증금 | F11: 13081010 | G11: 보증금 | I11: 40000 | J11: 5799.3852 | K11: 7653455
A12: Total | C12: =SUM(C4:C11) -> 32049.343 | D12: =SUM(D4:D11) -> 4701.1094 | E12: =SUM(E4:E11) -> 5937972 | F12: 52981010 | G12: Total | I12: =SUM(I4:I11) -> 222224.09 | J12: =SUM(J4:J11) -> 32245.074 | K12: =SUM(K4:K11) -> 42553818
C13: =C12+I12 -> 254273.43 | D13: =D12+J12 -> 36946.184 | E13: =E12+K12 -> 48491790 | L13: 2425.7418
A14: 소모품비 (제품기술팀) | C14: 12600 | D14: =C14/'통장내역(환율표)'!#REF! -> #REF! | E14: 2334474 | F14: D2A240 | G14: 71121010
C15: =SUM(C13:C14) -> 266873.43 | D15: =SUM(D13:D14) -> #REF! | N15: =N82 -> #REF!
B16: 13081010 | H16: =SUBTOTAL(9,H19:H148) -> #REF! | I16: =SUBTOTAL(9,I19:I163) -> #REF! | J16: =SUBTOTAL(9,J19:J161) -> #REF!
A17: 날짜 | B17: 내역 | D17: 증빙번호 | E17: 대계정 | F17: 소계정 | G17: 입금 | I17: 출금 | K17: 잔액 | M17: 비고
G18: RMB | H18: USD | I18: RMB | J18: USD | K18: RMB | L18: USD
A19: 44985 | B19: 기존 잔고 | K19: 44560.349 | L19: 6536.3222 | N19: 6536.3237
A20: 44998 | B20: USD 입금 및 RMB 환전 | G20: 242039.38 | H20: 35117.99 | K20: =K19+G20-I20 -> 286599.73 | L20: =L19+H20-J20 -> 41654.312
A21: 44998 | B21: 은행수수료 | D21: 1 | E21: 해외지사비 | J21: 26 | K21: =K20+G21-I21 -> 286599.73 | L21: =L20+H21-J21 -> 41628.312
A22: 44998 | B22: 은행수수료 | D22: 2 | E22: 해외지사비 | I22: 7.2 | J22: =I22/'통장내역(환율표)'!#REF! -> #REF! | K22: =K21+G22-I22 -> 286592.53 | L22: =L21+H22-J22 -> #REF! | M22: 3/13 60,000 출금 수수료 -> 3/21, 22 회사 통장으로 반환하여 내역 삭제 | N22: =N19-J22 -> #REF!
A23: 45005 | B23: DB6T8930 사전 평가 용 75UD OC 4매 구매 금액 | D23: 3 | E23: 소모품비 | I23: 12600 | J23: =I23/'통장내역(환율표)'!#REF! -> #REF! | K23: =K22+G23-I23 -> 273992.53 | L23: =L22+H23-J23 -> #REF! | M23: OC 구매 비용(제품기술팀) | N23: =N22-J23 -> #REF!
A24: 45005 | B24: 은행수수료 | D24: 4 | E24: 해외지사비 | I24: 7.2 | J24: =I24/'통장내역(환율표)'!#REF! -> #REF! | K24: =K23+G24-I24 -> 273985.33 | L24: =L23+H24-J24 -> #REF! | N24: =N23-J24 -> #REF!
A25: 45006 | B25: 예금이자 | D25: 5 | E25: 잡이익 | G25: 88.61 | H25: =G25/'통장내역(환율표)'!#REF! -> #REF! | J25: =I25/'통장내역(환율표)'!#REF! -> #REF! | K25: =K24+G25-I25 -> 274073.94 | L25: =L24+H25-J25 -> #REF! | N25: =N24-J25+H25 -> #REF!
A26: 45006 | B26: 세무대행비 | D26: 6 | E26: 해외지사비 | I26: 1030 | J26: =I26/'통장내역(환율표)'!#REF! -> #REF! | K26: =K25+G26-I26 -> 273043.94 | L26: =L25+H26-J26 -> #REF! | N26: =N25-J26 -> #REF!
A27: 45006 | B27: 은행수수료 | D27: 7 | E27: 해외지사비 | I27: 3.6 | J27: =I27/'통장내역(환율표)'!#REF! -> #REF! | K27: =K26+G27-I27 -> 273040.34 | L27: =L26+H27-J27 -> #REF! | N27: =N26-J27 -> #REF!
A28: 45006 | B28: 차량 Rent비 | D28: 8 | E28: 지급임차료 | F28: 차량임차료 | I28: 10500 | J28: =I28/'통장내역(환율표)'!#REF! -> #REF! | K28: =K27+G28-I28 -> 262540.34 | L28: =L27+H28-J28 -> #REF! | N28: =N27-J28 -> #REF!
A29: 45006 | B29: 차량 기사비 | D29: 8 | E29: 해외지사비 | I29: 6000 | J29: =I29/'통장내역(환율표)'!#REF! -> #REF! | K29: =K28+G29-I29 -> 256540.34 | L29: =L28+H29-J29 -> #REF! | N29: =N28-J29 -> #REF!
A30: 45006 | B30: 기사 3월 야근비용 | D30: 9 | E30: 해외지사비 | I30: 750 | J30: =I30/'통장내역(환율표)'!#REF! -> #REF! | K30: =K29+G30-I30 -> 255790.34 | L30: =L29+H30-J30 -> #REF! | N30: =N29-J30 -> #REF!
A31: 45006 | B31: 은행수수료 | D31: 10 | E31: 해외지사비 | I31: 7.2 | J31: =I31/'통장내역(환율표)'!#REF! -> #REF! | K31: =K30+G31-I31 -> 255783.14 | L31: =L30+H31-J31 -> #REF! | N31: =N30-J31 -> #REF!
A32: 45006 | B32: 사무실 임대료_2월 환율 | D32: 11 | E32: 지급임차료 | F32: 사무실관리 | I32: =J32*'통장내역(환율표)'!#REF! -> #REF! | J32: 2016.0389 | K32: =K31+G32-I32 -> #REF! | L32: =L31+H32-J32 -> #REF! | M32: 3.16~4.15 월세 증가분은 차월에 같이 정산 하기로 협의 함 | N32: =N31-J32 -> #REF!
A33: 45006 | B33: 사무실 임대료_3월 환율 | D33: 11 | E33: 지급임차료 | F33: 사무실관리 | I33: =19440-I32 -> #REF! | J33: =I33/'통장내역(환율표)'!#REF! -> #REF! | K33: =K32+G33-I33 -> #REF! | L33: =L32+H33-J33 -> #REF! | N33: =35091.99-J33 -> #REF!
A34: 45006 | B34: 은행수수료 | D34: 12 | E34: 해외지사비 | I34: 7.2 | J34: =I34/'통장내역(환율표)'!#REF! -> #REF! | K34: =K33+G34-I34 -> #REF! | L34: =L33+H34-J34 -> #REF! | N34: =N33-J34 -> #REF!
A35: 45006 | B35: 사무실 에어컨, 수도, 전기, 관리비 | D35: 13 | E35: 해외지사비 | I35: 822.71 | J35: =I35/'통장내역(환율표)'!#REF! -> #REF! | K35: =K34+G35-I35 -> #REF! | L35: =L34+H35-J35 -> #REF! | M35: 사무실 에어컨, 수도, 전기, 관리비 | N35: =N34-J35 -> #REF!
A36: 45006 | B36: 은행수수료 | D36: 14 | E36: 해외지사비 | I36: 3.6 | J36: =I36/'통장내역(환율표)'!#REF! -> #REF! | K36: =K35+G36-I36 -> #REF! | L36: =L35+H36-J36 -> #REF! | N36: =N35-J36 -> #REF!
A37: 45006 | B37: 주재원 5대보험 | D37: 15 | E37: 해외지사비 | I37: 7606.18 | J37: =I37/'통장내역(환율표)'!#REF! -> #REF! | K37: =K36+G37-I37 -> #REF! | L37: =L36+H37-J37 -> #REF! | N37: =N36-J37 -> #REF!
A38: 45006 | B38: 주재원 개인소득세 | D38: 15 | E38: 해외지사비 | I38: 2552.3 | J38: =I38/'통장내역(환율표)'!#REF! -> #REF! | K38: =K37+G38-I38 -> #REF! | L38: =L37+H38-J38 -> #REF! | N38: =N37-J38 -> #REF!
A39: 45006 | B39: 주재원수당 | D39: 15 | E39: 해외지사비 | I39: 13500 | J39: =I39/'통장내역(환율표)'!#REF! -> #REF! | K39: =K38+G39-I39 -> #REF! | L39: =L38+H39-J39 -> #REF! | N39: =N38-J39 -> #REF!
A40: 45006 | B40: 주택수당 | D40: 15 | E40: 해외지사비 | I40: 20000 | J40: =I40/'통장내역(환율표)'!#REF! -> #REF! | K40: =K39+G40-I40 -> #REF! | L40: =L39+H40-J40 -> #REF! | N40: =N39-J40 -> #REF!
A41: 45006 | B41: 주재원 대행 수수료 | D41: 16 | E41: 해외지사비 | I41: 300 | J41: =I41/'통장내역(환율표)'!#REF! -> #REF! | K41: =K40+G41-I41 -> #REF! | L41: =L40+H41-J41 -> #REF! | N41: =N40-J41 -> #REF!
A42: 45006 | B42: 주재원 5대보험 | D42: 17 | E42: 해외지사비 | I42: 4231.18 | J42: =I42/'통장내역(환율표)'!#REF! -> #REF! | K42: =K41+G42-I42 -> #REF! | L42: =L41+H42-J42 -> #REF! | N42: =N41-J42 -> #REF!
A43: 45006 | B43: 주재원 개인소득세 | D43: 17 | E43: 해외지사비 | I43: 7714.3 | J43: =I43/'통장내역(환율표)'!#REF! -> #REF! | K43: =K42+G43-I43 -> #REF! | L43: =L42+H43-J43 -> #REF! | N43: =N42-J43 -> #REF!
A44: 45006 | B44: 주재원수당 | D44: 17 | E44: 해외지사비 | I44: 13500 | J44: =I44/'통장내역(환율표)'!#REF! -> #REF! | K44: =K43+G44-I44 -> #REF! | L44: =L43+H44-J44 -> #REF! | N44: =N43-J44 -> #REF!
A45: 45006 | B45: 주택수당 | D45: 17 | E45: 해외지사비 | I45: 20000 | J45: =I45/'통장내역(환율표)'!#REF! -> #REF! | K45: =K44+G45-I45 -> #REF! | L45: =L44+H45-J45 -> #REF! | N45: =N44-J45 -> #REF!
A46: 45006 | B46: 주택보증금 | D46: 17 | E46: 보증금 | I46: 40000 | J46: =I46/'통장내역(환율표)'!#REF! -> #REF! | K46: =K45+G46-I46 -> #REF! | L46: =L45+H46-J46 -> #REF! | N46: =N45-J46 -> #REF!
A47: 45006 | B47: 부동산중개수수료 | D47: 17 | E47: 해외지사비 | I47: 10000 | J47: =I47/'통장내역(환율표)'!#REF! -> #REF! | K47: =K46+G47-I47 -> #REF! | L47: =L46+H47-J47 -> #REF! | N47: =N46-J47 -> #REF!
... A52: 45006 | B52: 은행수수료 | D52: 21 | E52: 해외지사비 | I52: 12 | J52: =I52/'통장내역(환율표)'!#REF! -> #REF! | K52: =K51+G52-I52 -> #REF! | L52: =L51+H52-J52 -> #REF! | N52: =N51-J52 -> #REF!
A53: 45006 | B53: 톨비 | D53: 22 | E53: 여비교통비 | F53: 해외 | I53: 385 | J53: =I53/'통장내역(환율표)'!#REF! -> #REF! | K53: =K52+G53-I53 -> #REF! | L53: =L52+H53-J53 -> #REF! | N53: =N52-J53 -> #REF!
A54: 45006 | B54: 주차비 | D54: 23 | E54: 여비교통비 | F54: 해외 | I54: 935 | J54: =I54/'통장내역(환율표)'!#REF! -> #REF! | K54: =K53+G54-I54 -> #REF! | L54: =L53+H54-J54 -> #REF! | N54: =N53-J54 -> #REF!
A55: 45006 | B55: 주유비 | D55: 24 | E55: 여비교통비 | F55: 해외 | I55: 2478.02 | J55: 359.27 | K55: =K54+G55-I55 -> #REF! | L55: =L54+H55-J55 -> #REF! | N55: =N54-J55 -> #REF!
A56: 45006 | B56: 은행수수료 | D56: 25 | E56: 해외지사비 | I56: 3.6 | J56: =I56/'통장내역(환율표)'!#REF! -> #REF! | K56: =K55+G56-I56 -> #REF! | L56: =L55+H56-J56 -> #REF! | N56: =N55-J56 -> #REF!
A57: 45006 | B57: 통신비(판책임) | D57: 26 | E57: 통신비 | F57: 기타 | I57: 98.5 | J57: =I57/'통장내역(환율표)'!#REF! -> #REF! | K57: =K56+G57-I57 -> #REF! | L57: =L56+H57-J57 -> #REF! | N57: =N56-J57 -> #REF!
A58: 45006 | B58: 택배비 | D58: 27 | E58: 해외지사비 | I58: 237.8 | J58: =I58/'통장내역(환율표)'!#REF! -> #REF! | K58: =K57+G58-I58 -> #REF! | L58: =L57+H58-J58 -> #REF! | N58: =N57-J58 -> #REF!
A59: 45006 | B59: 시내교통비(판책임) | D59: 28 | E59: 여비교통비 | F59: 해외 | I59: 534.39 | J59: =I59/'통장내역(환율표)'!#REF! -> #REF! | K59: =K58+G59-I59 -> #REF! | L59: =L58+H59-J59 -> #REF! | N59: =N58-J59 -> #REF!
A60: 45006 | B60: 은행수수료 | D60: 29 | E60: 해외지사비 | I60: 3.6 | J60: =I60/'통장내역(환율표)'!#REF! -> #REF! | K60: =K59+G60-I60 -> #REF! | L60: =L59+H60-J60 -> #REF! | N60: =N59-J60 -> #REF!
A61: 45008 | B61: 통신비_김명관 책임 | D61: 31 | E61: 통신비 | F61: 기타 | I61: 200 | J61: =I61/'통장내역(환율표)'!#REF! -> #REF! | K61: =K60+G61-I61 -> #REF! | L61: =L60+H61-J61 -> #REF! | N61: =N60-J61 -> #REF!
A62: 45008 | B62: 은행수수료 | D62: 32 | E62: 해외지사비 | I62: 3.6 | J62: =I62/'통장내역(환율표)'!#REF! -> #REF! | K62: =K61+G62-I62 -> #REF! | L62: =L61+H62-J62 -> #REF! | N62: =N61-J62 -> #REF!
A63: 45008 | B63: 여비교통비_출장 숙박 및 항공비_김명관 책임 | D63: 33 | E63: 여비교통비 | F63: 해외 | I63: 2717.99 | J63: =I63/'통장내역(환율표)'!#REF! -> #REF! | K63: =K62+G63-I63 -> #REF! | L63: =L62+H63-J63 -> #REF! | N63: =N62-J63 -> #REF!
A64: 45008 | B64: 은행수수료 | D64: 34 | E64: 해외지사비 | I64: 3.6 | J64: =I64/'통장내역(환율표)'!#REF! -> #REF! | K64: =K63+G64-I64 -> #REF! | L64: =L63+H64-J64 -> #REF! | N64: =N63-J64 -> #REF!
A65: 45008 | B65: 업무추진비_김명관 책임 | D65: 35 | E65: 업무추진비 | F65: 일반 | I65: 8709 | J65: =I65/'통장내역(환율표)'!#REF! -> #REF! | K65: =K64+G65-I65 -> #REF! | L65: =L64+H65-J65 -> #REF! | N65: =N64-J65 -> #REF!
A66: 45008 | B66: 은행수수료 | D66: 36 | E66: 해외지사비 | I66: 3.6 | J66: =I66/'통장내역(환율표)'!#REF! -> #REF! | K66: =K65+G66-I66 -> #REF! | L66: =L65+H66-J66 -> #REF! | N66: =N65-J66 -> #REF!
A67: 45008 | B67: 시내교통비_김명관 책임 | D67: 37 | E67: 여비교통비 | F67: 해외 | I67: 140 | J67: =I67/'통장내역(환율표)'!#REF! -> #REF! | K67: =K66+G67-I67 -> #REF! | L67: =L66+H67-J67 -> #REF! | N67: =N66-J67 -> #REF!
A68: 45008 | B68: 은행수수료 | D68: 38 | E68: 해외지사비 | I68: 3.6 | J68: =I68/'통장내역(환율표)'!#REF! -> #REF! | K68: =K67+G68-I68 -> #REF! | L68: =L67+H68-J68 -> #REF! | N68: =N67-J68 -> #REF!
A69: 45008 | B69: 시내교통비_신순연 책임 | D69: 39 | E69: 여비교통비 | F69: 해외 | I69: 1365.7 | J69: =I69/'통장내역(환율표)'!#REF! -> #REF! | K69: =K68+G69-I69 -> #REF! | L69: =L68+H69-J69 -> #REF! | N69: =N68-J69 -> #REF!
A70: 45008 | B70: 은행수수료 | D70: 40 | E70: 해외지사비 | I70: 3.6 | J70: =I70/'통장내역(환율표)'!#REF! -> #REF! | K70: =K69+G70-I70 -> #REF! | L70: =L69+H70-J70 -> #REF! | N70: =N69-J70 -> #REF!
A71: 45008 | B71: 사무실운영비(택배비) | D71: 41 | E71: 해외지사비 | I71: 446.4 | J71: =I71/'통장내역(환율표)'!#REF! -> #REF! | K71: =K70+G71-I71 -> #REF! | L71: =L70+H71-J71 -> #REF! | N71: =N70-J71 -> #REF!
A72: 45008 | B72: 사무실운영비(Scan) | D72: 42 | E72: 해외지사비 | I72: 184 | J72: =I72/'통장내역(환율표)'!#REF! -> #REF! | K72: =K71+G72-I72 -> #REF! | L72: =L71+H72-J72 -> #REF! | N72: =N71-J72 -> #REF!
A73: 45008 | B73: 사무실운영비(사무용품) | D73: 43 | E73: 해외지사비 | I73: 382 | J73: =I73/'통장내역(환율표)'!#REF! -> #REF! | K73: =K72+G73-I73 -> #REF! | L73: =L72+H73-J73 -> #REF! | N73: =N72-J73 -> #REF!
A74: 45008 | B74: 사무실운영비(청소비) | D74: 44 | E74: 해외지사비 | I74: 300 | J74: =I74/'통장내역(환율표)'!#REF! -> #REF! | K74: =K73+G74-I74 -> #REF! | L74: =L73+H74-J74 -> #REF! | N74: =N73-J74 -> #REF!
A75: 45008 | B75: 은행수수료 | D75: 45 | E75: 해외지사비 | I75: 3.6 | J75: =I75/'통장내역(환율표)'!#REF! -> #REF! | K75: =K74+G75-I75 -> #REF! | L75: =L74+H75-J75 -> #REF! | N75: =N74-J75 -> #REF!
A76: 45008 | B76: 통신비_신순연 책임 | D76: 46 | E76: 통신비 | F76: 기타 | I76: 499 | J76: =I76/'통장내역(환율표)'!#REF! -> #REF! | K76: =K75+G76-I76 -> #REF! | L76: =L75+H76-J76 -> #REF! | N76: =N75-J76 -> #REF!
A77: 45008 | B77: 사무실 Internet비용(1월 & 2월 사용 분) | D77: 47 | E77: 통신비 | F77: 기타 | I77: 795.5 | J77: =I77/'통장내역(환율표)'!#REF! -> #REF! | K77: =K76+G77-I77 -> #REF! | L77: =L76+H77-J77 -> #REF! | N77: =N76-J77 -> #REF!
A78: 45008 | B78: 은행수수료 | D78: 48 | E78: 해외지사비 | I78: 3.6 | J78: =I78/'통장내역(환율표)'!#REF! -> #REF! | K78: =K77+G78-I78 -> #REF! | L78: =L77+H78-J78 -> #REF! | N78: =N77-J78 -> #REF!
A79: 45008 | B79: 여비교통비_출장 숙박 및 항공비_신순연 책임(도시와 도시사이의 장거리 택시비 포함) | D79: 49 | E79: 여비교통비 | F79: 해외 | I79: 5078.47 | J79: =I79/'통장내역(환율표)'!#REF! -> #REF! | K79: =K78+G79-I79 -> #REF! | L79: =L78+H79-J79 -> #REF! | N79: =N78-J79 -> #REF!
A80: 45008 | B80: 은행수수료 | D80: 50 | E80: 해외지사비 | I80: 3.6 | J80: =I80/'통장내역(환율표)'!#REF! -> #REF! | K80: =K79+G80-I80 -> #REF! | L80: =L79+H80-J80 -> #REF! | N80: =N79-J80 -> #REF!
A81: 45008 | B81: 업무추진비_신순연 책임 | D81: 51 | E81: 업무추진비 | F81: 일반 | I81: 20105.6 | J81: =I81/'통장내역(환율표)'!#REF! -> #REF! | K81: =K80+G81-I81 -> #REF! | L81: =L80+H81-J81 -> #REF! | N81: =N80-J81 -> #REF!
A82: 45008 | B82: 은행수수료 | D82: 52 | E82: 해외지사비 | I82: 7.2 | J82: =I82/'통장내역(환율표)'!#REF! -> #REF! | K82: =K81+G82-I82 -> #REF! | L82: =L81+H82-J82 -> #REF! | N82: =N81-J82 -> #REF!

Sheet 내역_23.04
A1: 4월 전도금 사용 내역 | E1: 100021363
A2: 3/10 송금 환율(1,319.7) | E2: 100021362 | G2: 4/10 송금 환율(1,318.9) | K2: 100021364 | L2: 1200000696
A3: 대계정 | B3: 소계정 | C3: 금액 (RMB) | D3: 금액 (USD) | E3: 금액 (KRW) | G3: 대계정 | H3: 소계정 | I3: 금액 (RMB) | J3: 금액 (USD) | K3: 금액 (KRW)
A4: 소모품비 | G4: 소모품비
A5: 업무추진비 | B5: 일반 | F5: 51131050 | G5: 업무추진비 | H5: 일반 | I5: 9868 | J5: 1436.0974 | K5: 1894072 | L5: =K5/I5 -> 191.94082
A6: 여비교통비 | B6: 해외 | F6: 51061030 | G6: 여비교통비 | H6: 해외 | I6: 26965.22 | J6: 3924.2687 | K6: 5175720 | L6: =K6+E6 -> 5175720
A7: 지급임차료 | B7: 사무실관리 | F7: 51201020 | G7: 지급임차료 | H7: 사무실관리 | I7: 20606 | J7: 2998.8066 | K7: 3955131 | L7: =K7+E7 -> 3955131
A8: 지급임차료 | B8: 차량임차료 | F8: 51201030 | G8: 지급임차료 | H8: 차량임차료 | I8: 10500 | J8: 1528.0729 | K8: 2015372 | L8: =K8+E8 -> 2015372
A9: 통신비 | B9: 기타 | F9: 51071700 | G9: 통신비 | H9: 기타 | I9: 992.5 | J9: 144.43927 | K9: 190502 | L9: =K9+E9 -> 190502
A10: 해외지사비 | C10: 19815.313 | D10: 2872.9158 | E10: 3791393 | F10: 51321010 | G10: 해외지사비 | I10: 149443.06 | J10: 21799.56 | K10: 28751440 | L10: =K10+E10 -> 32542833
A11: 보증금 | F11: 13081010 | G11: 보증금
A12: Total | C12: =SUM(C4:C11) -> 19815.313 | D12: =SUM(D4:D11) -> 2872.9158 | E12: =SUM(E4:E11) -> 3791393 | F12: 52981010 | G12: Total | I12: =SUM(I4:I11) -> 218374.78 | J12: =SUM(J4:J11) -> 31831.245 | K12: =SUM(K4:K11) -> 41982237
C13: =C12+I12 -> 238190.09 | D13: =D12+J12 -> 34704.161 | E13: =E12+K12 -> 45773630 | L13: 2425.7418
A14: 소모품비 (제품기술팀) | C14: 2628 | D14: 382.45481 | E14: 504413 | F14: D2A240 | G14: 71121010
C15: =SUM(C13:C14) -> 240818.09 | D15: =SUM(D13:D14) -> 35086.616 | N15: =#REF! -> #REF!
B16: 13081010 | G16: [ | H16: =SUBTOTAL(9,H19:H145) -> 84751 | I16: =SUBTOTAL(9,I19:I160) -> #REF! | J16: =SUBTOTAL(9,J19:J158) -> #REF!
A17: 날짜 | B17: 내역 | D17: 증빙번호 | E17: 대계정 | F17: 소계정 | G17: 입금 | I17: 출금 | K17: 잔액 | M17: 비고
G18: RMB | H18: USD | I18: RMB | J18: USD | K18: RMB | L18: USD
A19: 45016 | B19: 기존 잔고 | K19: 19814.909 | L19: 2872.9163 | N19: 2872.9158
A20: 45027 | B20: USD 입금 및 RMB 환전 | D20: 1 | G20: 582007.58 | H20: 84751 | K20: =K19+G20-I20 -> 601822.49 | L20: =L19+H20-J20 -> 87623.916
A21: 45027 | B21: 은행수수료 | D21: 1 | E21: 해외지사비 | J21: 51 | K21: =K20+G21-I21 -> 601822.49 | L21: =L20+H21-J21 -> 87572.916
A22: 45033 | B22: 사무실 운영 세금(1월~3월 분) | D22: 2 | E22: 해외지사비 | I22: =J22*'통장내역(환율표)'!#REF! -> #REF! | J22: 2872.9158 | K22: =K21+G22-I22 -> #REF! | L22: =L21+H22-J22 -> 84700.001 | N22: =N19-J22 -> 0
A23: 45033 | B23: 사무실 운영 세금(1월~3월 분) | D23: 2 | E23: 해외지사비 | I23: =35077.15-I22 -> #REF! | J23: =I23/'통장내역(환율표)'!#REF! -> #REF! | K23: =K22+G23-I23 -> #REF! | L23: =L22+H23-J23 -> #REF! | N23: =84700-J23 -> #REF!
A24: 45037 | B24: 주재원 5대보험 | D24: 3 | E24: 해외지사비 | I24: 7606.18 | J24: =I24/'통장내역(환율표)'!#REF! -> #REF! | K24: =K23+G24-I24 -> #REF! | L24: =L23+H24-J24 -> #REF! | M24: 신순연 | N24: =N23-J24 -> #REF!
A25: 45037 | B25: 주재원 개인소득세 | D25: 3 | E25: 해외지사비 | I25: 2902.29 | J25: =I25/'통장내역(환율표)'!#REF! -> #REF! | K25: =K24+G25-I25 -> #REF! | L25: =L24+H25-J25 -> #REF! | M25: 신순연 | N25: =N24-J25 -> #REF!
A26: 45037 | B26: 주재원수당 | D26: 3 | E26: 해외지사비 | I26: 15000 | J26: =I26/'통장내역(환율표)'!#REF! -> #REF! | K26: =K25+G26-I26 -> #REF! | L26: =L25+H26-J26 -> #REF! | M26: 신순연 | N26: =N25-J26 -> #REF!
A27: 45037 | B27: 주택수당 | D27: 3 | E27: 해외지사비 | I27: 22000 | J27: =I27/'통장내역(환율표)'!#REF! -> #REF! | K27: =K26+G27-I27 -> #REF! | L27: =L26+H27-J27 -> #REF! | M27: 신순연 | N27: =N26-J27 -> #REF!
A28: 45037 | B28: 주재원 대행 수수료 | D28: 3 | E28: 해외지사비 | I28: 300 | J28: =I28/'통장내역(환율표)'!#REF! -> #REF! | K28: =K27+G28-I28 -> #REF! | L28: =L27+H28-J28 -> #REF! | M28: 신순연 | N28: =N27-J28 -> #REF!
A29: 45037 | B29: 주재원 5대보험 | D29: 3 | E29: 해외지사비 | I29: 4231.18 | J29: =I29/'통장내역(환율표)'!#REF! -> #REF! | K29: =K28+G29-I29 -> #REF! | L29: =L28+H29-J29 -> #REF! | M29: 김명관 | N29: =N28-J29 -> #REF!
A30: 45037 | B30: 주재원 개인소득세 | D30: 3 | E30: 해외지사비 | I30: 564.29 | J30: =I30/'통장내역(환율표)'!#REF! -> #REF! | K30: =K29+G30-I30 -> #REF! | L30: =L29+H30-J30 -> #REF! | M30: 김명관 | N30: =N29-J30 -> #REF!
A31: 45037 | B31: 주재원수당 | D31: 3 | E31: 해외지사비 | I31: 15000 | J31: =I31/'통장내역(환율표)'!#REF! -> #REF! | K31: =K30+G31-I31 -> #REF! | L31: =L30+H31-J31 -> #REF! | M31: 김명관 | N31: =N30-J31 -> #REF!
A32: 45037 | B32: 주택수당 | D32: 3 | E32: 해외지사비 | I32: 22000 | J32: =I32/'통장내역(환율표)'!#REF! -> #REF! | K32: =K31+G32-I32 -> #REF! | L32: =L31+H32-J32 -> #REF! | M32: 김명관 | N32: =N31-J32 -> #REF!
A33: 45037 | B33: 주재원 대행 수수료 | D33: 3 | E33: 해외지사비 | I33: 300 | J33: =I33/'통장내역(환율표)'!#REF! -> #REF! | K33: =K32+G33-I33 -> #REF! | L33: =L32+H33-J33 -> #REF! | M33: 김명관 | N33: =N32-J33 -> #REF!
A34: 45037 | B34: 현채인 5대보험 | D34: 3 | E34: 해외지사비 | I34: 5043.19 | J34: =I34/'통장내역(환율표)'!#REF! -> #REF! | K34: =K33+G34-I34 -> #REF! | L34: =L33+H34-J34 -> #REF! | M34: 판책임 | N34: =N33-J34 -> #REF!
A35: 45037 | B35: 현채인급여 | D35: 3 | E35: 해외지사비 | I35: 25000 | J35: =I35/'통장내역(환율표)'!#REF! -> #REF! | K35: =K34+G35-I35 -> #REF! | L35: =L34+H35-J35 -> #REF! | M35: 판책임 | N35: =N34-J35 -> #REF!
A36: 45037 | B36: 현채인 대행 수수료 | D36: 3 | E36: 해외지사비 | I36: 300 | J36: =I36/'통장내역(환율표)'!#REF! -> #REF! | K36: =K35+G36-I36 -> #REF! | L36: =L35+H36-J36 -> #REF! | M36: 판책임 | N36: =N35-J36 -> #REF!
A37: 45037 | B37: 은행수수료 | D37: 4 | E37: 해외지사비 | I37: 12 | J37: =I37/'통장내역(환율표)'!#REF! -> #REF! | K37: =K36+G37-I37 -> #REF! | L37: =L36+H37-J37 -> #REF! | N37: =N36-J37 -> #REF!
A38: 45037 | B38: 사무실 임대료(3월 임대료 상승 분 차액 추가) | D38: 5 | E38: 지급임차료 | F38: 사무실관리 | I38: 20606 | J38: =I38/'통장내역(환율표)'!#REF! -> #REF! | K38: =K37+G38-I38 -> #REF! | L38: =L37+H38-J38 -> #REF! | N38: =N37-J38 -> #REF!
A39: 45037 | B39: 은행수수료 | D39: 6 | E39: 해외지사비 | I39: 7.2 | J39: =I39/'통장내역(환율표)'!#REF! -> #REF! | K39: =K38+G39-I39 -> #REF! | L39: =L38+H39-J39 -> #REF! | N39: =N38-J39 -> #REF!
A40: 45037 | B40: 사무실 관리비(전기, 수도, 에어컨) | D40: 7 | E40: 해외지사비 | I40: 321.18 | J40: =I40/'통장내역(환율표)'!#REF! -> #REF! | K40: =K39+G40-I40 -> #REF! | L40: =L39+H40-J40 -> #REF! | N40: =N39-J40 -> #REF!
A41: 45037 | B41: 은행수수료 | D41: 8 | E41: 해외지사비 | I41: 3.6 | J41: =I41/'통장내역(환율표)'!#REF! -> #REF! | K41: =K40+G41-I41 -> #REF! | L41: =L40+H41-J41 -> #REF! | N41: =N40-J41 -> #REF!
A42: 45037 | B42: 차량 Rent비 | D42: 10 | E42: 지급임차료 | F42: 차량임차료 | I42: 10500 | J42: =I42/'통장내역(환율표)'!#REF! -> #REF! | K42: =K41+G42-I42 -> #REF! | L42: =L41+H42-J42 -> #REF! | N42: =N41-J42 -> #REF!
A43: 45037 | B43: 차량 기사비 | D43: 10 | E43: 해외지사비 | I43: 6000 | J43: =I43/'통장내역(환율표)'!#REF! -> #REF! | K43: =K42+G43-I43 -> #REF! | L43: =L42+H43-J43 -> #REF! | N43: =N42-J43 -> #REF!
A44: 45037 | B44: 기사 야근비용 | D44: 10 | E44: 해외지사비 | I44: 720 | J44: =I44/'통장내역(환율표)'!#REF! -> #REF! | K44: =K43+G44-I44 -> #REF! | L44: =L43+H44-J44 -> #REF! | N44: =N43-J44 -> #REF!
A45: 45037 | B45: 은행수수료 | D45: 11 | E45: 해외지사비 | I45: 7.2 | J45: =I45/'통장내역(환율표)'!#REF! -> #REF! | K45: =K44+G45-I45 -> #REF! | L45: =L44+H45-J45 -> #REF! | N45: =N44-J45 -> #REF!
A46: 45037 | B46: 세무대행사(3월분기장비, 2023년도장부비, 취업비자연장, 가족비자(2명), 증치세) | D46: 12 | E46: 해외지사비 | I46: 3838 | J46: =I46/'통장내역(환율표)'!#REF! -> #REF! | K46: =K45+G46-I46 -> #REF! | L46: =L45+H46-J46 -> #REF! | N46: =N45-J46 -> #REF!
A47: 45037 | B47: 은행수수료 | D47: 13 | E47: 해외지사비 | I47: 3.6 | J47: =I47/'통장내역(환율표)'!#REF! -> #REF! | K47: =K46+G47-I47 -> #REF! | L47: =L46+H47-J47 -> #REF! | N47: =N46-J47 -> #REF!
A48: 45037 | B48: 택배비 | D48: 14 | E48: 해외지사비 | I48: 484.7 | J48: =I48/'통장내역(환율표)'!#REF! -> #REF! | K48: =K47+G48-I48 -> #REF! | L48: =L47+H48-J48 -> #REF! | N48: =N47-J48 -> #REF!
A49: 45037 | B49: 통신비_판책임 | D49: 15 | E49: 통신비 | F49: 기타 | I49: 98.5 | J49: =I49/'통장내역(환율표)'!#REF! -> #REF! | K49: =K48+G49-I49 -> #REF! | L49: =L48+H49-J49 -> #REF! | N49: =N48-J49 -> #REF!
A50: 45037 | B50: 시내교통비_판책임 | D50: 16 | E50: 여비교통비 | F50: 해외 | I50: 246.77 | J50: =I50/'통장내역(환율표)'!#REF! -> #REF! | K50: =K49+G50-I50 -> #REF! | L50: =L49+H50-J50 -> #REF! | N50: =N49-J50 -> #REF!
A51: 45037 | B51: 은행수수료 | D51: 17 | E51: 해외지사비 | I51: 3.6 | J51: =I51/'통장내역(환율표)'!#REF! -> #REF! | K51: =K50+G51-I51 -> #REF! | L51: =L50+H51-J51 -> #REF! | N51: =N50-J51 -> #REF!
A52: 45037 | B52: Liu Ming Liang(주차비) | D52: 18 | E52: 여비교통비 | F52: 해외 | I52: 983 | J52: =I52/'통장내역(환율표)'!#REF! -> #REF! | K52: =K51+G52-I52 -> #REF! | L52: =L51+H52-J52 -> #REF! | N52: =N51-J52 -> #REF!
A53: 45037 | B53: Liu Ming Liang(주유비) | D53: 19 | E53: 여비교통비 | F53: 해외 | I53: 2566 | J53: =I53/'통장내역(환율표)'!#REF! -> #REF! | K53: =K52+G53-I53 -> #REF! | L53: =L52+H53-J53 -> #REF! | N53: =N52-J53 -> #REF!
A54: 45037 | B54: Liu Ming Liang(톨비) | D54: 20 | E54: 여비교통비 | F54: 해외 | I54: 184 | J54: =I54/'통장내역(환율표)'!#REF! -> #REF! | K54: =K53+G54-I54 -> #REF! | L54: =L53+H54-J54 -> #REF! | N54: =N53-J54 -> #REF!
A55: 45037 | B55: 은행수수료 | D55: 21 | E55: 해외지사비 | I55: 3.6 | J55: =I55/'통장내역(환율표)'!#REF! -> #REF! | K55: =K54+G55-I55 -> #REF! | L55: =L54+H55-J55 -> #REF! | N55: =N54-J55 -> #REF!
A56: 45037 | B56: 업무추진비(김명관 책임) | D56: 22 | E56: 업무추진비 | F56: 일반 | I56: 2694 | J56: =I56/'통장내역(환율표)'!#REF! -> #REF! | K56: =K55+G56-I56 -> #REF! | L56: =L55+H56-J56 -> #REF! | N56: =N55-J56 -> #REF!
A57: 45037 | B57: 은행수수료 | D57: 23 | E57: 해외지사비 | I57: 3.6 | J57: =I57/'통장내역(환율표)'!#REF! -> #REF! | K57: =K56+G57-I57 -> #REF! | L57: =L56+H57-J57 -> #REF! | N57: =N56-J57 -> #REF!
A58: 45037 | B58: 비자연장용 건강검진비용(김명관 책임) | D58: 24 | E58: 해외지사비 | I58: 717.1 | J58: =I58/'통장내역(환율표)'!#REF! -> #REF! | K58: =K57+G58-I58 -> #REF! | L58: =L57+H58-J58 -> #REF! | N58: =N57-J58 -> #REF!
A59: 45037 | B59: 은행수수료 | D59: 25 | E59: 해외지사비 | I59: 3.6 | J59: =I59/'통장내역(환율표)'!#REF! -> #REF! | K59: =K58+G59-I59 -> #REF! | L59: =L58+H59-J59 -> #REF! | N59: =N58-J59 -> #REF!
A60: 45037 | B60: 여비교통비_춟장교통비 및 숙박비(김명관 책임) | D60: 26 | E60: 여비교통비 | F60: 해외 | I60: 11697.31 | J60: =I60/'통장내역(환율표)'!#REF! -> #REF! | K60: =K59+G60-I60 -> #REF! | L60: =L59+H60-J60 -> #REF! | N60: =N59-J60 -> #REF!
A61: 45037 | B61: 은행수수료 | D61: 27 | E61: 해외지사비 | I61: 7.2 | J61: =I61/'통장내역(환율표)'!#REF! -> #REF! | K61: =K60+G61-I61 -> #REF! | L61: =L60+H61-J61 -> #REF! | N61: =N60-J61 -> #REF!
A62: 45037 | B62: 사무실운영비(사무용품) | D62: 28 | E62: 해외지사비 | I62: 753 | J62: =I62/'통장내역(환율표)'!#REF! -> #REF! | K62: =K61+G62-I62 -> #REF! | L62: =L61+H62-J62 -> #REF! | N62: =N61-J62 -> #REF!
A63: 45037 | B63: 사무실운영비(청소비) | D63: 29 | E63: 해외지사비 | I63: 300 | J63: =I63/'통장내역(환율표)'!#REF! -> #REF! | K63: =K62+G63-I63 -> #REF! | L63: =L62+H63-J63 -> #REF! | N63: =N62-J63 -> #REF!
A64: 45037 | B64: 사무실운영비(택배비) | D64: 30 | E64: 해외지사비 | I64: 444.91 | J64: =I64/'통장내역(환율표)'!#REF! -> #REF! | K64: =K63+G64-I64 -> #REF! | L64: =L63+H64-J64 -> #REF! | N64: =N63-J64 -> #REF!
A65: 45037 | B65: 사무실운영비(CSOT 출입증 연장 관련) | D65: 31 | E65: 해외지사비 | I65: 274.8 | J65: =I65/'통장내역(환율표)'!#REF! -> #REF! | K65: =K64+G65-I65 -> #REF! | L65: =L64+H65-J65 -> #REF! | N65: =N64-J65 -> #REF!
A66: 45037 | B66: 은행수수료 | D66: 32 | E66: 해외지사비 | I66: 3.6 | J66: =I66/'통장내역(환율표)'!#REF! -> #REF! | K66: =K65+G66-I66 -> #REF! | L66: =L65+H66-J66 -> #REF! | N66: =N65-J66 -> #REF!
A67: 45037 | B67: DB6T8930 사전 평가용 Code Writing기기 구매(본사 응기팀 송부) | D67: 33 | E67: 소모품비 | I67: 1620 | J67: =I67/'통장내역(환율표)'!#REF! -> #REF! | K67: =K66+G67-I67 -> #REF! | L67: =L66+H67-J67 -> #REF! | M67: 제품기술팀 | N67: =N66-J67 -> #REF!
A68: 45037 | B68: 은행수수료 | D68: 34 | E68: 해외지사비 | I68: 3.6 | J68: =I68/'통장내역(환율표)'!#REF! -> #REF! | K68: =K67+G68-I68 -> #REF! | L68: =L67+H68-J68 -> #REF! | N68: =N67-J68 -> #REF!
A69: 45037 | B69: DB6T8930 비교 분석 용 경쟁사 IC 구매(본사 응기팀 송부) | D69: 35 | E69: 소모품비 | I69: 1008 | J69: =I69/'통장내역(환율표)'!#REF! -> #REF! | K69: =K68+G69-I69 -> #REF! | L69: =L68+H69-J69 -> #REF! | M69: 제품기술팀 | N69: =N68-J69 -> #REF!
A70: 45037 | B70: 은행수수료 | D70: 36 | E70: 해외지사비 | I70: 3.6 | J70: =I70/'통장내역(환율표)'!#REF! -> #REF! | K70: =K69+G70-I70 -> #REF! | L70: =L69+H70-J70 -> #REF! | N70: =N69-J70 -> #REF!
A71: 45037 | B71: 여비교통비_춟장교통비 및 숙박비(신순연 책임) | D71: 37 | E71: 여비교통비 | F71: 해외 | I71: 9734.27 | J71: =I71/'통장내역(환율표)'!#REF! -> #REF! | K71: =K70+G71-I71 -> #REF! | L71: =L70+H71-J71 -> #REF! | N71: =N70-J71 -> #REF!
A72: 45037 | B72: 은행수수료 | D72: 38 | E72: 해외지사비 | I72: 3.6 | J72: =I72/'통장내역(환율표)'!#REF! -> #REF! | K72: =K71+G72-I72 -> #REF! | L72: =L71+H72-J72 -> #REF! | N72: =N71-J72 -> #REF!
A73: 45037 | B73: 사무실 Internet비용 | D73: 39 | E73: 통신비 | F73: 기타 | I73: 396.5 | J73: =I73/'통장내역(환율표)'!#REF! -> #REF! | K73: =K72+G73-I73 -> #REF! | L73: =L72+H73-J73 -> #REF! | N73: =N72-J73 -> #REF!
A74: 45037 | B74: 통신비_신순연 책임 | D74: 40 | E74: 통신비 | F74: 기타 | I74: 497.5 | J74: =I74/'통장내역(환율표)'!#REF! -> #REF! | K74: =K73+G74-I74 -> #REF! | L74: =L73+H74-J74 -> #REF! | N74: =N73-J74 -> #REF!
A75: 45037 | B75: 은행수수료 | D75: 41 | E75: 해외지사비 | I75: 3.6 | J75: =I75/'통장내역(환율표)'!#REF! -> #REF! | K75: =K74+G75-I75 -> #REF! | L75: =L74+H75-J75 -> #REF! | N75: =N74-J75 -> #REF!
A76: 45037 | B76: 업무추진비(신순연 책임) | D76: 42 | E76: 업무추진비 | F76: 일반 | I76: =7177.6-3.6 -> 7174 | J76: =I76/'통장내역(환율표)'!#REF! -> #REF! | K76: =K75+G76-I76 -> #REF! | L76: =L75+H76-J76 -> #REF! | M76: 1원 더 적게 인출 | N76: =N75-J76 -> #REF!
A77: 45037 | B77: 은행수수료 | D77: 43 | E77: 해외지사비 | I77: 3.6 | J77: =I77/'통장내역(환율표)'!#REF! -> #REF! | K77: =K76+G77-I77 -> #REF! | L77: =L76+H77-J77 -> #REF! | N77: =N76-J77 -> #REF!
A78: 45040 | B78: 시내교통비 | D78: 44 | E78: 여비교통비 | F78: 해외 | I78: 1553.87 | J78: =I78/'통장내역(환율표)'!#REF! -> #REF! | K78: =K77+G78-I78 -> #REF! | L78: =L77+H78-J78 -> #REF! | N78: =N77-J78 -> #REF!
A79: 45040 | B79: 은행수수료 | D79: 45 | E79: 해외지사비 | I79: 3.6 | J79: =I79/'통장내역(환율표)'!#REF! -> #REF! | K79: =K78+G79-I79 -> #REF! | L79: =L78+H79-J79 -> #REF! | N79: =N78-J79 -> #REF!

Sheet 내역_23.05
A1: 5월 전도금 사용 내역 | E1: 100021363
A2: 4/10 송금 환율(1,318.9) | E2: 100000031 | L2: 1200000696
A3: 대계정 | B3: 소계정 | C3: 금액 (RMB) | D3: 금액 (USD) | E3: 금액 (KRW)
A4: 소모품비
A5: 업무추진비 | B5: 일반 | C5: 17371.86 | D5: 2528.1398 | E5: 3334364 | F5: =E5/C5 -> 191.94053 | L5: =K5+E5 -> 3334364
A6: 여비교통비 | B6: 해외 | C6: 19002.77 | D6: 2765.4874 | E6: 3647405 | F6: 51061030 | L6: =K6+E6 -> 3647405
A7: 지급임차료 | B7: 사무실관리 | C7: 20023 | D7: 2913.9622 | E7: 3843222 | F7: 51201020 | L7: =K7+E7 -> 3843222
A8: 지급임차료 | B8: 차량임차료 | C8: 10500 | D8: 1528.0729 | E8: 2015372 | F8: 51201030 | L8: =K8+E8 -> 2015372
A9: 통신비 | B9: 기타 | C9: 995.6 | D9: 144.89042 | E9: 191095 | F9: 51071700 | L9: =K9+E9 -> 191095
A10: 해외지사비 | C10: 213718.69 | D10: 31102.641 | E10: 41021272 | F10: 51321010 | L10: =K10+E10 -> 41021272
A11: 보증금 | F11: 13081010
A12: Total | C12: =SUM(C4:C11) -> 281611.92 | D12: =SUM(D4:D11) -> 40983.194 | E12: =SUM(E4:E11) -> 54052730 | F12: 52981010
C13: =C12+I12 -> 281611.92 | D13: =D12+J12 -> 40983.194 | E13: =E12+K12 -> 54052730 | L13: 2425.7418
B16: 13081010 | I16: =SUBTOTAL(9,I19:I163) -> 281611.92 | J16: =SUBTOTAL(9,J19:J161) -> #REF!
A17: 날짜 | B17: 내역 | D17: 증빙번호 | E17: 대계정 | F17: 소계정 | G17: 입금 | I17: 출금 | K17: 잔액 | M17: 비고
G18: RMB | H18: USD | I18: RMB | J18: USD | K18: RMB | L18: USD
A19: 45046 | B19: 기존 잔고 | K19: 361004.4 | L19: 52537.3 | N19: 52537.3
A20: 45057 | B20: Internet Recruiting 비용 | D20: 1 | E20: 해외지사비 | I20: 2000 | J20: =I20/'통장내역(환율표)'!#REF! -> #REF! | K20: =K19+G20-I20 -> 359004.4 | L20: =L19+H20-J20 -> #REF! | N20: =N19-J20+H20 -> #REF!
A21: 45057 | B21: 은행수수료 | D21: 2 | E21: 해외지사비 | I21: 3.6 | J21: =I21/'통장내역(환율표)'!#REF! -> #REF! | K21: =K20+G21-I21 -> 359000.8 | L21: =L20+H21-J21 -> #REF! | N21: =N20-J21+H21 -> #REF!
A22: 45063 | B22: Internet Banking 인증서 Download | D22: 3 | E22: 해외지사비 | I22: 80 | J22: =I22/'통장내역(환율표)'!#REF! -> #REF! | K22: =K21+G22-I22 -> 358920.8 | L22: =L21+H22-J22 -> #REF! | N22: =N21-J22+H22 -> #REF!
A23: 45063 | B23: 주재원 5대보험 | D23: 4 | E23: 해외지사비 | I23: 7612.23 | J23: =I23/'통장내역(환율표)'!#REF! -> #REF! | K23: =K22+G23-I23 -> 351308.57 | L23: =L22+H23-J23 -> #REF! | N23: =N22-J23+H23 -> #REF!
A24: 45063 | B24: 주재원 개인소득세 | D24: 4 | E24: 해외지사비 | I24: 2902.29 | J24: =I24/'통장내역(환율표)'!#REF! -> #REF! | K24: =K23+G24-I24 -> 348406.28 | L24: =L23+H24-J24 -> #REF! | N24: =N23-J24+H24 -> #REF!
A25: 45063 | B25: 주재원수당 | D25: 4 | E25: 해외지사비 | I25: 15000 | J25: =I25/'통장내역(환율표)'!#REF! -> #REF! | K25: =K24+G25-I25 -> 333406.28 | L25: =L24+H25-J25 -> #REF! | N25: =N24-J25+H25 -> #REF!
A26: 45063 | B26: 주택수당 | D26: 4 | E26: 해외지사비 | I26: 22000 | J26: =I26/'통장내역(환율표)'!#REF! -> #REF! | K26: =K25+G26-I26 -> 311406.28 | L26: =L25+H26-J26 -> #REF! | N26: =N25-J26+H26 -> #REF!
A27: 45063 | B27: 주재원 대행 수수료 | D27: 4 | E27: 해외지사비 | I27: 300 | J27: =I27/'통장내역(환율표)'!#REF! -> #REF! | K27: =K26+G27-I27 -> 311106.28 | L27: =L26+H27-J27 -> #REF! | N27: =N26-J27+H27 -> #REF!
A28: 45063 | B28: 주재원 5대보험 | D28: 4 | E28: 해외지사비 | I28: 4237.23 | J28: =I28/'통장내역(환율표)'!#REF! -> #REF! | K28: =K27+G28-I28 -> 306869.05 | L28: =L27+H28-J28 -> #REF! | N28: =N27-J28+H28 -> #REF!
A29: 45063 | B29: 주재원 개인소득세 | D29: 4 | E29: 해외지사비 | I29: 564.29 | J29: =I29/'통장내역(환율표)'!#REF! -> #REF! | K29: =K28+G29-I29 -> 306304.76 | L29: =L28+H29-J29 -> #REF! | N29: =N28-J29+H29 -> #REF!
A30: 45063 | B30: 주재원수당 | D30: 4 | E30: 해외지사비 | I30: 15000 | J30: =I30/'통장내역(환율표)'!#REF! -> #REF! | K30: =K29+G30-I30 -> 291304.76 | L30: =L29+H30-J30 -> #REF! | N30: =N29-J30+H30 -> #REF!
A31: 45063 | B31: 주택수당 | D31: 4 | E31: 해외지사비 | I31: 22000 | J31: =I31/'통장내역(환율표)'!#REF! -> #REF! | K31: =K30+G31-I31 -> 269304.76 | L31: =L30+H31-J31 -> #REF! | N31: =N30-J31+H31 -> #REF!
... A36: 45063 | B36: 은행수수료 | D36: 5 | E36: 해외지사비 | I36: 12 | J36: =I36/'통장내역(환율표)'!#REF! -> #REF! | K36: =K35+G36-I36 -> 226138.37 | L36: =L35+H36-J36 -> #REF! | N36: =N35-J36+H36 -> #REF!
A37: 45068 | B37: 사무실 임대료 | D37: 6 | E37: 지급임차료 | F37: 사무실관리 | I37: 20023 | J37: =I37/'통장내역(환율표)'!#REF! -> #REF! | K37: =K36+G37-I37 -> 206115.37 | L37: =L36+H37-J37 -> #REF! | N37: =N36-J37+H37 -> #REF!
A38: 45068 | B38: 은행수수료 | D38: 7 | E38: 해외지사비 | I38: 7.2 | J38: =I38/'통장내역(환율표)'!#REF! -> #REF! | K38: =K37+G38-I38 -> 206108.17 | L38: =L37+H38-J38 -> #REF! | N38: =N37-J38+H38 -> #REF!
A39: 45068 | B39: 사무실 관리비(전기, 수도, 에어컨) | D39: 8 | E39: 해외지사비 | I39: 617.25 | J39: =I39/'통장내역(환율표)'!#REF! -> #REF! | K39: =K38+G39-I39 -> 205490.92 | L39: =L38+H39-J39 -> #REF! | N39: =N38-J39+H39 -> #REF!
A40: 45068 | B40: 은행수수료 | D40: 9 | E40: 해외지사비 | I40: 3.6 | J40: =I40/'통장내역(환율표)'!#REF! -> #REF! | K40: =K39+G40-I40 -> 205487.32 | L40: =L39+H40-J40 -> #REF! | N40: =N39-J40+H40 -> #REF!
A41: 45068 | B41: 차량 Rent비 | D41: 10 | E41: 지급임차료 | F41: 차량임차료 | I41: 10500 | J41: =I41/'통장내역(환율표)'!#REF! -> #REF! | K41: =K40+G41-I41 -> 194987.32 | L41: =L40+H41-J41 -> #REF! | N41: =N40-J41+H41 -> #REF!
A42: 45068 | B42: 차량 기사비 | D42: 10 | E42: 해외지사비 | I42: 6000 | J42: =I42/'통장내역(환율표)'!#REF! -> #REF! | K42: =K41+G42-I42 -> 188987.32 | L42: =L41+H42-J42 -> #REF! | N42: =N41-J42+H42 -> #REF!
A43: 45068 | B43: 기사 야근비용 | D43: 10 | E43: 해외지사비 | I43: 890 | J43: =I43/'통장내역(환율표)'!#REF! -> #REF! | K43: =K42+G43-I43 -> 188097.32 | L43: =L42+H43-J43 -> #REF! | M43: .01 더 적게 인출 | N43: =N42-J43+H43 -> #REF!
A44: 45068 | B44: 은행수수료 | D44: 11 | E44: 해외지사비 | I44: 7.2 | J44: =I44/'통장내역(환율표)'!#REF! -> #REF! | K44: =K43+G44-I44 -> 188090.12 | L44: =L43+H44-J44 -> #REF! | N44: =N43-J44+H44 -> #REF!
A45: 45068 | B45: 세무대행사 | D45: 12 | E45: 해외지사비 | I45: 1010 | J45: =I45/'통장내역(환율표)'!#REF! -> #REF! | K45: =K44+G45-I45 -> 187080.12 | L45: =L44+H45-J45 -> #REF! | N45: =N44-J45+H45 -> #REF!
A46: 45068 | B46: 은행수수료 | D46: 13 | E46: 해외지사비 | I46: 3.6 | J46: =I46/'통장내역(환율표)'!#REF! -> #REF! | K46: =K45+G46-I46 -> 187076.52 | L46: =L45+H46-J46 -> #REF! | N46: =N45-J46+H46 -> #REF!
A47: 45068 | B47: 시내교통비 | D47: 14 | E47: 여비교통비 | F47: 해외 | I47: 74.25 | J47: =I47/'통장내역(환율표)'!#REF! -> #REF! | K47: =K46+G47-I47 -> 187002.27 | L47: =L46+H47-J47 -> #REF! | M47: Pan Shi Qiang책임 | N47: =N46-J47+H47 -> #REF!
A48: 45068 | B48: 사무용품비 | D48: 15 | E48: 해외지사비 | I48: 55 | J48: =I48/'통장내역(환율표)'!#REF! -> #REF! | K48: =K47+G48-I48 -> 186947.27 | L48: =L47+H48-J48 -> #REF! | M48: IC담는 작은 박스 구입 | N48: =N47-J48+H48 -> #REF!
A49: 45068 | B49: 택배비 | D49: 16 | E49: 해외지사비 | I49: 373.22 | J49: =I49/'통장내역(환율표)'!#REF! -> #REF! | K49: =K48+G49-I49 -> 186574.05 | L49: =L48+H49-J49 -> #REF! | N49: =N48-J49+H49 -> #REF!
A50: 45068 | B50: 통신비 | D50: 17 | E50: 통신비 | F50: 기타 | I50: 98.6 | J50: =I50/'통장내역(환율표)'!#REF! -> #REF! | K50: =K49+G50-I50 -> 186475.45 | L50: =L49+H50-J50 -> #REF! | M50: Pan Shi Qiang책임 | N50: =N49-J50+H50 -> #REF!
A51: 45068 | B51: 은행수수료 | D51: 18 | E51: 해외지사비 | I51: 3.6 | J51: =I51/'통장내역(환율표)'!#REF! -> #REF! | K51: =K50+G51-I51 -> 186471.85 | L51: =L50+H51-J51 -> #REF! | N51: =N50-J51+H51 -> #REF!
A52: 45068 | B52: Liu Ming Liang(주차비) | D52: 19 | E52: 여비교통비 | F52: 해외 | I52: =900+100 -> 1000 | J52: =I52/'통장내역(환율표)'!#REF! -> #REF! | K52: =K51+G52-I52 -> 185471.85 | L52: =L51+H52-J52 -> #REF! | N52: =N51-J52+H52 -> #REF!
A53: 45068 | B53: Liu Ming Liang(주유비) | D53: 20 | E53: 여비교통비 | F53: 해외 | I53: 2520 | J53: =I53/'통장내역(환율표)'!#REF! -> #REF! | K53: =K52+G53-I53 -> 182951.85 | L53: =L52+H53-J53 -> #REF! | N53: =N52-J53+H53 -> #REF!
A54: 45068 | B54: Liu Ming Liang(톨비) | D54: 21 | E54: 여비교통비 | F54: 해외 | I54: 328 | J54: =I54/'통장내역(환율표)'!#REF! -> #REF! | K54: =K53+G54-I54 -> 182623.85 | L54: =L53+H54-J54 -> #REF! | N54: =N53-J54+H54 -> #REF!
A55: 45068 | B55: 은행수수료 | D55: 22 | E55: 해외지사비 | I55: 3.6 | J55: =I55/'통장내역(환율표)'!#REF! -> #REF! | K55: =K54+G55-I55 -> 182620.25 | L55: =L54+H55-J55 -> #REF! | N55: =N54-J55+H55 -> #REF!
A56: 45068 | B56: 김명관 책임_자녀 학비 | D56: 23 | E56: 해외지사비 | I56: 65910 | J56: =I56/'통장내역(환율표)'!#REF! -> #REF! | K56: =K55+G56-I56 -> 116710.25 | L56: =L55+H56-J56 -> #REF! | N56: =N55-J56+H56 -> #REF!
A57: 45068 | B57: 은행수수료 | D57: 24 | E57: 해외지사비 | I57: 7.2 | J57: =I57/'통장내역(환율표)'!#REF! -> #REF! | K57: =K56+G57-I57 -> 116703.05 | L57: =L56+H57-J57 -> #REF! | N57: =N56-J57+H57 -> #REF!
A58: 45068 | B58: 김명관 책임_업무추진비 | D58: 25 | E58: 업무추진비 | F58: 일반 | I58: 5769.66 | J58: =I58/'통장내역(환율표)'!#REF! -> #REF! | K58: =K57+G58-I58 -> 110933.39 | L58: =L57+H58-J58 -> #REF! | N58: =N57-J58+H58 -> #REF!
A59: 45068 | B59: 은행수수료 | D59: 26 | E59: 해외지사비 | I59: 3.6 | J59: =I59/'통장내역(환율표)'!#REF! -> #REF! | K59: =K58+G59-I59 -> 110929.79 | L59: =L58+H59-J59 -> #REF! | N59: =N58-J59+H59 -> #REF!
A60: 45068 | B60: 김명관 책임_비자 연장용 비용 | D60: 27 | E60: 해외지사비 | I60: 2400 | J60: =I60/'통장내역(환율표)'!#REF! -> #REF! | K60: =K59+G60-I60 -> 108529.79 | L60: =L59+H60-J60 -> #REF! | N60: =N59-J60+H60 -> #REF!
A61: 45068 | B61: 은행수수료 | D61: 28 | E61: 해외지사비 | I61: 3.6 | J61: =I61/'통장내역(환율표)'!#REF! -> #REF! | K61: =K60+G61-I61 -> 108526.19 | L61: =L60+H61-J61 -> #REF! | N61: =N60-J61+H61 -> #REF!
A62: 45068 | B62: 김명관_시내교통비 | D62: 29 | E62: 여비교통비 | F62: 해외 | I62: 368.29 | J62: =I62/'통장내역(환율표)'!#REF! -> #REF! | K62: =K61+G62-I62 -> 108157.9 | L62: =L61+H62-J62 -> #REF! | N62: =N61-J62+H62 -> #REF!
A63: 45068 | B63: 은행수수료 | D63: 30 | E63: 해외지사비 | I63: 3.6 | J63: =I63/'통장내역(환율표)'!#REF! -> #REF! | K63: =K62+G63-I63 -> 108154.3 | L63: =L62+H63-J63 -> #REF! | N63: =N62-J63+H63 -> #REF!
A64: 45068 | B64: 김명관_Su Zhou 출장건 | D64: 31 | E64: 여비교통비 | F64: 해외 | I64: 4645.94 | J64: =I64/'통장내역(환율표)'!#REF! -> #REF! | K64: =K63+G64-I64 -> 103508.36 | L64: =L63+H64-J64 -> #REF! | N64: =N63-J64+H64 -> #REF!
A65: 45068 | B65: 은행수수료 | D65: 32 | E65: 해외지사비 | I65: 3.6 | J65: =I65/'통장내역(환율표)'!#REF! -> #REF! | K65: =K64+G65-I65 -> 103504.76 | L65: =L64+H65-J65 -> #REF! | N65: =N64-J65+H65 -> #REF!
A66: 45068 | B66: 김명관_Bei Jing 출장건 | D66: 33 | E66: 여비교통비 | F66: 해외 | I66: 4848 | J66: =I66/'통장내역(환율표)'!#REF! -> #REF! | K66: =K65+G66-I66 -> 98656.759 | L66: =L65+H66-J66 -> #REF! | N66: =N65-J66+H66 -> #REF!
A67: 45068 | B67: 은행수수료 | D67: 34 | E67: 해외지사비 | I67: 3.6 | J67: =I67/'통장내역(환율표)'!#REF! -> #REF! | K67: =K66+G67-I67 -> 98653.159 | L67: =L66+H67-J67 -> #REF! | N67: =N66-J67+H67 -> #REF!
A68: 45068 | B68: 사무실운영비_택배비 | D68: 35 | E68: 해외지사비 | I68: 305.79 | J68: =I68/'통장내역(환율표)'!#REF! -> #REF! | K68: =K67+G68-I68 -> 98347.369 | L68: =L67+H68-J68 -> #REF! | N68: =N67-J68+H68 -> #REF!
A69: 45068 | B69: 사무실운영비_사무비품 | D69: 36 | E69: 해외지사비 | I69: 114.8 | J69: =I69/'통장내역(환율표)'!#REF! -> #REF! | K69: =K68+G69-I69 -> 98232.569 | L69: =L68+H69-J69 -> #REF! | N69: =N68-J69+H69 -> #REF!
A70: 45068 | B70: 사무실운영비_청소비 | D70: 37 | E70: 해외지사비 | I70: 300 | J70: =I70/'통장내역(환율표)'!#REF! -> #REF! | K70: =K69+G70-I70 -> 97932.569 | L70: =L69+H70-J70 -> #REF! | N70: =N69-J70+H70 -> #REF!
A71: 45068 | B71: 사무실운영비_스캔, 프린트 | D71: 38 | E71: 해외지사비 | I71: 185 | J71: =I71/'통장내역(환율표)'!#REF! -> #REF! | K71: =K70+G71-I71 -> 97747.569 | L71: =L70+H71-J71 -> #REF! | N71: =N70-J71+H71 -> #REF!
A72: 45068 | B72: 사무실운영비_IC 구입 | D72: 39 | E72: 해외지사비 | I72: 616 | J72: =I72/'통장내역(환율표)'!#REF! -> #REF! | K72: =K71+G72-I72 -> 97131.569 | L72: =L71+H72-J72 -> #REF! | N72: =N71-J72+H72 -> #REF!
A73: 45068 | B73: 은행수수료 | D73: 40 | E73: 해외지사비 | I73: 3.6 | J73: =I73/'통장내역(환율표)'!#REF! -> #REF! | K73: =K72+G73-I73 -> 97127.969 | L73: =L72+H73-J73 -> #REF! | N73: =N72-J73+H73 -> #REF!
A74: 45068 | B74: 통신비_신순연 책임 | D74: 41 | E74: 통신비 | F74: 기타 | I74: 499 | J74: =I74/'통장내역(환율표)'!#REF! -> #REF! | K74: =K73+G74-I74 -> 96628.969 | L74: =L73+H74-J74 -> #REF! | N74: =N73-J74+H74 -> #REF!
A75: 45068 | B75: 사무실 Internet비용 | D75: 42 | E75: 통신비 | F75: 기타 | I75: 398 | J75: =I75/'통장내역(환율표)'!#REF! -> #REF! | K75: =K74+G75-I75 -> 96230.969 | L75: =L74+H75-J75 -> #REF! | N75: =N74-J75+H75 -> #REF!
A76: 45068 | B76: 은행수수료 | D76: 43 | E76: 해외지사비 | I76: 3.6 | J76: =I76/'통장내역(환율표)'!#REF! -> #REF! | K76: =K75+G76-I76 -> 96227.369 | L76: =L75+H76-J76 -> #REF! | N76: =N75-J76+H76 -> #REF!
A77: 45068 | B77: 신순연_Bei Jing 출장건 | D77: 44 | E77: 여비교통비 | F77: 해외 | I77: 4798 | J77: =I77/'통장내역(환율표)'!#REF! -> #REF! | K77: =K76+G77-I77 -> 91429.369 | L77: =L76+H77-J77 -> #REF! | N77: =N76-J77+H77 -> #REF!
A78: 45068 | B78: 은행수수료 | D78: 45 | E78: 해외지사비 | I78: 3.6 | J78: =I78/'통장내역(환율표)'!#REF! -> #REF! | K78: =K77+G78-I78 -> 91425.769 | L78: =L77+H78-J78 -> #REF! | N78: =N77-J78+H78 -> #REF!
A79: 45068 | B79: 신순연_업무추진비 | D79: 46 | E79: 업무추진비 | F79: 일반 | I79: 11602.2 | J79: =I79/'통장내역(환율표)'!#REF! -> #REF! | K79: =K78+G79-I79 -> 79823.569 | L79: =L78+H79-J79 -> #REF! | N79: =N78-J79+H79 -> #REF!
A80: 45068 | B80: 은행수수료 | D80: 47 | E80: 해외지사비 | I80: 7.2 | J80: =I80/'통장내역(환율표)'!#REF! -> #REF! | K80: =K79+G80-I80 -> 79816.369 | L80: =L79+H80-J80 -> #REF! | N80: =N79-J80+H80 -> #REF!
A81: 45068 | B81: 신순연_시내교통비 | D81: 48 | E81: 여비교통비 | F81: 해외 | I81: 420.29 | J81: =I81/'통장내역(환율표)'!#REF! -> #REF! | K81: =K80+G81-I81 -> 79396.079 | L81: =L80+H81-J81 -> #REF! | N81: =N80-J81+H81 -> #REF!
A82: 45068 | B82: 은행수수료 | D82: 49 | E82: 해외지사비 | I82: 3.6 | J82: =I82/'통장내역(환율표)'!#REF! -> #REF! | K82: =K81+G82-I82 -> 79392.479 | L82: =L81+H82-J82 -> #REF! | N82: =N81-J82+H82 -> #REF!

Sheet 6월 업무추진비
B2: ▶ 업무추진비 사용 내역
B4: NO | C4: 정산일자 | D4: 사용일자 | E4: 사용처 | F4: 사용금액 | H4: 사용목적(상세 기재) | I4: 고객명
F5: RMB | G5: KRW | J5: 동부
B6: 1 | C6: 45102 | D6: 45068 | E6: 심천 한 식당 | F6: 1096 | H6: CSOT | I6: CSOT | J6: 심천지사, 강정호 부사장, 이상태 수석, 반영일 부장
B7: 2 | C7: 45102 | D7: 45072 | E7: 심천 중 식당 | F7: 668 | H7: CSOT | I7: CSOT | J7: 김명관 책임, 신순연 책임, 강정호 부사장, 이상태 수석, Sam부장
B8: 3 | C8: 45102 | D8: 45075 | E8: 청두 중 식당 | F8: 589 | H8: BOE | I8: BOE | J8: 신순연 책임, Shen Li Xia, Yu Yong
B9: 4 | C9: 45102 | D9: 45083 | E9: 심천 중 식당 | F9: 683 | H9: CSOT | I9: CSOT | J9: Ji Guo Dong, 신순연 책임, 외 1명
B10: 5 | C10: 45102 | D10: 45084 | E10: 심천 한 식당 | F10: 275 | H10: LSI | I10: LSI | J10: /김명관 책임, 신순연 책임.
B11: 6 | C11: 45102 | D11: 45085 | E11: 심천 한 식당 | F11: 1458 | H11: CSOT/LGE | I11: CSOT/LGE | J11: CSOT(Tony총감, Jed Han전문가, Li Yin Shi), LGE 2명, 김명관 책임, 신순연 책임.
C12: 45102 | D12: 45085 | E12: 심천 한 식당 | F12: 350 | H12: LGE | I12: LGE | J12: LGE 2명 추가 금액 발생
B13: 7 | C13: 45102 | D13: 45085 | E13: 심천 중 식당 | F13: 721 | H13: CSOT | I13: CSOT | J13: Li Yin Shi, 신순연 책임.
B14: 8 | C14: 45102 | D14: 45090 | E14: 심천 중 식당 | F14: 369 | H14: TCL | I14: TCL | J14: Lin Jie Ting, 김명관 책임, 신순연 책임.
B15: 9 | C15: 45102 | D15: 45090 | E15: 심천 coffee shop | F15: 181 | H15: TCL/CSOT | I15: TCL/CSOT | J15: Lin Jie Ting, 김명관 책임, 신순연 책임, 외 2명
B16: 10 | C16: 45102 | D16: 45090 | E16: 심천 중 식당 | F16: 772 | H16: CSOT | I16: CSOT | J16: Huang Lei Jing, 신순연 책임, 외1명
B17: 11 | C17: 45102 | D17: 45091 | E17: 심천 중 식당 | F17: 453 | H17: CSOT | I17: CSOT | J17: Liu Kai Yu, 신순연 책임.
B18: 12 | C18: 45102 | D18: 45092 | E18: 심천 중 식당 | F18: 466 | H18: CSOT | I18: CSOT | J18: Lan Qing Sheng, 신순연 책임.
B19: 13 | C19: 45102 | D19: 45093 | E19: 심천 coffee shop | F19: 109 | H19: Kiwi/ANAX | I19: Kiwi/ANAX | J19: /신순연 책임.
B20: 14 | C20: 45102 | D20: 45093 | E20: 심천 중 식당 | F20: 417 | H20: CSOT | I20: CSOT | J20: Zhao Nian, 신순연 책임.
B21: 15 | C21: 45102 | D21: 45095 | E21: 충칭 중 식당 | F21: 684 | H21: HKC | I21: HKC | J21: Liao Yi Jiang, Li Jing Ru과장, 김명관 책임, 신순연 책임.
B22: 16 | C22: 45102 | D22: 45097 | E22: 충칭 중 식당 | F22: 412 | H22: HKC | I22: HKC | J22: Fu Wei, 김명관 책임, 신순연 책임.
B23: 17 | C23: 45102 | D23: 45101 | E23: 단오 선물 | F23: 299.7 | H23: HKC | I23: HKC | J23: Gu Tao과장, Fu Wei부장
B24: 18 | C24: 45102 | D24: 45101 | E24: 단오 선물 | F24: 416.4 | H24: HKC | I24: HKC | J24: Gu Tao과장, Fu Wei부장
... B28: 22 | C28: 45102 | D28: 45091 | E28: 쑤저우 중 식당 | F28: 1250 | H28: CSOT | I28: CSOT | J28: Meng Xiang대리점 2명, T10 조달 인원, 김명관 책임.
F29: =SUM(F6:F28) -> 20084.7

Sheet 내역_23.06
A1: 6월 전도금 사용 내역 | E1: 100021363 | G1: B2D320
A2: 4/10 송금 환율(1,318.9) | E2: 100000208 | G2: 6/10 송금 환율(1,300.5) | K2: 100000210
A3: 대계정 | B3: 소계정 | C3: 금액 (RMB) | D3: 금액 (USD) | E3: 금액 (KRW) | G3: 대계정 | H3: 소계정 | I3: 금액 (RMB) | J3: 금액 (USD) | K3: 금액 (KRW)
A4: 소모품비 | G4: 소모품비
A5: 업무추진비 | B5: 일반 | F5: 51131050 | G5: 업무추진비 | H5: 일반 | I5: 20078.45 | J5: 2816.574 | K5: 3662949 | L5: =K5/I5 -> 182.43186 | M5: 2182032 | N5: =M5-L5 -> 2181849.6
A6: 여비교통비 | B6: 해외 | F6: 51061030 | G6: 여비교통비 | H6: 해외 | I6: 33959.76 | J6: 4763.8227 | K6: 6195348 | L6: =K6+E6 -> 6195348 | M6: 41016482 | N6: =M6-L6 -> 34821134
A7: 지급임차료 | B7: 사무실관리 | F7: 51201020 | G7: 지급임차료 | H7: 사무실관리 | I7: 20023 | J7: 2808.7955 | K7: 3652844 | L7: =K7+E7 -> 3652844 | M7: 4869534 | N7: =M7-L7 -> 1216690
A8: 지급임차료 | B8: 차량임차료 | F8: 51201030 | G8: 지급임차료 | H8: 차량임차료 | I8: 10500 | J8: 1472.92 | K8: 1915532 | L8: =K8+E8 -> 1915532 | M8: 2830112 | N8: =M8-L8 -> 914580
A9: 통신비 | B9: 기타 | F9: 51071700 | G9: 통신비 | H9: 기타 | I9: 1028.78 | J9: 144.31567 | K9: 187688 | L9: =K9+E9 -> 187688 | M9: 1381768 | N9: =M9-L9 -> 1194080
A10: 해외지사비 | C10: =SUM(I22:I30) -> #REF! | D10: =SUM(J22:J30) -> #REF! | E10: 15238716 | F10: 51321010 | G10: 해외지사비 | I10: 88057.93 | J10: 12373.79 | K10: 16092114 | L10: =K10+E10 -> 31330830 | M10: 68260263 | N10: =M10-L10 -> 36929433
A11: 보증금 | F11: 13081010 | G11: 보증금 | L11: =K11+E11 -> 0
A12: Total | C12: =SUM(C4:C11) -> #REF! | D12: =SUM(D4:D11) -> #REF! | E12: =SUM(E4:E11) -> 15238716 | F12: 52981010 | G12: Total | I12: =SUM(I4:I11) -> 173647.92 | J12: =SUM(J4:J11) -> 24380.218 | K12: =SUM(K4:K11) -> 31706475
C13: =C12+I12 -> #REF! | D13: =D12+J12 -> #REF! | E13: =E12+K12 -> 46945191 | L13: 2425.7418
M14: =N88 -> #REF!
B16: 13081010 | I16: =SUBTOTAL(9,I19:I168) -> #REF! | J16: =SUBTOTAL(9,J19:J166) -> #REF!
A17: 날짜 | B17: 내역 | D17: 증빙번호 | E17: 대계정 | F17: 소계정 | G17: 입금 | I17: 출금 | K17: 잔액 | M17: 비고
G18: RMB | H18: USD | I18: RMB | J18: USD | K18: RMB | L18: USD
A19: 45077 | B19: 기존 잔고 | K19: 79392.479 | L19: 11554.106 | N19: 11554.11
A20: 45089 | B20: USD 입금 및 RMB 환전 | D20: 1 | G20: 341557.08 | H20: 47933.1 | J20: =I20/'통장내역(환율표)'!#REF! -> #REF! | K20: =K19+G20-I20 -> 420949.56 | L20: =L19+H20-J20 -> #REF!
A21: 45089 | B21: 은행수수료 | D21: 1 | E21: 해외지사비 | J21: 20 | K21: =K20+G21-I21 -> 420949.56 | L21: =L20+H21-J21 -> #REF!
A22: 45089 | B22: 사무실 운영 세금(지사 폐쇄로 인한 5월 ~6/12까지 발생 세금 납부) | D22: 2 | E22: 해외지사비 | I22: 21715.98 | J22: =I22/'통장내역(환율표)'!#REF! -> #REF! | K22: =K21+G22-I22 -> 399233.58 | L22: =L21+H22-J22 -> #REF! | N22: =N19-J22+H22 -> #REF!
A23: 45098 | B23: 이자 | D23: 3 | E23: 잡이익 | G23: 221.66 | H23: 32.26 | J23: =I23/'통장내역(환율표)'!#REF! -> #REF! | K23: =K22+G23-I23 -> 399455.24 | L23: =L22+H23-J23 -> #REF! | N23: =N22-J23+H23 -> #REF!
A24: 45098 | B24: 주재원 5대보험 | D24: 4 | E24: 해외지사비 | I24: 9048.81 | J24: =I24/'통장내역(환율표)'!#REF! -> #REF! | K24: =K23+G24-I24 -> 390406.43 | L24: =L23+H24-J24 -> #REF! | M24: 신순연 | N24: =N23-J24+H24 -> #REF!
A25: 45098 | B25: 주재원 개인소득세 | D25: 4 | E25: 해외지사비 | I25: 4776.04 | J25: =I25/'통장내역(환율표)'!#REF! -> #REF! | K25: =K24+G25-I25 -> 385630.39 | L25: =L24+H25-J25 -> #REF! | M25: 신순연 | N25: =N24-J25+H25 -> #REF!
A26: 45098 | B26: 주재원수당 | D26: 4 | E26: 해외지사비 | I26: 15000 | J26: =I26/'통장내역(환율표)'!#REF! -> #REF! | K26: =K25+G26-I26 -> 370630.39 | L26: =L25+H26-J26 -> #REF! | M26: 신순연 | N26: =N25-J26+H26 -> #REF!
A27: 45098 | B27: 주택수당 | D27: 4 | E27: 해외지사비 | I27: 22000 | J27: =I27/'통장내역(환율표)'!#REF! -> #REF! | K27: =K26+G27-I27 -> 348630.39 | L27: =L26+H27-J27 -> #REF! | M27: 신순연 | N27: =N26-J27+H27 -> #REF!
A28: 45098 | B28: 주재원 대행 수수료 | D28: 4 | E28: 해외지사비 | I28: 300 | J28: =I28/'통장내역(환율표)'!#REF! -> #REF! | K28: =K27+G28-I28 -> 348330.39 | L28: =L27+H28-J28 -> #REF! | M28: 신순연 | N28: =N27-J28+H28 -> #REF!
A29: 45098 | B29: 주재원 5대보험 | D29: 4 | E29: 해외지사비 | I29: 5628.81 | J29: =I29/'통장내역(환율표)'!#REF! -> #REF! | K29: =K28+G29-I29 -> 342701.58 | L29: =L28+H29-J29 -> #REF! | M29: 김명관 | N29: =N28-J29+H29 -> #REF!
A30: 45098 | B30: 주재원 개인소득세_4월 환율 | D30: 4 | E30: 해외지사비 | I30: =J30*'통장내역(환율표)'!#REF! -> #REF! | J30: =166.624387752131-32.26 -> 134.36439 | K30: =K29+G30-I30 -> #REF! | L30: =L29+H30-J30 -> #REF! | M30: 김명관 | N30: =N29-J30+H30 -> #REF!
A31: 45098 | B31: 주재원 개인소득세_5월 환율 | D31: 4 | E31: 해외지사비 | I31: =1144.94-I30 -> #REF! | J31: 32.26 | K31: =K30+G31-I31 -> #REF! | L31: =L30+H31-J31 -> #REF! | M31: 김명관
A32: 45098 | B32: 주재원 개인소득세_5월 환율 | D32: 4 | E32: 해외지사비 | I32: 3565.0972 | J32: =I32/'통장내역(환율표)'!#REF! -> #REF! | K32: =K31+G32-I32 -> #REF! | L32: =L31+H32-J32 -> #REF! | M32: 김명관 | N32: =47913.1-J32 -> #REF!
A33: 45098 | B33: 주재원수당 | D33: 4 | E33: 해외지사비 | I33: 15000 | J33: =I33/'통장내역(환율표)'!#REF! -> #REF! | K33: =K32+G33-I33 -> #REF! | L33: =L32+H33-J33 -> #REF! | M33: 김명관 | N33: =N32-J33+H33 -> #REF!
A34: 45098 | B34: 주택수당 | D34: 4 | E34: 해외지사비 | I34: 22000 | J34: =I34/'통장내역(환율표)'!#REF! -> #REF! | K34: =K33+G34-I34 -> #REF! | L34: =L33+H34-J34 -> #REF! | M34: 김명관 | N34: =N33-J34+H34 -> #REF!
A35: 45098 | B35: 주재원 대행 수수료 | D35: 4 | E35: 해외지사비 | I35: 300 | J35: =I35/'통장내역(환율표)'!#REF! -> #REF! | K35: =K34+G35-I35 -> #REF! | L35: =L34+H35-J35 -> #REF! | M35: 김명관 | N35: =N34-J35+H35 -> #REF!
A36: 45098 | B36: 현채인 5대보험 | D36: 4 | E36: 해외지사비 | I36: 5054.39 | J36: =I36/'통장내역(환율표)'!#REF! -> #REF! | K36: =K35+G36-I36 -> #REF! | L36: =L35+H36-J36 -> #REF! | M36: 판책임 | N36: =N35-J36+H36 -> #REF!
A37: 45098 | B37: 현채인급여 | D37: 4 | E37: 해외지사비 | I37: 25000 | J37: =I37/'통장내역(환율표)'!#REF! -> #REF! | K37: =K36+G37-I37 -> #REF! | L37: =L36+H37-J37 -> #REF! | M37: 판책임 | N37: =N36-J37+H37 -> #REF!
A38: 45098 | B38: 현채인 대행 수수료 | D38: 4 | E38: 해외지사비 | I38: 300 | J38: =I38/'통장내역(환율표)'!#REF! -> #REF! | K38: =K37+G38-I38 -> #REF! | L38: =L37+H38-J38 -> #REF! | M38: 판책임 | N38: =N37-J38+H38 -> #REF!
A39: 45098 | B39: 은행수수료 | D39: 4 | E39: 해외지사비 | I39: 12 | J39: =I39/'통장내역(환율표)'!#REF! -> #REF! | K39: =K38+G39-I39 -> #REF! | L39: =L38+H39-J39 -> #REF! | N39: =N38-J39+H39 -> #REF!
A40: 45098 | B40: 사무실 임대료 | D40: 5 | E40: 지급임차료 | F40: 사무실관리 | I40: 20023 | J40: =I40/'통장내역(환율표)'!#REF! -> #REF! | K40: =K39+G40-I40 -> #REF! | L40: =L39+H40-J40 -> #REF! | N40: =N39-J40+H40 -> #REF!
A41: 45098 | B41: 은행수수료 | D41: 6 | E41: 해외지사비 | I41: 7.2 | J41: =I41/'통장내역(환율표)'!#REF! -> #REF! | K41: =K40+G41-I41 -> #REF! | L41: =L40+H41-J41 -> #REF! | N41: =N40-J41+H41 -> #REF!
A42: 45098 | B42: 사무실 관리비(전기, 수도, 에어컨) | D42: 7 | E42: 해외지사비 | I42: 689.12 | J42: =I42/'통장내역(환율표)'!#REF! -> #REF! | K42: =K41+G42-I42 -> #REF! | L42: =L41+H42-J42 -> #REF! | N42: =N41-J42+H42 -> #REF!
A43: 45098 | B43: 은행수수료 | D43: 8 | E43: 해외지사비 | I43: 3.6 | J43: =I43/'통장내역(환율표)'!#REF! -> #REF! | K43: =K42+G43-I43 -> #REF! | L43: =L42+H43-J43 -> #REF! | N43: =N42-J43+H43 -> #REF!
A44: 45098 | B44: 차량 Rent비 | D44: 9 | E44: 지급임차료 | F44: 차량임차료 | I44: 10500 | J44: 1472.92 | K44: =K43+G44-I44 -> #REF! | L44: =L43+H44-J44 -> #REF! | N44: =N43-J44+H44 -> #REF!
A45: 45098 | B45: 차량 기사비 | D45: 9 | E45: 해외지사비 | I45: 6000 | J45: =I45/'통장내역(환율표)'!#REF! -> #REF! | K45: =K44+G45-I45 -> #REF! | L45: =L44+H45-J45 -> #REF! | N45: =N44-J45+H45 -> #REF!
A46: 45098 | B46: 기사 6월 야근비용 | D46: 10 | E46: 해외지사비 | I46: 320 | J46: =I46/'통장내역(환율표)'!#REF! -> #REF! | K46: =K45+G46-I46 -> #REF! | L46: =L45+H46-J46 -> #REF! | N46: =N45-J46+H46 -> #REF!
A47: 45098 | B47: 은행수수료 | D47: 11 | E47: 해외지사비 | I47: 7.2 | J47: =I47/'통장내역(환율표)'!#REF! -> #REF! | K47: =K46+G47-I47 -> #REF! | L47: =L46+H47-J47 -> #REF! | N47: =N46-J47+H47 -> #REF!
A48: 45098 | B48: 세무대행사 | D48: 12 | E48: 해외지사비 | I48: 7906 | J48: =I48/'통장내역(환율표)'!#REF! -> #REF! | K48: =K47+G48-I48 -> #REF! | L48: =L47+H48-J48 -> #REF! | M48: 회계감사보고서 4,600 증치세6% 276, 22년 법인세 보고 포함 | N48: =N47-J48+H48 -> #REF!
A49: 45098 | B49: 은행수수료 | D49: 13 | E49: 해외지사비 | I49: 3.6 | J49: =I49/'통장내역(환율표)'!#REF! -> #REF! | K49: =K48+G49-I49 -> #REF! | L49: =L48+H49-J49 -> #REF! | N49: =N48-J49+H49 -> #REF!
A50: 45102 | B50: Pan Shi Qiang책임(시내교통비) | D50: 14 | E50: 여비교통비 | F50: 해외 | I50: 603.46 | J50: =I50/'통장내역(환율표)'!#REF! -> #REF! | K50: =K49+G50-I50 -> #REF! | L50: =L49+H50-J50 -> #REF! | N50: =N49-J50+H50 -> #REF!
A51: 45102 | B51: Pan Shi Qiang책임(통신비) | D51: 15 | E51: 통신비 | F51: 기타 | I51: 98.5 | J51: =I51/'통장내역(환율표)'!#REF! -> #REF! | K51: =K50+G51-I51 -> #REF! | L51: =L50+H51-J51 -> #REF! | N51: =N50-J51+H51 -> #REF!
A52: 45102 | B52: Pan Shi Qiang책임(택배비) | D52: 16 | E52: 해외지사비 | I52: 210.71 | J52: =I52/'통장내역(환율표)'!#REF! -> #REF! | K52: =K51+G52-I52 -> #REF! | L52: =L51+H52-J52 -> #REF! | N52: =N51-J52+H52 -> #REF!
A53: 45102 | B53: 은행수수료 | D53: 17 | E53: 해외지사비 | I53: 3.6 | J53: =I53/'통장내역(환율표)'!#REF! -> #REF! | K53: =K52+G53-I53 -> #REF! | L53: =L52+H53-J53 -> #REF! | N53: =N52-J53+H53 -> #REF!
A54: 45102 | B54: Liu Ming Liang(주차비) | D54: 18 | E54: 여비교통비 | F54: 해외 | I54: 964 | J54: =I54/'통장내역(환율표)'!#REF! -> #REF! | K54: =K53+G54-I54 -> #REF! | L54: =L53+H54-J54 -> #REF! | N54: =N53-J54+H54 -> #REF!
A55: 45102 | B55: Liu Ming Liang(주유비) | D55: 19 | E55: 여비교통비 | F55: 해외 | I55: 2507 | J55: =I55/'통장내역(환율표)'!#REF! -> #REF! | K55: =K54+G55-I55 -> #REF! | L55: =L54+H55-J55 -> #REF! | N55: =N54-J55+H55 -> #REF!
A56: 45102 | B56: Liu Ming Liang(톨비) | D56: 20 | E56: 여비교통비 | F56: 해외 | I56: 233 | J56: =I56/'통장내역(환율표)'!#REF! -> #REF! | K56: =K55+G56-I56 -> #REF! | L56: =L55+H56-J56 -> #REF! | N56: =N55-J56+H56 -> #REF!
A57: 45102 | B57: 은행수수료 | D57: 21 | E57: 해외지사비 | I57: 3.6 | J57: =I57/'통장내역(환율표)'!#REF! -> #REF! | K57: =K56+G57-I57 -> #REF! | L57: =L56+H57-J57 -> #REF! | N57: =N56-J57+H57 -> #REF!
A58: 45102 | B58: 김명관 책임_시내교통비 | D58: 22 | E58: 여비교통비 | F58: 해외 | I58: 770.97 | J58: =I58/'통장내역(환율표)'!#REF! -> #REF! | K58: =K57+G58-I58 -> #REF! | L58: =L57+H58-J58 -> #REF! | N58: =N57-J58+H58 -> #REF!
A59: 45102 | B59: 은행수수료 | D59: 23 | E59: 해외지사비 | I59: 3.6 | J59: =I59/'통장내역(환율표)'!#REF! -> #REF! | K59: =K58+G59-I59 -> #REF! | L59: =L58+H59-J59 -> #REF! | N59: =N58-J59+H59 -> #REF!
A60: 45102 | B60: 김명관 책임_한국 출장 항공 및 숙박비 | D60: 24 | E60: 여비교통비 | F60: 해외 | I60: 4465.24 | J60: =I60/'통장내역(환율표)'!#REF! -> #REF! | K60: =K59+G60-I60 -> #REF! | L60: =L59+H60-J60 -> #REF! | N60: =N59-J60+H60 -> #REF!
A61: 45102 | B61: 은행수수료 | D61: 25 | E61: 해외지사비 | I61: 3.6 | J61: =I61/'통장내역(환율표)'!#REF! -> #REF! | K61: =K60+G61-I61 -> #REF! | L61: =L60+H61-J61 -> #REF! | N61: =N60-J61+H61 -> #REF!
A62: 45102 | B62: 김명관 책임_T10 출장 항공 및 숙박비 일부 | D62: 26 | E62: 여비교통비 | F62: 해외 | I62: 931.65 | J62: =I62/'통장내역(환율표)'!#REF! -> #REF! | K62: =K61+G62-I62 -> #REF! | L62: =L61+H62-J62 -> #REF! | N62: =N61-J62+H62 -> #REF!
A63: 45102 | B63: 은행수수료 | D63: 27 | E63: 해외지사비 | I63: 3.6 | J63: =I63/'통장내역(환율표)'!#REF! -> #REF! | K63: =K62+G63-I63 -> #REF! | L63: =L62+H63-J63 -> #REF! | N63: =N62-J63+H63 -> #REF!
A64: 45102 | B64: 김명관 책임_T10 출장 항공 및 숙박비 부족부분 추가 입금 | D64: 28 | E64: 여비교통비 | F64: 해외 | I64: 3629 | J64: =I64/'통장내역(환율표)'!#REF! -> #REF! | K64: =K63+G64-I64 -> #REF! | L64: =L63+H64-J64 -> #REF! | N64: =N63-J64+H64 -> #REF!
A65: 45102 | B65: 은행수수료 | D65: 29 | E65: 해외지사비 | I65: 3.6 | J65: =I65/'통장내역(환율표)'!#REF! -> #REF! | K65: =K64+G65-I65 -> #REF! | L65: =L64+H65-J65 -> #REF! | N65: =N64-J65+H65 -> #REF!
A66: 45102 | B66: 김명관 책임_충칭 출장 항공 및 숙박비 | D66: 30 | E66: 여비교통비 | F66: 해외 | I66: 3302 | J66: =I66/'통장내역(환율표)'!#REF! -> #REF! | K66: =K65+G66-I66 -> #REF! | L66: =L65+H66-J66 -> #REF! | N66: =N65-J66+H66 -> #REF!
A67: 45102 | B67: 은행수수료 | D67: 31 | E67: 해외지사비 | I67: 3.6 | J67: =I67/'통장내역(환율표)'!#REF! -> #REF! | K67: =K66+G67-I67 -> #REF! | L67: =L66+H67-J67 -> #REF! | N67: =N66-J67+H67 -> #REF!
A68: 45102 | B68: 김명관 책임_업무추진비 | D68: 32 | E68: 업무추진비 | F68: 일반 | I68: 9361.35 | J68: =I68/'통장내역(환율표)'!#REF! -> #REF! | K68: =K67+G68-I68 -> #REF! | L68: =L67+H68-J68 -> #REF! | N68: =N67-J68+H68 -> #REF!
A69: 45102 | B69: 은행수수료 | D69: 33 | E69: 해외지사비 | I69: 3.6 | J69: =I69/'통장내역(환율표)'!#REF! -> #REF! | K69: =K68+G69-I69 -> #REF! | L69: =L68+H69-J69 -> #REF! | N69: =N68-J69+H69 -> #REF!
A70: 45102 | B70: 신순연 책임_충창 출장 항공 및 숙박비 | D70: 34 | E70: 여비교통비 | F70: 해외 | I70: 3222 | J70: =I70/'통장내역(환율표)'!#REF! -> #REF! | K70: =K69+G70-I70 -> #REF! | L70: =L69+H70-J70 -> #REF! | N70: =N69-J70+H70 -> #REF!
A71: 45102 | B71: 은행수수료 | D71: 35 | E71: 해외지사비 | I71: 3.6 | J71: =I71/'통장내역(환율표)'!#REF! -> #REF! | K71: =K70+G71-I71 -> #REF! | L71: =L70+H71-J71 -> #REF! | N71: =N70-J71+H71 -> #REF!
A72: 45102 | B72: 신순연 책임_HKC H4 출장 항공 및 숙박비 | D72: 36 | E72: 여비교통비 | F72: 해외 | I72: 5798.04 | J72: =I72/'통장내역(환율표)'!#REF! -> #REF! | K72: =K71+G72-I72 -> #REF! | L72: =L71+H72-J72 -> #REF! | N72: =N71-J72+H72 -> #REF!
A73: 45102 | B73: 은행수수료 | D73: 37 | E73: 해외지사비 | I73: 3.6 | J73: =I73/'통장내역(환율표)'!#REF! -> #REF! | K73: =K72+G73-I73 -> #REF! | L73: =L72+H73-J73 -> #REF! | N73: =N72-J73+H73 -> #REF!
A74: 45102 | B74: 신순연 책임_한국 출장 항공 및 숙박비 | D74: 38 | E74: 여비교통비 | F74: 해외 | I74: 5854.24 | J74: =I74/'통장내역(환율표)'!#REF! -> #REF! | K74: =K73+G74-I74 -> #REF! | L74: =L73+H74-J74 -> #REF! | N74: =N73-J74+H74 -> #REF!
A75: 45102 | B75: 은행수수료 | D75: 39 | E75: 해외지사비 | I75: 3.6 | J75: =I75/'통장내역(환율표)'!#REF! -> #REF! | K75: =K74+G75-I75 -> #REF! | L75: =L74+H75-J75 -> #REF! | N75: =N74-J75+H75 -> #REF!
A76: 45102 | B76: 사무실운영비_택배비 | D76: 40 | E76: 해외지사비 | I76: 407.74 | J76: =I76/'통장내역(환율표)'!#REF! -> #REF! | K76: =K75+G76-I76 -> #REF! | L76: =L75+H76-J76 -> #REF! | N76: =N75-J76+H76 -> #REF!
A77: 45102 | B77: 사무실운영비_사무비품 | D77: 41 | E77: 해외지사비 | I77: 182 | J77: =I77/'통장내역(환율표)'!#REF! -> #REF! | K77: =K76+G77-I77 -> #REF! | L77: =L76+H77-J77 -> #REF! | N77: =N76-J77+H77 -> #REF!
A78: 45102 | B78: 사무실운영비_청소비 | D78: 42 | E78: 해외지사비 | I78: 300 | J78: =I78/'통장내역(환율표)'!#REF! -> #REF! | K78: =K77+G78-I78 -> #REF! | L78: =L77+H78-J78 -> #REF! | N78: =N77-J78+H78 -> #REF!
A79: 45102 | B79: 사무실운영비_지사 설립용 사진 촬영 | D79: 43 | E79: 해외지사비 | I79: 159 | J79: =I79/'통장내역(환율표)'!#REF! -> #REF! | K79: =K78+G79-I79 -> #REF! | L79: =L78+H79-J79 -> #REF! | N79: =N78-J79+H79 -> #REF!
A80: 45102 | B80: 사무실운영비_IC 구입 | D80: 44 | E80: 해외지사비 | I80: 351 | J80: =I80/'통장내역(환율표)'!#REF! -> #REF! | K80: =K79+G80-I80 -> #REF! | L80: =L79+H80-J80 -> #REF! | N80: =N79-J80+H80 -> #REF!
