Workbook
Name Large_scale_classification: [1]Sheet3!$C$4:$C$10

Sheet 통장내역(환율표)
B2: 통장 일자 | C2: 지급 | F2: 송금액 | I2: 입금 | K2: 출금 | M2: 잔액
C3: 지급시 환율 | D3: 환산요율 | E3: 전표번호 | F3: USD | G3: 수수료 | H3: RMB | I3: USD | J3: RMB | K3: USD | L3: RMB | M3: USD | N3: RMB
B4: 44630 | M4: 0.07 | N4: 0.15
F5: 9850.62 | N5: =N4+H5+J5-L5 -> 0.15
B6: 44631 | C6: 1234.5 | D6: =-H6/F6 -> 6.3620454 | E6: 2000003023 | F6: -9820.62 | H6: 62479.23 | K6: 30 | N6: =N5+H6+J6-L6 -> 62479.38
B7: 44635 | L7: 55440 | N7: =N6+H7+J7-L7 -> 7039.38
B8: 44641 | I8: 0.055013754 | J8: 0.35 | N8: =N7+H8+J8-L8 -> 7039.73
B9: 44648 | I9: 4274.5 | J9: 27194.532 | N9: =N8+H9+J9-L9 -> 34234.262
B10: 44648 | L10: 4654.536 | N10: =N9+H10+J10-L10 -> 29579.726
B11: 44649 | F11: 8777 | N11: =N10+H11+J11-L11 -> 29579.726
B12: 44649 | C12: 1218.3 | D12: =-H12/F12 -> 6.3468001 | E12: 2000003673 | F12: -8719 | H12: 55337.75 | K12: 58 | N12: =N11+H12+J12-L12 -> 84917.476
B13: 44650 | L13: 1680 | N13: =N12+H13+J13-L13 -> 83237.476
N14: =N13 -> 83237.476
B15: 44671 | L15: 19440 | N15: =N14+H15+J15-L15 -> 63797.476
B16: 44675 | L16: 18226.67 | N16: =N15+H16+J16-L16 -> 45570.806
N17: =N16 -> 45570.806
B18: 44692 | C18: 1274.6 | D18: =-H18/F18 -> 6.7025994 | E18: 2000006339 | F18: -2459.78 | H18: 16486.92 | K18: 28 | N18: =N17+H18+J18-L18 -> 62057.726
B19: 44692 | L19: 97 | N19: =N18+H19+J19-L19 -> 61960.726
B20: 44705 | L20: 44055.69 | N20: =N19+H20+J20-L20 -> 17905.036
B21: 44706 | L21: 1418.4423 | N21: =N20+H21+J21-L21 -> 16486.594
B22: 44706 | L22: 12240.488 | N22: =N21+H22+J22-L22 -> 4246.106
N23: =N22 -> 4246.106
B24: 44725 | C24: 1257.6 | F24: 20524.31 | N24: =N23+H24+J24-L24 -> 4246.106
B25: 44725 | D25: =-H25/F25 -> 6.7188954 | E25: 2000007883 | F25: -20498.31 | H25: 137726 | K25: 26 | N25: =N24+H25+J25-L25 -> 141972.11
B26: 44733 | J26: 19.83 | N26: =N25+H26+J26-L26 -> 141991.94
B27: 44737 | L27: 4266.2623 | N27: =N26+H27+J27-L27 -> 137725.67
B28: 44737 | L28: 111230.26 | N28: =N27+H28+J28-L28 -> 26495.416
B29: 44739 | L29: 25271.2 | N29: =N28+H29+J29-L29 -> 1224.216
B30: 44740 | L30: 503.6 | N30: =N29+H30+J30-L30 -> 720.61599
N31: =N30 -> 720.61599
B32: 44754 | C32: 1299.3 | F32: 35786.57 | N32: =N31+H32+J32-L32 -> 720.61599
B33: 44754 | D33: =-H33/F33 -> 6.7115049 | E33: 2000009582 | F33: -35760.57 | H33: 240007.24 | K33: 26 | N33: =N32+H33+J33-L33 -> 240727.86
B34: 44756 | L34: 719.1937 | N34: =N33+H34+J34-L34 -> 240008.66
B35: 44756 | L35: 10664.826 | N35: =N34+H35+J35-L35 -> 229343.84
B36: 44757 | L36: 137638.72 | N36: =N35+H36+J36-L36 -> 91705.116
B37: 44760 | L37: 51267.92 | N37: =N36+H37+J37-L37 -> 40437.196
B38: 44763 | L38: 24157.11 | N38: =N37+H38+J38-L38 -> 16280.086
N39: =N38 -> 16280.086
B40: 44784 | C40: 1305.1 | F40: 23963.94 | N40: =N39+H40+J40-L40 -> 16280.086
B41: 44784 | D41: =-H41/F41 -> 6.7186759 | E41: 2000011142 | F41: -23937.94 | H41: 160831.26 | K41: 26 | N41: =N40+H41+J41-L41 -> 177111.35
B42: 44793 | L42: 16280.375 | N42: =N41+H42+J42-L42 -> 160830.97
B43: 44793 | L43: 158773.55 | N43: =N42+H43+J43-L43 -> 2057.426
N44: =N43 -> 2057.426
B45: 44818 | C45: 1381.2 | F45: 28264.4 | N45: =N44+H45+J45-L45 -> 2057.426
B46: 44818 | D46: =-H46/F46 -> 6.9421486 | E46: 2000012706 | F46: -28238.4 | H46: 196035.17 | K46: 26 | N46: =N45+H46+J46-L46 -> 198092.6
B47: 44823 | L47: 2057.71 | N47: =N46+H47+J47-L47 -> 196034.89
B48: 44823 | L48: 17389.49 | N48: =N47+H48+J48-L48 -> 178645.4
B49: 44825 | J49: 49.51 | N49: =N48+H49+J49-L49 -> 178694.91
B50: 44827 | L50: 147317.71 | N50: =N49+H50+J50-L50 -> 31377.196
N51: =N50 -> 31377.196
B52: 44818 | C52: 1410.3 | F52: 29519.69 | N52: =N51+H52+J52-L52 -> 31377.196
B53: 44818 | D53: =-H53/F53 -> 7.1423406 | E53: 2000014154 | F53: -29493.69 | H53: 210653.98 | K53: 26 | N53: =N52+H53+J53-L53 -> 242031.18
B54: 44858 | J54: 3097.26 | N54: =N53+H54+J54-L54 -> 245128.44
B55: 44859 | L55: 34474.731 | N55: =N54+H55+J55-L55 -> 210653.71
B56: 44859 | L56: 173895.18 | N56: =N55+H56+J56-L56 -> 36758.525
B57: 44825 | L57: 1666.43 | N57: =N56+H57+J57-L57 -> 35092.095
B58: 44827 | N58: =N57+H58+J58-L58 -> 35092.095
N59: =N58 -> 35092.095
B60: 44876 | C60: 1368.3 | F60: 22744.4 | N60: =N59+H60+J60-L60 -> 35092.095
B61: 44876 | D61: =-H61/F61 -> 7.1521207 | E61: 2000015651 | F61: -22718.4 | H61: 162484.74 | K61: 26 | N61: =N60+H61+J61-L61 -> 197576.83
B62: 44890 | L62: 35092.369 | N62: =N61+H62+J62-L62 -> 162484.47
B63: 44890 | L63: 126770.19 | N63: =N62+H63+J63-L63 -> 35714.275
N64: =N63 -> 35714.275
B65: 44908 | C65: 1306.6 | F65: 24225.32 | N65: =N64+H65+J65-L65 -> 35714.275
B66: 44908 | D66: =-H66/F66 -> 6.9550074 | E66: 2000017245 | F66: -24199.32 | H66: 168306.45 | K66: 26 | N66: =N65+H66+J66-L66 -> 204020.73
B67: 45285 | J67: 94.71 | L67: 35809.301 | N67: =N66+H67+J67-L67 -> 168306.13
B68: 45285 | L68: 124605.9 | N68: =N67+H68+J68-L68 -> 43700.235
B69: 45286 | L69: 1574.8 | N69: =N68+H69+J69-L69 -> 42125.435
N70: =N69 -> 42125.435
B71: 44937 | L71: 17495.22 | N71: =N69+H71+J71-L71 -> 24630.215
B72: 44937 | C72: 1246.8 | F72: 33835.84 | N72: =N71+H72+J72-L72 -> 24630.215
B73: 44937 | D73: =-H73/F73 -> 6.7601776 | E73: 2000000169 | F73: -33809.94 | H73: 228561.2 | K73: 25.9 | N73: =N72+H73+J73-L73 -> 253191.42
B74: 44940 | L74: 24630.508 | N74: =N73+H74+J74-L74 -> 228560.91
B75: 44940 | L75: 145903.79 | N75: =N74+H75+J75-L75 -> 82657.115
B76: 44946 | L76: 28453.25 | N76: =N75+H76+J76-L76 -> 54203.865
N77: =N76 -> 54203.865
B78: 44970 | C78: 1263.1 | F78: 27612.62 | N78: =N77+H78+J78-L78 -> 54203.865
B79: 44970 | D79: =-H79/F79 -> 6.8174001 | E79: 2000001819 | F79: -27561.62 | H79: 187898.59 | K79: 51 | N79: =N78+H79+J79-L79 -> 242102.46
B80: 44980 | L80: 54204.253 | N80: =N79+H80+J80-L80 -> 187898.2
B81: 44980 | L81: 142834.26 | N81: =N80+H81+J81-L81 -> 45063.945
B82: 44981 | L82: 503.6 | N82: =N81+H82+J82-L82 -> 44560.345
N83: =N82 -> 44560.345
B84: 44998 | C84: 1319.7 | F84: 35117.99 | N84: =N83+H84+J84-L84 -> 44560.345
B85: 44998 | D85: =-H85/F85 -> 6.8972828 | E85: 2000003370 | F85: -35091.99 | H85: 242039.38 | K85: 26 | L85: 7.2 | N85: =N84+H85+J85-L85 -> 286592.53
B86: 45005 | L86: 12607.2 | N86: =N85+H86+J86-L86 -> 273985.33
B87: 45006 | I87: 13 | J87: 88.61 | L87: 32034.943 | N87: =N86+H87+J87-L87 -> 242038.99
B88: 45006 | L88: 181264.43 | N88: =N87+H88+J88-L88 -> 60774.565
B89: 45008 | L89: 40959.66 | N89: =N88+H89+J89-L89 -> 19814.905
N90: =N89 -> 19814.905
B91: 45027 | C91: 1318.9 | F91: 84751 | N91: =N90+H91+J91-L91 -> 19814.905
B92: 45027 | D92: =-H92/F92 -> 6.8714 | E92: 2000004939 | F92: -84700 | H92: 582007.58 | K92: 51 | N92: =N91+H92+J92-L92 -> 601822.49
B93: 45033 | L93: 19815.313 | N93: =N92+H93+J93-L93 -> 582007.17
B94: 45033 | L94: 15261.837 | N94: =N93+H94+J94-L94 -> 566745.34
B95: 45037 | L95: 204183.47 | N95: =N94+H95+J95-L95 -> 362561.87
B96: 45040 | L96: 1557.47 | N96: =N95+H96+J96-L96 -> 361004.4
N97: =N96 -> 361004.4
B98: 45057 | L98: 2003.6 | N98: =N97+H98+J98-L98 -> 359000.8
B99: 45063 | L99: 132862.43 | N99: =N98+H99+J99-L99 -> 226138.37
B100: 45068 | L100: 146745.89 | N100: =N99+H100+J100-L100 -> 79392.475
N101: =N100 -> 79392.475
...

Sheet 내역_22.03
A1: 3월 전도금 사용 내역 | K1: 100066029
A2: 3/10 송금 환율(1234.5) | E2: 100014054 | G2: 3/28 보증금 입금(1,274.6) | K2: 100014040 | L2: 1200000696 | M2: 3/28 송금 환율(1218.3) | Q2: 100014046
A3: 대계정 | B3: 소계정 | C3: 금액 (RMB) | D3: 금액 (USD) | E3: 금액 (KRW) | G3: 대계정 | H3: 소계정 | I3: 금액 (RMB) | J3: 금액 (USD) | K3: 금액 (KRW) | M3: 대계정 | N3: 소계정 | O3: 금액 (RMB) | P3: 금액 (USD) | Q3: 금액 (KRW)
A4: 소모품비 | G4: 소모품비 | M4: 소모품비
A5: 업무추진비 | B5: 일반 | F5: 51131050 | G5: 업무추진비 | H5: 일반 | M5: 업무추진비 | N5: 일반
A6: 여비교통비 | B6: 해외 | F6: 51061030 | G6: 여비교통비 | H6: 해외 | M6: 여비교통비 | N6: 해외
A7: 지급임차료 | B7: 사무실관리 | C7: 19440 | D7: 3055.6211 | E7: 3772163 | F7: 51201020 | G7: 지급임차료 | H7: 사무실관리 | M7: 지급임차료 | N7: 사무실관리
A8: 지급임차료 | B8: 차량임차료 | F8: 51201030 | G8: 지급임차료 | H8: 차량임차료 | M8: 지급임차료 | N8: 차량임차료
A9: 통신비 | B9: 기타 | F9: 51071700 | G9: 통신비 | H9: 기타 | L9: 89500 | M9: 통신비 | N9: 기타
A10: 해외지사비 | C10: 1680 | D10: 294.06602 | E10: 363029 | F10: 51321010 | G10: 해외지사비 | I10: 4654.536 | J10: 731.61 | K10: 903173 | M10: 해외지사비 | P10: 58 | Q10: 70661
A11: 보증금 | C11: 36000 | D11: 5658.5576 | E11: 6985492
A12: Total | C12: =SUM(C4:C11) -> 57120 | D12: =SUM(D4:D11) -> 9008.2447 | E12: =SUM(E4:E11) -> 11120684 | F12: 52981010 | G12: Total | I12: =SUM(I4:I10) -> 4654.536 | J12: =SUM(J4:J10) -> 731.61 | K12: =SUM(K4:K10) -> 903173 | M12: Total | O12: =SUM(O4:O10) -> 0 | P12: =SUM(P4:P10) -> 58 | Q12: =SUM(Q4:Q10) -> 70661
C13: =C12+I12++O12 -> 61774.536 | D13: =D12+J12++P12 -> 9797.8547 | E13: =E12+K12++Q12 -> 12094518
A14: 보증금 | B14: 13081010 | H14: =SUBTOTAL(9,H17:H39) -> 35164.135 | I14: =SUBTOTAL(9,I18:I39) -> 61774.536 | J14: =SUBTOTAL(9,J18:J39) -> 9797.8547
A15: 날짜 | B15: 내역 | D15: 증빙번호 | E15: 대계정 | F15: 소계정 | G15: 입금 | I15: 출금 | K15: 잔액 | M15: 비고
G16: RMB | H16: USD | I16: RMB | J16: USD | K16: RMB | L16: USD
A17: 44630 | B17: 기존 잔고 | E17: 잡이익 | H17: 0.07 | K17: 0.15 | L17: 0.07
A18: 44631 | B18: USD 입금 | D18: 은행 내역 참고 | G18: 62479.23 | H18: 9850.62 | K18: =K17+G18-I18 -> 62479.38 | L18: =L17+H18-J18 -> 9850.69 | M18: USD 입금 | N18: 9850.69
A19: 44635 | B19: 송금 수수료 | D19: 은행 내역 참고 | E19: 해외지사비 | J19: 30 | K19: =K18+G19-I19 -> 62479.38 | L19: =L18+H19-J19 -> 9820.69 | M19: USD->RMB 입금 | N19: =N18-J19 -> 9820.69
A20: 44635 | B20: 사무실 Rent Deposit비용 선 지불 건 | C20: 1 | D20: 계약서, 영수증 차월 제공 | E20: 보증금 | I20: 5000 | J20: =I20/'통장내역(환율표)'!$D$6 -> 785.91077 | K20: =K19+G20-I20 -> 57479.38 | L20: =L19+H20-J20 -> 9034.7792 | M20: 사무실 Rent Deposit비용 선 지불 건 | N20: =N19-J20 -> 9034.7792
A21: 44635 | B21: 사무실 Rent Deposit 잔액 | C21: 1 | D21: 계약서, 영수증 차월 제공 | E21: 보증금 | I21: 31000 | J21: =I21/'통장내역(환율표)'!$D$6 -> 4872.6468 | K21: =K20+G21-I21 -> 26479.38 | L21: =L20+H21-J21 -> 4162.1324 | M21: 사무실 Rent Deposit 잔액 | N21: =N20-J21 -> 4162.1324
A22: 44635 | B22: 사무실 Rent 비용 | C22: 1 | D22: 계약서, 영수증 차월 제공 | E22: 지급임차료 | F22: 사무실 | I22: 19440 | J22: =I22/'통장내역(환율표)'!$D$6 -> 3055.6211 | K22: =K21+G22-I22 -> 7039.38 | L22: =L21+H22-J22 -> 1106.5113 | M22: 사무실 Rent 비용 | N22: =N21-J22 -> 1106.5113
A23: 44641 | B23: 이자 | D23: 은행 내역 참고 | E23: 잡이익 | G23: 0.35 | H23: =G23/'통장내역(환율표)'!$D$6 -> 0.055013754 | K23: =K22+G23-I23 -> 7039.73 | L23: =L22+H23-J23 -> 1106.5664 | M23: 이자 | N23: =N22+H23 -> 1106.5664
A24: 44648 | B24: Deposit 입금 | G24: 27194.532 | H24: 4274.5 | K24: =K23+G24-I24 -> 34234.262 | L24: =L23+H24-J24 -> 5381.0664 | N24: =N23+H24 -> 5381.0664
A25: 44648 | B25: 주택 지원비 | E25: 해외지사비 | I25: =J25*'통장내역(환율표)'!$D$6 -> 4654.536 | J25: 731.61 | K25: =K24+G25-I25 -> 29579.726 | L25: =L24+H25-J25 -> 4649.4564 | M25: 신순연 책임 주택 지원금 | N25: =N24+H25 -> 5381.0664 | O25: =H24-J25 -> 3542.89
A26: 44649 | B26: USD 입금 | D26: 은행 내역 참고 | G26: 55337.75 | H26: 8777 | K26: =K25+G26-I26 -> 84917.476 | L26: =L25+H26-J26 -> 13426.456 | M26: USD 입금
A27: 44649 | B27: 송금 수수료 | D27: 은행 내역 참고 | E27: 해외지사비 | J27: 58 | K27: =K26+G27-I27 -> 84917.476 | L27: =L26+H27-J27 -> 13368.456 | M27: USD->RMB 입금
A28: 44650 | B28: 사무실 명판 제작 금액 | C28: 2 | D28: 첨부 영수증 참고 | E28: 해외지사비 | I28: 1680 | J28: =I28/'통장내역(환율표)'!$D$6 -> 264.06602 | K28: =K27+G28-I28 -> 83237.476 | L28: =L27+H28-J28 -> 13104.39 | M28: 사무실 명판 제작 금액 | N28: =N23-J28 -> 842.50033
H30: =H24-J25 -> 3542.89
H31: =H26-J27 -> 8719

Sheet 내역_22.04
A1: 4월 전도금 사용 내역 | K1: 100066029
A2: 3/10 송금 환율(1234.5) | E2: 100021243 | G2: 3/28 보증금 입금(1234.5) | K2: 100021244 | L2: 1200000696 | M2: 3/28 송금 환율(1218.3) | Q2: 100021246
A3: 대계정 | B3: 소계정 | C3: 금액 (RMB) | D3: 금액 (USD) | E3: 금액 (KRW) | G3: 대계정 | H3: 소계정 | I3: 금액 (RMB) | J3: 금액 (USD) | K3: 금액 (KRW) | M3: 대계정 | N3: 소계정 | O3: 금액 (RMB) | P3: 금액 (USD) | Q3: 금액 (KRW)
A4: 소모품비 | G4: 소모품비 | M4: 소모품비
A5: 업무추진비 | B5: 일반 | F5: 51131050 | G5: 업무추진비 | H5: 일반 | M5: 업무추진비 | N5: 일반
A6: 여비교통비 | B6: 해외 | F6: 51061030 | G6: 여비교통비 | H6: 해외 | M6: 여비교통비 | N6: 해외
A7: 지급임차료 | B7: 사무실관리 | C7: 5360.0253 | D7: 842.50033 | E7: 1040066 | F7: 51201020 | G7: 지급임차료 | H7: 사무실관리 | I7: 14079.975 | J7: 2213.1208 | K7: 2732097 | M7: 지급임차료 | N7: 사무실관리
A8: 지급임차료 | B8: 차량임차료 | F8: 51201030 | G8: 지급임차료 | H8: 차량임차료 | M8: 지급임차료 | N8: 차량임차료
A9: 통신비 | B9: 기타 | F9: 51071700 | G9: 통신비 | H9: 기타 | L9: 89500 | M9: 통신비 | N9: 기타
A10: 해외지사비 | F10: 51321010 | G10: 해외지사비 | I10: 8460.0523 | J10: 1329.7692 | K10: 1641601 | M10: 해외지사비 | O10: 9766.6177 | P10: 1535.138 | Q10: 1870261
A11: 보증금
A12: Total | C12: =SUM(C4:C11) -> 5360.0253 | D12: =SUM(D4:D11) -> 842.50033 | E12: =SUM(E4:E11) -> 1040066 | F12: 52981010 | G12: Total | I12: =SUM(I4:I10) -> 22540.027 | J12: =SUM(J4:J10) -> 3542.89 | K12: =SUM(K4:K10) -> 4373698 | M12: Total | O12: =SUM(O4:O10) -> 9766.6177 | P12: =SUM(P4:P10) -> 1535.138 | Q12: =SUM(Q4:Q10) -> 1870261
C13: =C12+I12++O12 -> 37666.67 | D13: =D12+J12++P12 -> 5920.5284 | E13: =E12+K12++Q12 -> 7284025
A14: 보증금 | B14: 13081010 | H14: =SUBTOTAL(9,H17:H41) -> 0 | I14: =SUBTOTAL(9,I18:I41) -> 37666.67 | J14: =SUBTOTAL(9,J18:J41) -> 5920.5284
A15: 날짜 | B15: 내역 | D15: 증빙번호 | E15: 대계정 | F15: 소계정 | G15: 입금 | I15: 출금 | K15: 잔액 | M15: 비고
G16: RMB | H16: USD | I16: RMB | J16: USD | K16: RMB | L16: USD
A17: 44650 | B17: 기존 잔고 | K17: 83237.476 | L17: 13104.39 | N17: 842.50033
A18: 4월 20일 | B18: 4월 사무실 Rent비_3/10 송금 | D18: 1 | E18: 지급임차료 | F18: 사무실관리 | I18: =J18*'통장내역(환율표)'!$D$6 -> 5360.0253 | J18: 842.50033 | K18: =K17+G18-I18 -> 77877.451 | L18: =L17+H18-J18 -> 12261.89 | M18: 4월 사무실 Rent비 | N18: =N17-J18 -> 0
A19: 4월 20일 | B19: 4월 사무실 Rent비_3/28 보증금 송금 | D19: 1 | E19: 지급임차료 | F19: 사무실관리 | I19: =19440-I18 -> 14079.975 | J19: =I19/'통장내역(환율표)'!$D$6 -> 2213.1208 | K19: =K18+G19-I19 -> 63797.476 | L19: =L18+H19-J19 -> 10048.769 | M19: 4월 사무실 Rent비 | N19: =3542.89-J19 -> 1329.7692
A20: 4월 24일 | B20: 3~4월 사무실 관리비 미납 금액 | D20: 2 | E20: 해외지사비 | I20: 1038.04 | J20: =I20/'통장내역(환율표)'!$D$6 -> 163.16136 | K20: =K19+G20-I20 -> 62759.436 | L20: =L19+H20-J20 -> 9885.6079 | M20: 3~4월 사무실 관리비 미납 금액 | N20: =N19-J20 -> 1166.6079
A21: 4월 24일 | B21: 전화기 | D21: 3 | E21: 해외지사비 | I21: 299 | J21: =I21/'통장내역(환율표)'!$D$6 -> 46.997464 | K21: =K20+G21-I21 -> 62460.436 | L21: =L20+H21-J21 -> 9838.6104 | M21: 전화기 | N21: =N20-J21 -> 1119.6104
A22: 4월 24일 | B22: Hot Pot | D22: 4 | E22: 해외지사비 | I22: 227.9 | J22: =I22/'통장내역(환율표)'!$D$6 -> 35.821813 | K22: =K21+G22-I22 -> 62232.536 | L22: =L21+H22-J22 -> 9802.7886 | M22: Hot Pot | N22: =N21-J22 -> 1083.7886
A23: 4월 24일 | B23: A4용지 및 생수 등 | D23: 5 | E23: 해외지사비 | I23: 212.41 | J23: =I23/'통장내역(환율표)'!$D$6 -> 33.387061 | K23: =K22+G23-I23 -> 62020.126 | L23: =L22+H23-J23 -> 9769.4015 | M23: A4용지 및 생수 등 | N23: =N22-J23 -> 1050.4015
A24: 4월 24일 | B24: 냉장고 | D24: 6 | E24: 해외지사비 | I24: 1798.9 | J24: =I24/'통장내역(환율표)'!$D$6 -> 282.75498 | K24: =K23+G24-I24 -> 60221.226 | L24: =L23+H24-J24 -> 9486.6466 | M24: 냉장고 | N24: =N23-J24 -> 767.64656
A25: 4월 24일 | B25: 빈프로젝트 및 막 & 막 설치 | D25: 7 | E25: 해외지사비 | I25: 3334 | J25: =I25/'통장내역(환율표)'!$D$6 -> 524.0453 | K25: =K24+G25-I25 -> 56887.226 | L25: =L24+H25-J25 -> 8962.6013 | M25: 빈프로젝트 및 막 & 막 설치 | N25: =N24-J25 -> 243.60126
A26: 4월 24일 | B26: 회의실 Table | D26: 8 | E26: 해외지사비 | I26: =J26*'통장내역(환율표)'!$D$6 -> 1549.8023 | J26: 243.60126 | K26: =K25+G26-I26 -> 55337.424 | L26: =L25+H26-J26 -> 8719 | M26: 회의실 Table | N26: =N25-J26 -> 0
A27: 4월 24일 | B27: 회의실 Table | D27: 8 | E27: 해외지사비 | I27: =2446-I26 -> 896.19774 | J27: =I27/'통장내역(환율표)'!$D$6 -> 140.86629 | K27: =K26+G27-I27 -> 54441.226 | L27: =L26+H27-J27 -> 8578.1337 | N27: =8719-J27 -> 8578.1337
A28: 4월 24일 | B28: 의자 | D28: 9 | E28: 해외지사비 | I28: 1578 | J28: =I28/'통장내역(환율표)'!$D$6 -> 248.03344 | K28: =K27+G28-I28 -> 52863.226 | L28: =L27+H28-J28 -> 8330.1003 | M28: 의자 | N28: =N27-J28 -> 8330.1003
A29: 4월 24일 | B29: 모니터(3대) | D29: 10 | E29: 해외지사비 | I29: 3747 | J29: =I29/'통장내역(환율표)'!$D$6 -> 588.96153 | K29: =K28+G29-I29 -> 49116.226 | L29: =L28+H29-J29 -> 7741.1387 | M29: 모니터(3대) | N29: =N28-J29 -> 7741.1387
A30: 4월 24일 | B30: Print기 | D30: 11 | E30: 해외지사비 | I30: 3200 | J30: =I30/'통장내역(환율표)'!$D$6 -> 502.9829 | K30: =K29+G30-I30 -> 45916.226 | L30: =L29+H30-J30 -> 7238.1558 | M30: Print기 | N30: =N29-J30 -> 7238.1558
A31: 4월 24일 | B31: 작은 책장 | D31: 12 | E31: 해외지사비 | I31: 345.42 | J31: =I31/'통장내역(환율표)'!$D$6 -> 54.29386 | K31: =K30+G31-I31 -> 45570.806 | L31: =L30+H31-J31 -> 7183.862 | M31: 작은 책장 | N31: =N30-J31 -> 7183.862

Sheet 내역_22.05
A1: 5월 전도금 사용 내역 | K1: 100066029
A2: 3/28 송금 환율(1218.3) | E2: 100027949 | G2: 4/10 송금 환율(1,274.6) | K2: 100027950 | L2: 1200000696
A3: 대계정 | B3: 소계정 | C3: 금액 (RMB) | D3: 금액 (USD) | E3: 금액 (KRW) | G3: 대계정 | H3: 소계정 | I3: 금액 (RMB) | J3: 금액 (USD) | K3: 금액 (KRW)
A4: 소모품비 | G4: 소모품비
A5: 업무추진비 | B5: 일반 | F5: 51131050 | G5: 업무추진비 | H5: 일반 | I5: 1449 | J5: 216.18478 | K5: 275543
A6: 여비교통비 | B6: 해외 | F6: 51061030 | G6: 여비교통비 | H6: 해외 | I6: 7166 | J6: 1069.1374 | K6: 1362726
A7: 지급임차료 | B7: 사무실관리 | F7: 51201020 | G7: 지급임차료 | H7: 사무실관리
A8: 지급임차료 | B8: 차량임차료 | F8: 51201030 | G8: 지급임차료 | H8: 차량임차료
A9: 통신비 | B9: 기타 | C9: 1014.56 | D9: 159.85378 | E9: 194745 | F9: 51071700 | G9: 통신비 | H9: 기타 | L9: 89500
A10: 해외지사비 | C10: 44556.572 | D10: 7024.0082 | E10: 8557351 | F10: 51321010 | G10: 해외지사비 | I10: 3625.4877 | J10: 568.90771 | K10: 725133
A11: 보증금
A12: Total | C12: =SUM(C4:C11) -> 45571.132 | D12: =SUM(D4:D11) -> 7183.862 | E12: =SUM(E4:E11) -> 8752096 | F12: 52981010 | G12: Total | I12: =SUM(I4:I10) -> 12240.488 | J12: =SUM(J4:J10) -> 1854.2299 | K12: =SUM(K4:K10) -> 2363402
C13: =C12+I12++O12 -> 57811.62 | D13: =D12+J12++P12 -> 9038.0919 | E13: =E12+K12++Q12 -> 11115498
A14: 보증금 | B14: 13081010 | H14: =SUBTOTAL(9,H17:H47) -> 2487.78 | I14: =SUBTOTAL(9,I17:I55) -> 57811.62 | J14: =SUBTOTAL(9,J17:J55) -> 9038.0919
A15: 날짜 | B15: 내역 | D15: 증빙번호 | E15: 대계정 | F15: 소계정 | G15: 입금 | I15: 출금 | K15: 잔액 | M15: 비고
G16: RMB | H16: USD | I16: RMB | J16: USD | K16: RMB | L16: USD
A17: 44681 | B17: 기존 잔고 | K17: 45570.806 | L17: 7183.862 | N17: 7183.862
B18: 4월 환율 차이 | E18: 해외지사비 | J18: 3.6874654 | K18: =K17+G18-I18 -> 45570.806 | L18: =L17+H18-J18 -> 7180.1745 | N18: =N17-J18 -> 7180.1745
B19: 기존통장 5월 외화송금 | G19: 16486.92 | H19: 2487.78 | K19: =K18+G19-I19 -> 62057.726 | L19: =L18+H19-J19 -> 9667.9545
B20: 송금수수료 | E20: 해외지사비 | J20: 28 | K20: =K19+G20-I20 -> 62057.726 | L20: =L19+H20-J20 -> 9639.9545
A21: 44692 | B21: 은행 수수료 | E21: 해외지사비 | I21: 17 | J21: =I21/'통장내역(환율표)'!$D$12 -> 2.6785151 | K21: =K20+G21-I21 -> 62040.726 | L21: =L20+H21-J21 -> 9637.276 | M21: OTP 도구 비용 | N21: =N18-J21 -> 7177.496
A22: 44692 | B22: 은행 수수료 | E22: 해외지사비 | I22: 80 | J22: =I22/'통장내역(환율표)'!$D$12 -> 12.604777 | K22: =K21+G22-I22 -> 61960.726 | L22: =L21+H22-J22 -> 9624.6712 | M22: 인증서 | N22: =N21-J22 -> 7164.8912
A23: 44705 | B23: 주재원 대행 수수료 | D23: 1 | E23: 해외지사비 | I23: 300 | J23: =I23/'통장내역(환율표)'!$D$12 -> 47.267914 | K23: =K22+G23-I23 -> 61660.726 | L23: =L22+H23-J23 -> 9577.4033 | N23: =N22-J23 -> 7117.6233
A24: 44705 | B24: 주재원 5대보험 | D24: 2 | E24: 해외지사비 | I24: 7703.4 | J24: =I24/'통장내역(환율표)'!$D$12 -> 1213.7455 | K24: =K23+G24-I24 -> 53957.326 | L24: =L23+H24-J24 -> 8363.6578 | N24: =N23-J24 -> 5903.8778
A25: 44705 | B25: 주재원 수당 | D25: 2 | E25: 해외지사비 | I25: 13500 | J25: =I25/'통장내역(환율표)'!$D$12 -> 2127.0561 | K25: =K24+G25-I25 -> 40457.326 | L25: =L24+H25-J25 -> 6236.6017 | N25: =N24-J25 -> 3776.8217
A26: 44705 | B26: 주재원 개인소득세 | D26: 2 | E26: 해외지사비 | I26: 2552.29 | J26: =I26/'통장내역(환율표)'!$D$12 -> 402.13808 | K26: =K25+G26-I26 -> 37905.036 | L26: =L25+H26-J26 -> 5834.4636 | N26: =N25-J26 -> 3374.6836
A27: 44705 | B27: 주재원 주택 수당 | D27: 2 | E27: 해외지사비 | I27: 20000 | J27: =I27/'통장내역(환율표)'!$D$12 -> 3151.1943 | K27: =K26+G27-I27 -> 17905.036 | L27: =L26+H27-J27 -> 2683.2694 | N27: =N26-J27 -> 223.48936
A28: 44706 | B28: 은행 수수료 | E28: 해외지사비 | I28: 7.2 | J28: =I28/'통장내역(환율표)'!$D$12 -> 1.1344299 | K28: =K27+G28-I28 -> 17897.836 | L28: =L27+H28-J28 -> 2682.1349 | N28: =N27-J28 -> 222.35493
A29: 44706 | B29: 통신비 | D29: 3 | E29: 통신비 | F29: 기타 | I29: 500 | J29: =I29/'통장내역(환율표)'!$D$12 -> 78.779856 | K29: =K28+G29-I29 -> 17397.836 | L29: =L28+H29-J29 -> 2603.3551 | N29: =N28-J29 -> 143.57507
A30: 44706 | B30: 은행 수수료 | E30: 해외지사비 | I30: 3.6 | J30: =I30/'통장내역(환율표)'!$D$12 -> 0.56721497 | K30: =K29+G30-I30 -> 17394.236 | L30: =L29+H30-J30 -> 2602.7879 | N30: =N29-J30 -> 143.00785
A31: 44706 | B31: 사무실 Wifi비용(3월) | D31: 4 | E31: 통신비 | F31: 기타 | I31: 115.56 | J31: =I31/'통장내역(환율표)'!$D$12 -> 18.2076 | K31: =K30+G31-I31 -> 17278.676 | L31: =L30+H31-J31 -> 2584.5803 | N31: =N30-J31 -> 124.80025
A32: 44706 | B32: 은행 수수료 | E32: 해외지사비 | I32: 3.6 | J32: =I32/'통장내역(환율표)'!$D$12 -> 0.56721497 | K32: =K31+G32-I32 -> 17275.076 | L32: =L31+H32-J32 -> 2584.013 | N32: =N31-J32 -> 124.23304
A33: 44706 | B33: 사무실 Wifi비용(4월) | D33: 5 | E33: 통신비 | F33: 기타 | I33: 399 | J33: =I33/'통장내역(환율표)'!$D$12 -> 62.866325 | K33: =K32+G33-I33 -> 16876.076 | L33: =L32+H33-J33 -> 2521.1467 | N33: =N32-J33 -> 61.366714
A34: 44706 | B34: 은행 수수료 | E34: 해외지사비 | I34: 3.6 | J34: =I34/'통장내역(환율표)'!$D$12 -> 0.56721497 | K34: =K33+G34-I34 -> 16872.476 | L34: =L33+H34-J34 -> 2520.5795 | N34: =N33-J34 -> 60.799499
A35: 44706 | B35: 사무실 물/전기/에어컨 비용(4월) | D35: 6 | E35: 해외지사비 | I35: 368.47 | J35: =I35/'통장내역(환율표)'!$D$12 -> 58.056027 | K35: =K34+G35-I35 -> 16504.006 | L35: =L34+H35-J35 -> 2462.5235 | N35: =N34-J35 -> 2.7434712
A36: 44706 | B36: 은행 수수료 | E36: 해외지사비 | I36: 3.6 | J36: =I36/'통장내역(환율표)'!$D$12 -> 0.56721497 | K36: =K35+G36-I36 -> 16500.406 | L36: =L35+H36-J36 -> 2461.9563 | N36: =N35-J36 -> 2.1762563
A37: 44706 | B37: 사무실 청소비(5월)_3월 환율 | D37: 7 | E37: 해외지사비 | I37: =J37*'통장내역(환율표)'!$D$12 -> 13.812264 | J37: 2.1762563 | K37: =K36+G37-I37 -> 16486.594 | L37: =L36+H37-J37 -> 2459.78 | N37: =N36-J37 -> 0
A38: 44706 | B38: 사무실 청소비(5월)_5월 환율 | D38: 7 | E38: 해외지사비 | I38: =300-I37 -> 286.18774 | J38: =I38/'통장내역(환율표)'!$D$18 -> 42.698022 | K38: =K37+G38-I38 -> 16200.406 | L38: =L37+H38-J38 -> 2417.082 | N38: =2459.78-J38 -> 2417.082
A39: 44706 | B39: 은행 수수료 | E39: 해외지사비 | I39: 3.6 | J39: =I39/'통장내역(환율표)'!$D$18 -> 0.53710505 | K39: =K38+G39-I39 -> 16196.806 | L39: =L38+H39-J39 -> 2416.5449 | N39: =N38-J39 -> 2416.5449
A40: 44706 | B40: 인터넷 Recruiting비용 | D40: 8 | E40: 해외지사비 | I40: 1674 | J40: =I40/'통장내역(환율표)'!$D$18 -> 249.75385 | K40: =K39+G40-I40 -> 14522.806 | L40: =L39+H40-J40 -> 2166.791 | M40: 신규 인력 채용 | N40: =N39-J40 -> 2166.791
A41: 44706 | B41: 은행 수수료 | E41: 해외지사비 | I41: 3.6 | J41: =I41/'통장내역(환율표)'!$D$18 -> 0.53710505 | K41: =K40+G41-I41 -> 14519.206 | L41: =L40+H41-J41 -> 2166.2539 | N41: =N40-J41 -> 2166.2539
A42: 44706 | B42: 사무실 비품 | D42: 9 | E42: 해외지사비 | I42: 550 | J42: =I42/'통장내역(환율표)'!$D$18 -> 82.057716 | K42: =K41+G42-I42 -> 13969.206 | L42: =L41+H42-J42 -> 2084.1962 | N42: =N41-J42 -> 2084.1962
A43: 44706 | B43: 은행 수수료 | E43: 해외지사비 | I43: 3.6 | J43: =I43/'통장내역(환율표)'!$D$18 -> 0.53710505 | K43: =K42+G43-I43 -> 13965.606 | L43: =L42+H43-J43 -> 2083.6591 | N43: =N42-J43 -> 2083.6591
A44: 44706 | B44: CSOT T2, T6 출입증 신청 비용 | D44: 10 | E44: 해외지사비 | I44: 180 | J44: =I44/'통장내역(환율표)'!$D$18 -> 26.855253 | K44: =K43+G44-I44 -> 13785.606 | L44: =L43+H44-J44 -> 2056.8038 | N44: =N43-J44 -> 2056.8038
A45: 44706 | B45: 은행 수수료 | E45: 해외지사비 | I45: 3.6 | J45: =I45/'통장내역(환율표)'!$D$18 -> 0.53710505 | K45: =K44+G45-I45 -> 13782.006 | L45: =L44+H45-J45 -> 2056.2667 | N45: =N44-J45 -> 2056.2667
A46: 44706 | B46: 프린트 비용 및 프린트 설치 비용 | D46: 11 | E46: 해외지사비 | I46: 270 | J46: =I46/'통장내역(환율표)'!$D$18 -> 40.282879 | K46: =K45+G46-I46 -> 13512.006 | L46: =L45+H46-J46 -> 2015.9839 | N46: =N45-J46 -> 2015.9839
A47: 44706 | B47: 은행 수수료 | E47: 해외지사비 | I47: 3.6 | J47: =I47/'통장내역(환율표)'!$D$18 -> 0.53710505 | K47: =K46+G47-I47 -> 13508.406 | L47: =L46+H47-J47 -> 2015.4468 | N47: =N46-J47 -> 2015.4468
A48: 44706 | B48: 택배비 | D48: 12 | E48: 해외지사비 | I48: 632.9 | J48: =I48/'통장내역(환율표)'!$D$18 -> 94.426052 | K48: =K47+G48-I48 -> 12875.506 | L48: =L47+H48-J48 -> 1921.0207 | N48: =N47-J48 -> 1921.0207
A49: 44706 | B49: 은행 수수료 | E49: 해외지사비 | I49: 3.6 | J49: =I49/'통장내역(환율표)'!$D$18 -> 0.53710505 | K49: =K48+G49-I49 -> 12871.906 | L49: =L48+H49-J49 -> 1920.4836 | N49: =N48-J49 -> 1920.4836
A50: 44706 | B50: 업무추진비 | D50: 13 | E50: 업무추진비 | F50: 일반 | I50: 1270 | J50: =I50/'통장내역(환율표)'!$D$18 -> 189.47873 | K50: =K49+G50-I50 -> 11601.906 | L50: =L49+H50-J50 -> 1731.0049 | N50: =N49-J50 -> 1731.0049
A51: 44706 | B51: 은행 수수료 | E51: 해외지사비 | I51: 3.6 | J51: =I51/'통장내역(환율표)'!$D$18 -> 0.53710505 | K51: =K50+G51-I51 -> 11598.306 | L51: =L50+H51-J51 -> 1730.4678 | N51: =N50-J51 -> 1730.4678
A52: 44706 | B52: 시내교통비 | D52: 14 | E52: 여비교통비 | F52: 해외 | I52: 7166 | J52: =I52/'통장내역(환율표)'!$D$18 -> 1069.1374 | K52: =K51+G52-I52 -> 4432.306 | L52: =L51+H52-J52 -> 661.33033 | N52: =N51-J52 -> 661.33033
A53: 44706 | B53: 은행 수수료 | E53: 해외지사비 | I53: 3.6 | J53: =I53/'통장내역(환율표)'!$D$18 -> 0.53710505 | K53: =K52+G53-I53 -> 4428.706 | L53: =L52+H53-J53 -> 660.79322 | N53: =N52-J53 -> 660.79322
A54: 44706 | B54: 업무추진비-csot coffee shop | D54: 15 | E54: 업무추진비 | F54: 일반 | I54: 179 | J54: =I54/'통장내역(환율표)'!$D$18 -> 26.706057 | K54: =K53+G54-I54 -> 4249.706 | L54: =L53+H54-J54 -> 634.08716 | N54: =N53-J54 -> 634.08716
A55: 44706 | B55: 은행 수수료 | E55: 해외지사비 | I55: 3.6 | J55: =I55/'통장내역(환율표)'!$D$18 -> 0.53710505 | K55: =K54+G55-I55 -> 4246.106 | L55: =L54+H55-J55 -> 633.55006 | N55: =N54-J55 -> 633.55006
I56: 4741.1 | J56: =I56/'통장내역(환율표)'!$D$18 -> 707.35243
I57: 19440 | J57: =I57/'통장내역(환율표)'!$D$18 -> 2900.3673

Sheet 내역_22.06
A1: 6월 전도금 사용 내역 | K1: 100066029
A2: 5/10 송금 환율(1,274.6) | E2: 100034688 | G2: 6/10 송금 환율(1,257.6) | K2: 100034689 | L2: 1200000696
A3: 대계정 | B3: 소계정 | C3: 금액 (RMB) | D3: 금액 (USD) | E3: 금액 (KRW) | G3: 대계정 | H3: 소계정 | I3: 금액 (RMB) | J3: 금액 (USD) | K3: 금액 (KRW)
A4: 소모품비 | G4: 소모품비
A5: 업무추진비 | B5: 일반 | F5: 51131050 | G5: 업무추진비 | H5: 일반
A6: 여비교통비 | B6: 해외 | F6: 51061030 | G6: 여비교통비 | H6: 해외 | I6: 7533 | J6: 1121.1664 | K6: 1409983
A7: 지급임차료 | B7: 사무실관리 | F7: 51201020 | G7: 지급임차료 | H7: 사무실관리 | I7: 38880 | J7: 5786.6655 | K7: 7277316
A8: 지급임차료 | B8: 차량임차료 | F8: 51201030 | G8: 지급임차료 | H8: 차량임차료 | I8: 16500 | J8: 2455.7608 | K8: 3088364
A9: 통신비 | B9: 기타 | F9: 51071700 | G9: 통신비 | H9: 기타 | I9: 899 | J9: 133.80176 | K9: 168267 | L9: 89500
A10: 해외지사비 | C10: 4266.2623 | D10: 636.50861 | E10: 811296 | F10: 51321010 | G10: 해외지사비 | I10: 73193.058 | J10: 10919.615 | K10: 13732502
A11: 보증금
A12: Total | C12: =SUM(C4:C11) -> 4266.2623 | D12: =SUM(D4:D11) -> 636.50861 | E12: =SUM(E4:E11) -> 811296 | F12: 52981010 | G12: Total | I12: =SUM(I4:I10) -> 137005.06 | J12: =SUM(J4:J10) -> 20417.009 | K12: =SUM(K4:K10) -> 25676432
C13: =C12+I12++O12 -> 141271.32 | D13: =D12+J12++P12 -> 21053.518 | E13: =E12+K12++Q12 -> 26487728
A14: 보증금 | B14: 13081010 | H14: =SUBTOTAL(9,H17:H62) -> 20527.269 | I14: =SUBTOTAL(9,I17:I62) -> 141271.32 | J14: =SUBTOTAL(9,J17:J62) -> 21053.518
A15: 날짜 | B15: 내역 | D15: 증빙번호 | E15: 대계정 | F15: 소계정 | G15: 입금 | I15: 출금 | K15: 잔액 | M15: 비고
G16: RMB | H16: USD | I16: RMB | J16: USD | K16: RMB | L16: USD
A17: 44712 | B17: 기존 잔고 | K17: 4246.106 | L17: 633.55006 | N17: 633.55006
A18: 44725 | B18: 입금 | D18: 1 | G18: 137726 | H18: 20524.31 | K18: =K17+G18-I18 -> 141972.11 | L18: =L17+H18-J18 -> 21157.86
A19: 44725 | B19: 송금수수료 | E19: 해외지사비 | J19: 26 | K19: =K18+G19-I19 -> 141972.11 | L19: =L18+H19-J19 -> 21131.86
A20: 44733 | B20: 이자 입금 | D20: 2 | E20: 잡이익 | G20: 19.83 | H20: =G20/'통장내역(환율표)'!$D$18 -> 2.9585537 | J20: =I20/'통장내역(환율표)'!$D$18 -> 0 | K20: =K19+G20-I20 -> 141991.94 | L20: =L19+H20-J20 -> 21134.819 | N20: =N17-J20+H20 -> 636.50861
A21: 44737 | B21: 주재원 대행 수수료 | D21: 3 | E21: 해외지사비 | I21: 300 | J21: =I21/'통장내역(환율표)'!$D$18 -> 44.758754 | K21: =K20+G21-I21 -> 141691.94 | L21: =L20+H21-J21 -> 21090.06 | M21: 신순연 | N21: =N20-J21+H21 -> 591.74986
A22: 44737 | B22: 주재원 5대보험_5월 | D22: 3 | E22: 해외지사비 | I22: =J22*'통장내역(환율표)'!$D$18 -> 3966.2623 | J22: 591.74986 | K22: =K21+G22-I22 -> 137725.67 | L22: =L21+H22-J22 -> 20498.31 | M22: 신순연 | N22: =N21-J22+H22 -> 0
A23: 44737 | B23: 주재원 5대보험_6월 | D23: 3 | E23: 해외지사비 | I23: =7703.4-I22 -> 3737.1377 | J23: =I23/'통장내역(환율표)'!$D$25 -> 556.21312 | K23: =K22+G23-I23 -> 133988.54 | L23: =L22+H23-J23 -> 19942.097 | N23: =20498.31-J23 -> 19942.097
A24: 44737 | B24: 주재원 수당 | D24: 3 | E24: 해외지사비 | I24: 13500 | J24: =I24/'통장내역(환율표)'!$D$25 -> 2009.2589 | K24: =K23+G24-I24 -> 120488.54 | L24: =L23+H24-J24 -> 17932.838 | M24: 신순연 | N24: =N23-J24+H24 -> 17932.838
A25: 44737 | B25: 주재원 개인소득세 | D25: 3 | E25: 해외지사비 | I25: 2552.29 | J25: =I25/'통장내역(환율표)'!$D$25 -> 379.8675 | K25: =K24+G25-I25 -> 117936.25 | L25: =L24+H25-J25 -> 17552.971 | M25: 신순연 | N25: =N24-J25+H25 -> 17552.971
A26: 44737 | B26: 주재원 주택 수당 | D26: 3 | E26: 해외지사비 | I26: 20000 | J26: =I26/'통장내역(환율표)'!$D$25 -> 2976.6798 | K26: =K25+G26-I26 -> 97936.246 | L26: =L25+H26-J26 -> 14576.291 | M26: 신순연 | N26: =N25-J26+H26 -> 14576.291
A27: 44737 | B27: 은행 수수료 | D27: 3 | E27: 해외지사비 | I27: 7.2 | J27: =I27/'통장내역(환율표)'!$D$25 -> 1.0716047 | K27: =K26+G27-I27 -> 97929.046 | L27: =L26+H27-J27 -> 14575.219 | N27: =N26-J27+H27 -> 14575.219
A28: 44737 | B28: 주재원 대행 수수료 | D28: 4 | E28: 해외지사비 | I28: 300 | J28: =I28/'통장내역(환율표)'!$D$25 -> 44.650197 | K28: =K27+G28-I28 -> 97629.046 | L28: =L27+H28-J28 -> 14530.569 | M28: 김명관 | N28: =N27-J28+H28 -> 14530.569
A29: 44737 | B29: 주재원 개인소득세 | D29: 4 | E29: 해외지사비 | I29: 427.5 | J29: =I29/'통장내역(환율표)'!$D$25 -> 63.62653 | K29: =K28+G29-I29 -> 97201.546 | L29: =L28+H29-J29 -> 14466.942 | M29: 김명관 | N29: =N28-J29+H29 -> 14466.942
A30: 44737 | B30: 주재원 수당 | D30: 4 | E30: 해외지사비 | I30: 9450 | J30: =I30/'통장내역(환율표)'!$D$25 -> 1406.4812 | K30: =K29+G30-I30 -> 87751.546 | L30: =L29+H30-J30 -> 13060.461 | M30: 김명관 | N30: =N29-J30+H30 -> 13060.461
A31: 44737 | B31: 주재원 주택 수당 | D31: 4 | E31: 해외지사비 | I31: 9800 | J31: =I31/'통장내역(환율표)'!$D$25 -> 1458.5731 | K31: =K30+G31-I31 -> 77951.546 | L31: =L30+H31-J31 -> 11601.888 | M31: 김명관 | N31: =N30-J31+H31 -> 11601.888
A32: 44737 | B32: 은행 수수료 | D32: 4 | E32: 해외지사비 | I32: 7.2 | J32: =I32/'통장내역(환율표)'!$D$25 -> 1.0716047 | K32: =K31+G32-I32 -> 77944.346 | L32: =L31+H32-J32 -> 11600.817 | N32: =N31-J32+H32 -> 11600.817
A33: 44737 | B33: 5월 사무실 Rent비 | D33: 5 | E33: 지급임차료 | F33: 사무실관리 | I33: 19440 | J33: =I33/'통장내역(환율표)'!$D$25 -> 2893.3328 | K33: =K32+G33-I33 -> 58504.346 | L33: =L32+H33-J33 -> 8707.4838 | N33: =N32-J33+H33 -> 8707.4838
A34: 44737 | B34: 은행 수수료 | D34: 5 | E34: 해외지사비 | I34: 7.2 | J34: =I34/'통장내역(환율표)'!$D$25 -> 1.0716047 | K34: =K33+G34-I34 -> 58497.146 | L34: =L33+H34-J34 -> 8706.4122 | N34: =N33-J34+H34 -> 8706.4122
A35: 44737 | B35: 6월 사무실 Rent비 | D35: 6 | E35: 지급임차료 | F35: 사무실관리 | I35: 19440 | J35: =I35/'통장내역(환율표)'!$D$25 -> 2893.3328 | K35: =K34+G35-I35 -> 39057.146 | L35: =L34+H35-J35 -> 5813.0794 | N35: =N34-J35+H35 -> 5813.0794
A36: 44737 | B36: 은행 수수료 | D36: 6 | E36: 해외지사비 | I36: 7.2 | J36: =I36/'통장내역(환율표)'!$D$25 -> 1.0716047 | K36: =K35+G36-I36 -> 39049.946 | L36: =L35+H36-J36 -> 5812.0078 | N36: =N35-J36+H36 -> 5812.0078
A37: 44737 | B37: 사무실 에어컨 및 전기/물 비용 | D37: 7 | E37: 해외지사비 | I37: 422.63 | J37: =I37/'통장내역(환율표)'!$D$25 -> 62.901709 | K37: =K36+G37-I37 -> 38627.316 | L37: =L36+H37-J37 -> 5749.1061 | N37: =N36-J37+H37 -> 5749.1061
A38: 44737 | B38: 은행 수수료 | D38: 7 | E38: 해외지사비 | I38: 3.6 | J38: =I38/'통장내역(환율표)'!$D$25 -> 0.53580236 | K38: =K37+G38-I38 -> 38623.716 | L38: =L37+H38-J38 -> 5748.5703 | N38: =N37-J38+H38 -> 5748.5703
A39: 44737 | B39: 중연-4.5월 기장비 | D39: 8 | E39: 해외지사비 | I39: 2000 | J39: =I39/'통장내역(환율표)'!$D$25 -> 297.66798 | K39: =K38+G39-I39 -> 36623.716 | L39: =L38+H39-J39 -> 5450.9023 | N39: =N38-J39+H39 -> 5450.9023
A40: 44737 | B40: 중연-22년 사무용품비 | D40: 8 | E40: 해외지사비 | I40: 300 | J40: =I40/'통장내역(환율표)'!$D$25 -> 44.650197 | K40: =K39+G40-I40 -> 36323.716 | L40: =L39+H40-J40 -> 5406.2521 | N40: =N39-J40+H40 -> 5406.2521
A41: 44737 | B41: 중연-취업비자 | D41: 8 | E41: 해외지사비 | I41: 4000 | J41: =I41/'통장내역(환율표)'!$D$25 -> 595.33596 | K41: =K40+G41-I41 -> 32323.716 | L41: =L40+H41-J41 -> 4810.9162 | N41: =N40-J41+H41 -> 4810.9162
A42: 44737 | B42: 중연-세무국방문(세무승인) | D42: 8 | E42: 해외지사비 | I42: 1000 | J42: =I42/'통장내역(환율표)'!$D$25 -> 148.83399 | K42: =K41+G42-I42 -> 31323.716 | L42: =L41+H42-J42 -> 4662.0822 | N42: =N41-J42+H42 -> 4662.0822
A43: 44737 | B43: 중연-실비(도장) | D43: 8 | E43: 해외지사비 | I43: 80 | J43: =I43/'통장내역(환율표)'!$D$25 -> 11.906719 | K43: =K42+G43-I43 -> 31243.716 | L43: =L42+H43-J43 -> 4650.1754 | N43: =N42-J43+H43 -> 4650.1754
A44: 44737 | B44: 은행 수수료 | D44: 8 | E44: 해외지사비 | I44: 3.6 | J44: =I44/'통장내역(환율표)'!$D$25 -> 0.53580236 | K44: =K43+G44-I44 -> 31240.116 | L44: =L43+H44-J44 -> 4649.6396 | N44: =N43-J44+H44 -> 4649.6396
A45: 44737 | B45: 2021년 개인소득세 추가 납부(신순연) | D45: 9 | E45: 해외지사비 | I45: 4741.1 | J45: =I45/'통장내역(환율표)'!$D$25 -> 705.63683 | K45: =K44+G45-I45 -> 26499.016 | L45: =L44+H45-J45 -> 3944.0028 | N45: =N44-J45+H45 -> 3944.0028
A46: 44737 | B46: 은행 수수료 | D46: 9 | E46: 해외지사비 | I46: 3.6 | J46: =I46/'통장내역(환율표)'!$D$25 -> 0.53580236 | K46: =K45+G46-I46 -> 26495.416 | L46: =L45+H46-J46 -> 3943.467 | N46: =N45-J46+H46 -> 3943.467
A47: 44739 | B47: 차량 Rent비 잘 못 입금 | D47: 통장내역 | J47: =I47/'통장내역(환율표)'!$D$25 -> 0 | K47: =K46+G47-I47 -> 26495.416 | L47: =L46+H47-J47 -> 3943.467 | M47: 16,000 수신인 잘못 송금 -> 이후 재입금으로 내용 삭제 하였으나 수수료 발생
A48: 44739 | B48: 은행 수수료 | D48: 통장내역 | E48: 해외지사비 | I48: 7.2 | J48: =I48/'통장내역(환율표)'!$D$25 -> 1.0716047 | K48: =K47+G48-I48 -> 26488.216 | L48: =L47+H48-J48 -> 3942.3954 | N48: =N46-J48+H48 -> 3942.3954
A49: 44739 | B49: 시내교통비 | D49: 10 | E49: 여비교통비 | F49: 해외 | I49: 7533 | J49: =I49/'통장내역(환율표)'!$D$25 -> 1121.1664 | K49: =K48+G49-I49 -> 18955.216 | L49: =L48+H49-J49 -> 2821.229 | N49: =N48-J49+H49 -> 2821.229
A50: 44739 | B50: 은행 수수료 | D50: 10 | E50: 해외지사비 | I50: 3.6 | J50: =I50/'통장내역(환율표)'!$D$25 -> 0.53580236 | K50: =K49+G50-I50 -> 18951.616 | L50: =L49+H50-J50 -> 2820.6932 | N50: =N49-J50+H50 -> 2820.6932
A51: 44739 | B51: 사무실운영비 | D51: 11 | E51: 해외지사비 | I51: 114 | J51: =I51/'통장내역(환율표)'!$D$25 -> 16.967075 | K51: =K50+G51-I51 -> 18837.616 | L51: =L50+H51-J51 -> 2803.7261 | M51: 택배 | N51: =N50-J51+H51 -> 2803.7261
A52: 44739 | B52: 사무실운영비 | D52: 11 | E52: 해외지사비 | I52: 400 | J52: =I52/'통장내역(환율표)'!$D$25 -> 59.533596 | K52: =K51+G52-I52 -> 18437.616 | L52: =L51+H52-J52 -> 2744.1925 | M52: 사무비품 | N52: =N51-J52+H52 -> 2744.1925
A53: 44739 | B53: 사무실운영비 | D53: 11 | E53: 해외지사비 | I53: 300 | J53: =I53/'통장내역(환율표)'!$D$25 -> 44.650197 | K53: =K52+G53-I53 -> 18137.616 | L53: =L52+H53-J53 -> 2699.5423 | M53: 청소비 | N53: =N52-J53+H53 -> 2699.5423
A54: 44739 | B54: 은행 수수료 | D54: 11 | E54: 해외지사비 | I54: 3.6 | J54: =I54/'통장내역(환율표)'!$D$25 -> 0.53580236 | K54: =K53+G54-I54 -> 18134.016 | L54: =L53+H54-J54 -> 2699.0065 | N54: =N53-J54+H54 -> 2699.0065
A55: 44739 | B55: 통신비 | D55: 12 | E55: 통신비 | I55: 500 | J55: =I55/'통장내역(환율표)'!$D$25 -> 74.416995 | K55: =K54+G55-I55 -> 17634.016 | L55: =L54+H55-J55 -> 2624.5895 | M55: 신순연 | N55: =N54-J55+H55 -> 2624.5895
A56: 44739 | B56: 통신비 | D56: 12 | E56: 통신비 | I56: 399 | J56: =I56/'통장내역(환율표)'!$D$25 -> 59.384762 | K56: =K55+G56-I56 -> 17235.016 | L56: =L55+H56-J56 -> 2565.2047 | M56: 사무실 Wifi | N56: =N55-J56+H56 -> 2565.2047
A57: 44739 | B57: 은행 수수료 | D57: 12 | E57: 해외지사비 | I57: 3.6 | J57: =I57/'통장내역(환율표)'!$D$25 -> 0.53580236 | K57: =K56+G57-I57 -> 17231.416 | L57: =L56+H57-J57 -> 2564.6689 | N57: =N56-J57+H57 -> 2564.6689
A58: 44739 | B58: 차량 Rent비 잘 못 입금 부분 환금 | D58: 통장내역 | E58: 지급임차료 | F58: 차량임차료 | H58: =G58/'통장내역(환율표)'!$D$25 -> 0 | J58: =I58/'통장내역(환율표)'!$D$25 -> 0 | K58: =K57+G58-I58 -> 17231.416 | L58: =L57+H58-J58 -> 2564.6689 | M58: 수신인 잘못 송금 내역 입금처리
A59: 44739 | B59: 차량 Rent비 1차 | D59: 13 | E59: 지급임차료 | F59: 차량임차료 | I59: 16000 | J59: =I59/'통장내역(환율표)'!$D$25 -> 2381.3438 | K59: =K58+G59-I59 -> 1231.416 | L59: =L58+H59-J59 -> 183.32511 | N59: =N57-J59+H59 -> 183.32511
A60: 44739 | B60: 은행 수수료 | D60: 13 | E60: 해외지사비 | I60: 7.2 | J60: =I60/'통장내역(환율표)'!$D$25 -> 1.0716047 | K60: =K59+G60-I60 -> 1224.216 | L60: =L59+H60-J60 -> 182.25351 | N60: =N59-J60+H60 -> 182.25351
A61: 44740 | B61: 차량 Rent비 차액 추가 납부 | D61: 14 | E61: 지급임차료 | F61: 차량임차료 | I61: 500 | J61: =I61/'통장내역(환율표)'!$D$25 -> 74.416995 | K61: =K60+G61-I61 -> 724.21599 | L61: =L60+H61-J61 -> 107.83652 | M61: 중고차->신차로 계약변경에 따른 차액 납부 | N61: =N60-J61+H61 -> 107.83652
A62: 44740 | B62: 은행 수수료 | D62: 14 | E62: 해외지사비 | I62: 3.6 | J62: =I62/'통장내역(환율표)'!$D$25 -> 0.53580236 | K62: =K61+G62-I62 -> 720.61599 | L62: =L61+H62-J62 -> 107.30071 | N62: =N61-J62+H62 -> 107.30071

Sheet 내역_22.07
A1: 7월 전도금 사용 내역 | K1: 100066029
A2: 6/10 송금 환율(1,257.6) | E2: 100041588 | G2: 7/10 송금 환율(1,299.3) | K2: 100041589 | L2: 1200000696
A3: 대계정 | B3: 소계정 | C3: 금액 (RMB) | D3: 금액 (USD) | E3: 금액 (KRW) | G3: 대계정 | H3: 소계정 | I3: 금액 (RMB) | J3: 금액 (USD) | K3: 금액 (KRW)
A4: 소모품비 | G4: 소모품비
A5: 업무추진비 | B5: 일반 | F5: 51131050 | G5: 업무추진비 | H5: 일반 | I5: 4707.69 | J5: 701.44 | K5: 911381 | L5: =K5+E5 -> 911381
A6: 여비교통비 | B6: 해외 | F6: 51061030 | G6: 여비교통비 | H6: 해외 | I6: 28305.6 | J6: 4217.4744 | K6: 5479759 | L6: =K6+E6 -> 5479759
A7: 지급임차료 | B7: 사무실관리 | F7: 51201020 | G7: 지급임차료 | H7: 사무실관리 | I7: 19440 | J7: 2896.5188 | K7: 3763448 | L7: =K7+E7 -> 3763448
A8: 지급임차료 | B8: 차량임차료 | F8: 51201030 | G8: 지급임차료 | H8: 차량임차료 | I8: 16500 | J8: 2458.465 | K8: 3194290 | L8: =K8+E8 -> 3194290
A9: 통신비 | B9: 기타 | F9: 51071700 | G9: 통신비 | H9: 기타 | I9: 1799 | J9: 268.04719 | K9: 348277 | L9: =K9+E9 -> 348277
A10: 해외지사비 | C10: 719.1937 | D10: 107.30071 | E10: 134940 | F10: 51321010 | G10: 해외지사비 | I10: 124976.29 | J10: 18647.202 | K10: 24228307 | L10: =K10+E10 -> 24363247
A11: 보증금 | F11: 13081010 | G11: 보증금 | I11: 28000 | J11: 4171.9406 | K11: 7653455
A12: Total | C12: =SUM(C4:C11) -> 719.1937 | D12: =SUM(D4:D11) -> 107.30071 | E12: =SUM(E4:E11) -> 134940 | F12: 52981010 | G12: Total | I12: =SUM(I4:I11) -> 223728.58 | J12: =SUM(J4:J11) -> 33361.088 | K12: =SUM(K4:K10) -> 37925462
C13: =C12+I12 -> 224447.77 | D13: =D12+J12 -> 33468.388 | E13: =E12+K12 -> 38060402
A14: 보증금 | B14: 13081010 | H14: =SUBTOTAL(9,H17:H74) -> 35786.57 | I14: =SUBTOTAL(9,I17:I75) -> 224447.77 | J14: =SUBTOTAL(9,J17:J75) -> 33468.389
A15: 날짜 | B15: 내역 | D15: 증빙번호 | E15: 대계정 | F15: 소계정 | G15: 입금 | I15: 출금 | K15: 잔액 | M15: 비고
G16: RMB | H16: USD | I16: RMB | J16: USD | K16: RMB | L16: USD
A17: 44742 | B17: 기존 잔고 | K17: 720.61599 | L17: 107.30071 | N17: 107.30071
A18: 44754 | B18: 입금 | D18: 1 | G18: 240007.24 | H18: 35786.57 | K18: =K17+G18-I18 -> 240727.86 | L18: =L17+H18-J18 -> 35893.871 | M18: 입금
A19: 44754 | B19: 송금수수료 | E19: 해외지사비 | J19: 26 | K19: =K18+G19-I19 -> 240727.86 | L19: =L18+H19-J19 -> 35867.871
A20: 44756 | B20: 사무실 운영세금(4,5,6월분 7월 납부)_6월 환율 | D20: 2 | E20: 해외지사비 | I20: =J20*'통장내역(환율표)'!$D$18 -> 719.1937 | J20: 107.30071 | K20: =K19+G20-I20 -> 240008.66 | L20: =L19+H20-J20 -> 35760.57 | M20: 사무실 운영세금(4,5,6월분 7월 납부)
A21: 44756 | B21: 사무실 운영세금(4,5,6월분 7월 납부)_7월 환율 | D21: 2 | E21: 해외지사비 | I21: =11384.02-I20 -> 10664.826 | J21: =I21/'통장내역(환율표)'!$D$33 -> 1589.0365 | K21: =K20+G21-I21 -> 229343.84 | L21: =L20+H21-J21 -> 34171.533 | N21: =35760.57-J21 -> 34171.533
A22: 44757 | B22: 주재원 대행 수수료 | D22: 3 | E22: 해외지사비 | I22: 300 | J22: =I22/'통장내역(환율표)'!$D$33 -> 44.699364 | K22: =K21+G22-I22 -> 229043.84 | L22: =L21+H22-J22 -> 34126.834 | M22: 신순연 | N22: =N21-J22+H22 -> 34126.834
A23: 44757 | B23: 주재원 5대보험 | D23: 3 | E23: 해외지사비 | I23: 7707.43 | J23: =I23/'통장내역(환율표)'!$D$33 -> 1148.3907 | K23: =K22+G23-I23 -> 221336.41 | L23: =L22+H23-J23 -> 32978.443 | M23: 신순연 | N23: =N22-J23+H23 -> 32978.443
A24: 44757 | B24: 주재원 개인소득세 | D24: 3 | E24: 해외지사비 | I24: 4778.34 | J24: =I24/'통장내역(환율표)'!$D$33 -> 711.96253 | K24: =K23+G24-I24 -> 216558.07 | L24: =L23+H24-J24 -> 32266.481 | M24: 신순연 | N24: =N23-J24+H24 -> 32266.481
A25: 44757 | B25: 주재원 수당 | D25: 3 | E25: 해외지사비 | I25: 13500 | J25: =I25/'통장내역(환율표)'!$D$33 -> 2011.4714 | K25: =K24+G25-I25 -> 203058.07 | L25: =L24+H25-J25 -> 30255.009 | M25: 신순연 | N25: =N24-J25+H25 -> 30255.009
A26: 44757 | B26: 주재원 주택 수당 | D26: 3 | E26: 해외지사비 | I26: 20000 | J26: =I26/'통장내역(환율표)'!$D$33 -> 2979.9576 | K26: =K25+G26-I26 -> 183058.07 | L26: =L25+H26-J26 -> 27275.052 | M26: 신순연 | N26: =N25-J26+H26 -> 27275.052
A27: 44757 | B27: 주재원 대행 수수료 | D27: 3 | E27: 해외지사비 | I27: 300 | J27: =I27/'통장내역(환율표)'!$D$33 -> 44.699364 | K27: =K26+G27-I27 -> 182758.07 | L27: =L26+H27-J27 -> 27230.353 | M27: 김명관 | N27: =N26-J27+H27 -> 27230.353
A28: 44757 | B28: 주재원 5대보험 | D28: 3 | E28: 해외지사비 | I28: 634.29 | J28: =I28/'통장내역(환율표)'!$D$33 -> 94.507865 | K28: =K27+G28-I28 -> 182123.78 | L28: =L27+H28-J28 -> 27135.845 | M28: 김명관 | N28: =N27-J28+H28 -> 27135.845
A29: 44757 | B29: 주재원 개인소득세 | D29: 3 | E29: 해외지사비 | I29: 4332.43 | J29: =I29/'통장내역(환율표)'!$D$33 -> 645.52289 | K29: =K28+G29-I29 -> 177791.35 | L29: =L28+H29-J29 -> 26490.322 | M29: 김명관 | N29: =N28-J29+H29 -> 26490.322
A30: 44757 | B30: 주재원 수당 | D30: 3 | E30: 해외지사비 | I30: 13500 | J30: =I30/'통장내역(환율표)'!$D$33 -> 2011.4714 | K30: =K29+G30-I30 -> 164291.35 | L30: =L29+H30-J30 -> 24478.85 | M30: 김명관 | N30: =N29-J30+H30 -> 24478.85
A31: 44757 | B31: 주재원 주택 수당 | D31: 3 | E31: 해외지사비 | I31: 14000 | J31: =I31/'통장내역(환율표)'!$D$33 -> 2085.9703 | K31: =K30+G31-I31 -> 150291.35 | L31: =L30+H31-J31 -> 22392.88 | M31: 김명관 | N31: =N30-J31+H31 -> 22392.88
A32: 44757 | B32: 주재원 대행 수수료 | D32: 3 | E32: 해외지사비 | I32: 300 | J32: =I32/'통장내역(환율표)'!$D$33 -> 44.699364 | K32: =K31+G32-I32 -> 149991.35 | L32: =L31+H32-J32 -> 22348.181 | M32: 현채인 | N32: =N31-J32+H32 -> 22348.181
A33: 44757 | B33: 주재원 5대보험 | D33: 3 | E33: 해외지사비 | I33: 501.68 | J33: =I33/'통장내역(환율표)'!$D$33 -> 74.749257 | K33: =K32+G33-I33 -> 149489.67 | L33: =L32+H33-J33 -> 22273.431 | M33: 현채인 | N33: =N32-J33+H33 -> 22273.431
... A35: 44757 | B35: 주재원 수당 | D35: 3 | E35: 해외지사비 | I35: 21220.91 | J35: =I35/'통장내역(환율표)'!$D$33 -> 3161.8706 | K35: =K34+G35-I35 -> 119724.32 | L35: =L34+H35-J35 -> 17838.457 | M35: 현채인 | N35: =N34-J35+H35 -> 17838.457
A36: 44757 | B36: 은행수수료 | D36: 3 | E36: 해외지사비 | I36: 12 | J36: =I36/'통장내역(환율표)'!$D$33 -> 1.7879746 | K36: =K35+G36-I36 -> 119712.32 | L36: =L35+H36-J36 -> 17836.669 | N36: =N35-J36+H36 -> 17836.669
A37: 44757 | B37: 주재원 주택 Deposit 2개월 분(김명관) | D37: 4 | E37: 보증금 | I37: 28000 | J37: =I37/'통장내역(환율표)'!$D$33 -> 4171.9406 | K37: =K36+G37-I37 -> 91712.316 | L37: =L36+H37-J37 -> 13664.729 | M37: 주재원 주택 Deposit 2개월 분(김명관) 영수증 Scan본상 계산 잘못 됨. (14000x2+7.2=28007.2) | N37: =N36-J37+H37 -> 13664.729
A38: 44757 | B38: 은행수수료 | D38: 4 | E38: 해외지사비 | I38: 7.2 | J38: =I38/'통장내역(환율표)'!$D$33 -> 1.0727847 | K38: =K37+G38-I38 -> 91705.116 | L38: =L37+H38-J38 -> 13663.656 | N38: =N37-J38+H38 -> 13663.656
A39: 44760 | B39: 사무실 에어컨 및 전기/물 비용 | D39: 5 | E39: 해외지사비 | I39: 548.35 | J39: =I39/'통장내역(환율표)'!$D$33 -> 81.702988 | K39: =K38+G39-I39 -> 91156.766 | L39: =L38+H39-J39 -> 13581.953 | M39: 사무실 에어컨 및 전기/물 비용 | N39: =N38-J39+H39 -> 13581.953
A40: 44760 | B40: 은행수수료 | D40: 5 | E40: 해외지사비 | I40: 3.6 | J40: =I40/'통장내역(환율표)'!$D$33 -> 0.53639237 | K40: =K39+G40-I40 -> 91153.166 | L40: =L39+H40-J40 -> 13581.417 | N40: =N39-J40+H40 -> 13581.417
A41: 44760 | B41: 김명관책임 건강검진 | D41: 6 | E41: 해외지사비 | I41: 717.1 | J41: =I41/'통장내역(환율표)'!$D$33 -> 106.84638 | K41: =K40+G41-I41 -> 90436.066 | L41: =L40+H41-J41 -> 13474.57 | N41: =N40-J41+H41 -> 13474.57
A42: 44760 | B42: 김명관책임 비자발급 | D42: 6 | E42: 해외지사비 | I42: 800 | J42: =I42/'통장내역(환율표)'!$D$33 -> 119.1983 | K42: =K41+G42-I42 -> 89636.066 | L42: =L41+H42-J42 -> 13355.372 | N42: =N41-J42+H42 -> 13355.372
A43: 44760 | B43: 은행수수료 | D43: 6 | E43: 해외지사비 | I43: 3.6 | J43: =I43/'통장내역(환율표)'!$D$33 -> 0.53639237 | K43: =K42+G43-I43 -> 89632.466 | L43: =L42+H43-J43 -> 13354.836 | N43: =N42-J43+H43 -> 13354.836
A44: 44760 | B44: 주차비 | D44: 7 | E44: 여비교통비 | I44: 930 | J44: =I44/'통장내역(환율표)'!$D$33 -> 138.56803 | K44: =K43+G44-I44 -> 88702.466 | L44: =L43+H44-J44 -> 13216.267 | N44: =N43-J44+H44 -> 13216.267
A45: 44760 | B45: 주유비 | D45: 7 | E45: 여비교통비 | I45: 1531.19 | J45: =I45/'통장내역(환율표)'!$D$33 -> 228.14406 | K45: =K44+G45-I45 -> 87171.276 | L45: =L44+H45-J45 -> 12988.123 | N45: =N44-J45+H45 -> 12988.123
A46: 44760 | B46: 톨비 | D46: 7 | E46: 여비교통비 | I46: 19 | J46: =I46/'통장내역(환율표)'!$D$33 -> 2.8309597 | K46: =K45+G46-I46 -> 87152.276 | L46: =L45+H46-J46 -> 12985.292 | N46: =N45-J46+H46 -> 12985.292
A47: 44760 | B47: 은행수수료 | D47: 7 | E47: 해외지사비 | I47: 3.6 | J47: =I47/'통장내역(환율표)'!$D$33 -> 0.53639237 | K47: =K46+G47-I47 -> 87148.676 | L47: =L46+H47-J47 -> 12984.756 | N47: =N46-J47+H47 -> 12984.756
A48: 44760 | B48: 사무실 운영비(T2/T6출입증 신청, 사무비품 등) | D48: 8 | E48: 해외지사비 | I48: 641.49 | J48: =I48/'통장내역(환율표)'!$D$33 -> 95.58065 | K48: =K47+G48-I48 -> 86507.186 | L48: =L47+H48-J48 -> 12889.175 | M48: 사무실 운영비(T2/T6출입증 신청, 사무비품 등) | N48: =N47-J48+H48 -> 12889.175
A49: 44760 | B49: 은행수수료 | D49: 8 | E49: 해외지사비 | I49: 3.6 | J49: =I49/'통장내역(환율표)'!$D$33 -> 0.53639237 | K49: =K48+G49-I49 -> 86503.586 | L49: =L48+H49-J49 -> 12888.639 | N49: =N48-J49+H49 -> 12888.639
A50: 44760 | B50: 시내교통비(pan shi qiang) | D50: 9 | E50: 여비교통비 | I50: 415.08 | J50: =I50/'통장내역(환율표)'!$D$33 -> 61.84604 | K50: =K49+G50-I50 -> 86088.506 | L50: =L49+H50-J50 -> 12826.793 | M50: 시내교통비(pan shi qiang) | N50: =N49-J50+H50 -> 12826.793
A51: 44760 | B51: 은행수수료 | D51: 9 | E51: 해외지사비 | I51: 3.6 | J51: =I51/'통장내역(환율표)'!$D$33 -> 0.53639237 | K51: =K50+G51-I51 -> 86084.906 | L51: =L50+H51-J51 -> 12826.257 | N51: =N50-J51+H51 -> 12826.257
A52: 44760 | B52: 사무실운영비(명함) | D52: 10 | E52: 해외지사비 | I52: 320 | J52: =I52/'통장내역(환율표)'!$D$33 -> 47.679322 | K52: =K51+G52-I52 -> 85764.906 | L52: =L51+H52-J52 -> 12778.577 | N52: =N51-J52+H52 -> 12778.577
A53: 44760 | B53: 사무실운영비(택배비) | D53: 10 | E53: 해외지사비 | I53: 131 | J53: =I53/'통장내역(환율표)'!$D$33 -> 19.518722 | K53: =K52+G53-I53 -> 85633.906 | L53: =L52+H53-J53 -> 12759.059 | N53: =N52-J53+H53 -> 12759.059
A54: 44760 | B54: 사무실운영비(청소비) | D54: 10 | E54: 해외지사비 | I54: 300 | J54: =I54/'통장내역(환율표)'!$D$33 -> 44.699364 | K54: =K53+G54-I54 -> 85333.906 | L54: =L53+H54-J54 -> 12714.359 | N54: =N53-J54+H54 -> 12714.359
A55: 44760 | B55: 사무실 운영비(print설치비) | D55: 10 | E55: 해외지사비 | I55: 150 | J55: =I55/'통장내역(환율표)'!$D$33 -> 22.349682 | K55: =K54+G55-I55 -> 85183.906 | L55: =L54+H55-J55 -> 12692.01 | N55: =N54-J55+H55 -> 12692.01
A56: 44760 | B56: 은행수수료 | D56: 10 | E56: 해외지사비 | I56: 3.6 | J56: =I56/'통장내역(환율표)'!$D$33 -> 0.53639237 | K56: =K55+G56-I56 -> 85180.306 | L56: =L55+H56-J56 -> 12691.473 | N56: =N55-J56+H56 -> 12691.473
A57: 44760 | B57: 통신비(신순연) | D57: 11 | E57: 통신비 | F57: 기타 | I57: 500 | J57: =I57/'통장내역(환율표)'!$D$33 -> 74.49894 | K57: =K56+G57-I57 -> 84680.306 | L57: =L56+H57-J57 -> 12616.974 | N57: =N56-J57+H57 -> 12616.974
A58: 44760 | B58: 통신비(사무실 wifi비) | D58: 11 | E58: 통신비 | F58: 기타 | I58: 399 | J58: =I58/'통장내역(환율표)'!$D$33 -> 59.450154 | K58: =K57+G58-I58 -> 84281.306 | L58: =L57+H58-J58 -> 12557.524 | N58: =N57-J58+H58 -> 12557.524
A59: 44760 | B59: 은행수수료 | D59: 11 | E59: 해외지사비 | I59: 3.6 | J59: =I59/'통장내역(환율표)'!$D$33 -> 0.53639237 | K59: =K58+G59-I59 -> 84277.706 | L59: =L58+H59-J59 -> 12556.988 | N59: =N58-J59+H59 -> 12556.988
A60: 44760 | B60: 업무추진비 | D60: 12 | E60: 업무추진비 | F60: 일반 | I60: 983 | J60: 146.47 | K60: =K59+G60-I60 -> 83294.706 | L60: =L59+H60-J60 -> 12410.518 | M60: 업무추진비 | N60: =N59-J60+H60 -> 12410.518
A61: 44760 | B61: 은행수수료 | D61: 12 | E61: 해외지사비 | I61: 3.6 | J61: =I61/'통장내역(환율표)'!$D$33 -> 0.53639237 | K61: =K60+G61-I61 -> 83291.106 | L61: =L60+H61-J61 -> 12409.981 | N61: =N60-J61+H61 -> 12409.981
A62: 44760 | B62: 시내교통비(신순연) | D62: 13 | E62: 여비교통비 | I62: 1260.42 | J62: =I62/'통장내역(환율표)'!$D$33 -> 187.79991 | K62: =K61+G62-I62 -> 82030.686 | L62: =L61+H62-J62 -> 12222.181 | M62: 시내교통비(신순연) | N62: =N61-J62+H62 -> 12222.181
A63: 44760 | B63: 은행수수료 | D63: 13 | E63: 해외지사비 | I63: 3.6 | J63: =I63/'통장내역(환율표)'!$D$33 -> 0.53639237 | K63: =K62+G63-I63 -> 82027.086 | L63: =L62+H63-J63 -> 12221.645 | N63: =N62-J63+H63 -> 12221.645
A64: 44760 | B64: 사무실 임대료 | D64: 14 | E64: 지급임차료 | F64: 사무실관리 | I64: 19440 | J64: =I64/'통장내역(환율표)'!$D$33 -> 2896.5188 | K64: =K63+G64-I64 -> 62587.086 | L64: =L63+H64-J64 -> 9325.1261 | M64: 사무실 임대료 | N64: =N63-J64+H64 -> 9325.1261
A65: 44760 | B65: 은행수수료 | D65: 14 | E65: 해외지사비 | I65: 7.2 | J65: =I65/'통장내역(환율표)'!$D$33 -> 1.0727847 | K65: =K64+G65-I65 -> 62579.886 | L65: =L64+H65-J65 -> 9324.0534 | N65: =N64-J65+H65 -> 9324.0534
A66: 44760 | B66: 차량 Rent비 | D66: 15 | E66: 지급임차료 | F66: 차량임차료 | I66: 16500 | J66: =I66/'통장내역(환율표)'!$D$33 -> 2458.465 | K66: =K65+G66-I66 -> 46079.886 | L66: =L65+H66-J66 -> 6865.5883 | M66: 차량 Rent비 | N66: =N65-J66+H66 -> 6865.5883
A67: 44760 | B67: 은행수수료 | D67: 15 | E67: 해외지사비 | I67: 7.2 | J67: =I67/'통장내역(환율표)'!$D$33 -> 1.0727847 | K67: =K66+G67-I67 -> 46072.686 | L67: =L66+H67-J67 -> 6864.5155 | N67: =N66-J67+H67 -> 6864.5155
A68: 44760 | B68: 세무대행비 | D68: 16 | E68: 해외지사비 | I68: 1000 | J68: =I68/'통장내역(환율표)'!$D$33 -> 148.99788 | K68: =K67+G68-I68 -> 45072.686 | L68: =L67+H68-J68 -> 6715.5177 | M68: 세무대행비 | N68: =N67-J68+H68 -> 6715.5177
A69: 44760 | B69: 은행수수료 | D69: 16 | E69: 해외지사비 | I69: 3.6 | J69: =I69/'통장내역(환율표)'!$D$33 -> 0.53639237 | K69: =K68+G69-I69 -> 45069.086 | L69: =L68+H69-J69 -> 6714.9813 | N69: =N68-J69+H69 -> 6714.9813
A70: 44760 | B70: 김명관 통신비 | D70: 17 | E70: 통신비 | F70: 기타 | I70: 900 | J70: =I70/'통장내역(환율표)'!$D$33 -> 134.09809 | K70: =K69+G70-I70 -> 44169.086 | L70: =L69+H70-J70 -> 6580.8832 | M70: 김명관 통신비 | N70: =N69-J70+H70 -> 6580.8832
A71: 44760 | B71: 은행수수료 | D71: 17 | E71: 해외지사비 | I71: 3.6 | J71: =I71/'통장내역(환율표)'!$D$33 -> 0.53639237 | K71: =K70+G71-I71 -> 44165.486 | L71: =L70+H71-J71 -> 6580.3468 | N71: =N70-J71+H71 -> 6580.3468
A72: 44760 | B72: 업무추진비(6월분) | D72: 18 | E72: 업무추진비 | F72: 일반 | I72: 3724.69 | J72: =I72/'통장내역(환율표)'!$D$33 -> 554.97091 | K72: =K71+G72-I72 -> 40440.796 | L72: =L71+H72-J72 -> 6025.3759 | M72: 업무추진비(6월분) | N72: =N71-J72+H72 -> 6025.3759
A73: 44760 | B73: 은행수수료 | D73: 18 | E73: 해외지사비 | I73: 3.6 | J73: =I73/'통장내역(환율표)'!$D$33 -> 0.53639237 | K73: =K72+G73-I73 -> 40437.196 | L73: =L72+H73-J73 -> 6024.8395 | N73: =N72-J73+H73 -> 6024.8395
A74: 44763 | B74: 여비교통비(김명관 책임 7월 호텔 투숙비) | D74: 19 | E74: 여비교통비 | I74: 24149.91 | J74: =I74/'통장내역(환율표)'!$D$33 -> 3598.2854 | K74: =K73+G74-I74 -> 16287.286 | L74: =L73+H74-J74 -> 2426.5541 | M74: 여비교통비(김명관 책임 7월 호텔 투숙비) | N74: =N73-J74+H74 -> 2426.5541
A75: 44763 | B75: 은행수수료 | D75: 19 | E75: 해외지사비 | I75: 7.2 | J75: =I75/'통장내역(환율표)'!$D$33 -> 1.0727847 | K75: =K74+G75-I75 -> 16280.086 | L75: =L74+H75-J75 -> 2425.4813 | N75: =N74-J75+H75 -> 2425.4813

Sheet 내역_22.07 (수정)
A1: 7월 전도금 사용 내역 | K1: 100066029
A2: 6/10 송금 환율(1,257.6) | E2: 100041588 | G2: 7/10 송금 환율(1,299.3) | K2: 100041589 | L2: 1200000696
A3: 대계정 | B3: 소계정 | C3: 금액 (RMB) | D3: 금액 (USD) | E3: 금액 (KRW) | G3: 대계정 | H3: 소계정 | I3: 금액 (RMB) | J3: 금액 (USD) | K3: 금액 (KRW)
A4: 소모품비 | G4: 소모품비
A5: 업무추진비 | B5: 일반 | F5: 51131050 | G5: 업무추진비 | H5: 일반 | I5: 4707.69 | J5: 701.44 | K5: 911381 | L5: =K5+E5 -> 911381
A6: 여비교통비 | B6: 해외 | F6: 51061030 | G6: 여비교통비 | H6: 해외 | I6: 28305.6 | J6: 4217.4744 | K6: 5479759 | L6: =K6+E6 -> 5479759
A7: 지급임차료 | B7: 사무실관리 | F7: 51201020 | G7: 지급임차료 | H7: 사무실관리 | I7: 19440 | J7: 2896.5188 | K7: 3763448 | L7: =K7+E7 -> 3763448
A8: 지급임차료 | B8: 차량임차료 | F8: 51201030 | G8: 지급임차료 | H8: 차량임차료 | I8: 16500 | J8: 2458.465 | K8: 3194290 | L8: =K8+E8 -> 3194290
A9: 통신비 | B9: 기타 | F9: 51071700 | G9: 통신비 | H9: 기타 | I9: 1799 | J9: 268.04719 | K9: 348277 | L9: =K9+E9 -> 348277
A10: 해외지사비 | C10: 719.1937 | D10: 107.30071 | E10: 134940 | F10: 51321010 | G10: 해외지사비 | I10: 124976.29 | J10: 18647.202 | K10: 24228307 | L10: =K10+E10 -> 24363247
A11: 보증금 | F11: 13081010 | G11: 보증금 | I11: 28000 | J11: 4171.9406
A12: Total | C12: =SUM(C4:C11) -> 719.1937 | D12: =SUM(D4:D11) -> 107.30071 | E12: =SUM(E4:E11) -> 134940 | F12: 52981010 | G12: Total | I12: =SUM(I4:I11) -> 223728.58 | J12: =SUM(J4:J11) -> 33361.088 | K12: =SUM(K4:K10) -> 37925462
C13: =C12+I12 -> 224447.77 | D13: =D12+J12 -> 33468.388 | E13: =E12+K12 -> 38060402
A14: 보증금 | B14: 13081010 | H14: =SUBTOTAL(9,H17:H74) -> 35786.57 | I14: =SUBTOTAL(9,I17:I75) -> 224447.77 | J14: =SUBTOTAL(9,J17:J75) -> 33468.129
A15: 날짜 | B15: 내역 | D15: 증빙번호 | E15: 대계정 | F15: 소계정 | G15: 입금 | I15: 출금 | K15: 잔액 | M15: 비고
G16: RMB | H16: USD | I16: RMB | J16: USD | K16: RMB | L16: USD
A17: 44742 | B17: 기존 잔고 | K17: 720.61599 | L17: 107.30071 | N17: 107.30071
A18: 44754 | B18: 입금 | D18: 1 | G18: 240007.24 | H18: 35786.57 | K18: =K17+G18-I18 -> 240727.86 | L18: =L17+H18-J18 -> 35893.871 | M18: 입금
A19: 44754 | B19: 송금수수료 | E19: 해외지사비 | J19: 26 | K19: =K18+G19-I19 -> 240727.86 | L19: =L18+H19-J19 -> 35867.871
A20: 44756 | B20: 사무실 운영세금(4,5,6월분 7월 납부)_6월 환율 | D20: 2 | E20: 해외지사비 | I20: =J20*'통장내역(환율표)'!$D$25 -> 720.94226 | J20: 107.30071 | K20: =K19+G20-I20 -> 240006.91 | L20: =L19+H20-J20 -> 35760.57 | M20: 사무실 운영세금(4,5,6월분 7월 납부)
A21: 44756 | B21: 사무실 운영세금(4,5,6월분 7월 납부)_7월 환율 | D21: 2 | E21: 해외지사비 | I21: =11384.02-I20 -> 10663.078 | J21: =I21/'통장내역(환율표)'!$D$33 -> 1588.776 | K21: =K20+G21-I21 -> 229343.84 | L21: =L20+H21-J21 -> 34171.794 | N21: =35760.57-J21 -> 34171.794
A22: 44757 | B22: 주재원 대행 수수료 | D22: 3 | E22: 해외지사비 | I22: 300 | J22: =I22/'통장내역(환율표)'!$D$33 -> 44.699364 | K22: =K21+G22-I22 -> 229043.84 | L22: =L21+H22-J22 -> 34127.095 | M22: 신순연 | N22: =N21-J22+H22 -> 34127.095
A23: 44757 | B23: 주재원 5대보험 | D23: 3 | E23: 해외지사비 | I23: 7707.43 | J23: =I23/'통장내역(환율표)'!$D$33 -> 1148.3907 | K23: =K22+G23-I23 -> 221336.41 | L23: =L22+H23-J23 -> 32978.704 | M23: 신순연 | N23: =N22-J23+H23 -> 32978.704
A24: 44757 | B24: 주재원 개인소득세 | D24: 3 | E24: 해외지사비 | I24: 4778.34 | J24: =I24/'통장내역(환율표)'!$D$33 -> 711.96253 | K24: =K23+G24-I24 -> 216558.07 | L24: =L23+H24-J24 -> 32266.741 | M24: 신순연 | N24: =N23-J24+H24 -> 32266.741
A25: 44757 | B25: 주재원 수당 | D25: 3 | E25: 해외지사비 | I25: 13500 | J25: =I25/'통장내역(환율표)'!$D$33 -> 2011.4714 | K25: =K24+G25-I25 -> 203058.07 | L25: =L24+H25-J25 -> 30255.27 | M25: 신순연 | N25: =N24-J25+H25 -> 30255.27
A26: 44757 | B26: 주재원 주택 수당 | D26: 3 | E26: 해외지사비 | I26: 20000 | J26: =I26/'통장내역(환율표)'!$D$33 -> 2979.9576 | K26: =K25+G26-I26 -> 183058.07 | L26: =L25+H26-J26 -> 27275.312 | M26: 신순연 | N26: =N25-J26+H26 -> 27275.312
A27: 44757 | B27: 주재원 대행 수수료 | D27: 3 | E27: 해외지사비 | I27: 300 | J27: =I27/'통장내역(환율표)'!$D$33 -> 44.699364 | K27: =K26+G27-I27 -> 182758.07 | L27: =L26+H27-J27 -> 27230.613 | M27: 김명관 | N27: =N26-J27+H27 -> 27230.613
A28: 44757 | B28: 주재원 5대보험 | D28: 3 | E28: 해외지사비 | I28: 634.29 | J28: =I28/'통장내역(환율표)'!$D$33 -> 94.507865 | K28: =K27+G28-I28 -> 182123.78 | L28: =L27+H28-J28 -> 27136.105 | M28: 김명관 | N28: =N27-J28+H28 -> 27136.105
A29: 44757 | B29: 주재원 개인소득세 | D29: 3 | E29: 해외지사비 | I29: 4332.43 | J29: =I29/'통장내역(환율표)'!$D$33 -> 645.52289 | K29: =K28+G29-I29 -> 177791.35 | L29: =L28+H29-J29 -> 26490.582 | M29: 김명관 | N29: =N28-J29+H29 -> 26490.582
A30: 44757 | B30: 주재원 수당 | D30: 3 | E30: 해외지사비 | I30: 13500 | J30: =I30/'통장내역(환율표)'!$D$33 -> 2011.4714 | K30: =K29+G30-I30 -> 164291.35 | L30: =L29+H30-J30 -> 24479.111 | M30: 김명관 | N30: =N29-J30+H30 -> 24479.111
A31: 44757 | B31: 주재원 주택 수당 | D31: 3 | E31: 해외지사비 | I31: 14000 | J31: =I31/'통장내역(환율표)'!$D$33 -> 2085.9703 | K31: =K30+G31-I31 -> 150291.35 | L31: =L30+H31-J31 -> 22393.141 | M31: 김명관 | N31: =N30-J31+H31 -> 22393.141
A32: 44757 | B32: 주재원 대행 수수료 | D32: 3 | E32: 해외지사비 | I32: 300 | J32: =I32/'통장내역(환율표)'!$D$33 -> 44.699364 | K32: =K31+G32-I32 -> 149991.35 | L32: =L31+H32-J32 -> 22348.441 | M32: 현채인 | N32: =N31-J32+H32 -> 22348.441
A33: 44757 | B33: 주재원 5대보험 | D33: 3 | E33: 해외지사비 | I33: 501.68 | J33: =I33/'통장내역(환율표)'!$D$33 -> 74.749257 | K33: =K32+G33-I33 -> 149489.67 | L33: =L32+H33-J33 -> 22273.692 | M33: 현채인 | N33: =N32-J33+H33 -> 22273.692
... A35: 44757 | B35: 주재원 수당 | D35: 3 | E35: 해외지사비 | I35: 21220.91 | J35: =I35/'통장내역(환율표)'!$D$33 -> 3161.8706 | K35: =K34+G35-I35 -> 119724.32 | L35: =L34+H35-J35 -> 17838.718 | M35: 현채인 | N35: =N34-J35+H35 -> 17838.718
A36: 44757 | B36: 은행수수료 | D36: 3 | E36: 해외지사비 | I36: 12 | J36: =I36/'통장내역(환율표)'!$D$33 -> 1.7879746 | K36: =K35+G36-I36 -> 119712.32 | L36: =L35+H36-J36 -> 17836.93 | N36: =N35-J36+H36 -> 17836.93
A37: 44757 | B37: 주재원 주택 Deposit 2개월 분(김명관) | D37: 4 | E37: 보증금 | I37: 28000 | J37: =I37/'통장내역(환율표)'!$D$33 -> 4171.9406 | K37: =K36+G37-I37 -> 91712.316 | L37: =L36+H37-J37 -> 13664.989 | M37: 주재원 주택 Deposit 2개월 분(김명관) 영수증 Scan본상 계산 잘못 됨. (14000x2+7.2=28007.2) | N37: =N36-J37+H37 -> 13664.989
A38: 44757 | B38: 은행수수료 | D38: 4 | E38: 해외지사비 | I38: 7.2 | J38: =I38/'통장내역(환율표)'!$D$33 -> 1.0727847 | K38: =K37+G38-I38 -> 91705.116 | L38: =L37+H38-J38 -> 13663.917 | N38: =N37-J38+H38 -> 13663.917
A39: 44760 | B39: 사무실 에어컨 및 전기/물 비용 | D39: 5 | E39: 해외지사비 | I39: 548.35 | J39: =I39/'통장내역(환율표)'!$D$33 -> 81.702988 | K39: =K38+G39-I39 -> 91156.766 | L39: =L38+H39-J39 -> 13582.214 | M39: 사무실 에어컨 및 전기/물 비용 | N39: =N38-J39+H39 -> 13582.214
A40: 44760 | B40: 은행수수료 | D40: 5 | E40: 해외지사비 | I40: 3.6 | J40: =I40/'통장내역(환율표)'!$D$33 -> 0.53639237 | K40: =K39+G40-I40 -> 91153.166 | L40: =L39+H40-J40 -> 13581.677 | N40: =N39-J40+H40 -> 13581.677
A41: 44760 | B41: 김명관책임 건강검진 | D41: 6 | E41: 해외지사비 | I41: 717.1 | J41: =I41/'통장내역(환율표)'!$D$33 -> 106.84638 | K41: =K40+G41-I41 -> 90436.066 | L41: =L40+H41-J41 -> 13474.831 | N41: =N40-J41+H41 -> 13474.831
A42: 44760 | B42: 김명관책임 비자발급 | D42: 6 | E42: 해외지사비 | I42: 800 | J42: =I42/'통장내역(환율표)'!$D$33 -> 119.1983 | K42: =K41+G42-I42 -> 89636.066 | L42: =L41+H42-J42 -> 13355.632 | N42: =N41-J42+H42 -> 13355.632
A43: 44760 | B43: 은행수수료 | D43: 6 | E43: 해외지사비 | I43: 3.6 | J43: =I43/'통장내역(환율표)'!$D$33 -> 0.53639237 | K43: =K42+G43-I43 -> 89632.466 | L43: =L42+H43-J43 -> 13355.096 | N43: =N42-J43+H43 -> 13355.096
A44: 44760 | B44: 주차비 | D44: 7 | E44: 여비교통비 | I44: 930 | J44: =I44/'통장내역(환율표)'!$D$33 -> 138.56803 | K44: =K43+G44-I44 -> 88702.466 | L44: =L43+H44-J44 -> 13216.528 | N44: =N43-J44+H44 -> 13216.528
A45: 44760 | B45: 주유비 | D45: 7 | E45: 여비교통비 | I45: 1531.19 | J45: =I45/'통장내역(환율표)'!$D$33 -> 228.14406 | K45: =K44+G45-I45 -> 87171.276 | L45: =L44+H45-J45 -> 12988.384 | N45: =N44-J45+H45 -> 12988.384
A46: 44760 | B46: 톨비 | D46: 7 | E46: 여비교통비 | I46: 19 | J46: =I46/'통장내역(환율표)'!$D$33 -> 2.8309597 | K46: =K45+G46-I46 -> 87152.276 | L46: =L45+H46-J46 -> 12985.553 | N46: =N45-J46+H46 -> 12985.553
A47: 44760 | B47: 은행수수료 | D47: 7 | E47: 해외지사비 | I47: 3.6 | J47: =I47/'통장내역(환율표)'!$D$33 -> 0.53639237 | K47: =K46+G47-I47 -> 87148.676 | L47: =L46+H47-J47 -> 12985.017 | N47: =N46-J47+H47 -> 12985.017
A48: 44760 | B48: 사무실 운영비(T2/T6출입증 신청, 사무비품 등) | D48: 8 | E48: 해외지사비 | I48: 641.49 | J48: =I48/'통장내역(환율표)'!$D$33 -> 95.58065 | K48: =K47+G48-I48 -> 86507.186 | L48: =L47+H48-J48 -> 12889.436 | M48: 사무실 운영비(T2/T6출입증 신청, 사무비품 등) | N48: =N47-J48+H48 -> 12889.436
A49: 44760 | B49: 은행수수료 | D49: 8 | E49: 해외지사비 | I49: 3.6 | J49: =I49/'통장내역(환율표)'!$D$33 -> 0.53639237 | K49: =K48+G49-I49 -> 86503.586 | L49: =L48+H49-J49 -> 12888.9 | N49: =N48-J49+H49 -> 12888.9
A50: 44760 | B50: 시내교통비(pan shi qiang) | D50: 9 | E50: 여비교통비 | I50: 415.08 | J50: =I50/'통장내역(환율표)'!$D$33 -> 61.84604 | K50: =K49+G50-I50 -> 86088.506 | L50: =L49+H50-J50 -> 12827.054 | M50: 시내교통비(pan shi qiang) | N50: =N49-J50+H50 -> 12827.054
A51: 44760 | B51: 은행수수료 | D51: 9 | E51: 해외지사비 | I51: 3.6 | J51: =I51/'통장내역(환율표)'!$D$33 -> 0.53639237 | K51: =K50+G51-I51 -> 86084.906 | L51: =L50+H51-J51 -> 12826.517 | N51: =N50-J51+H51 -> 12826.517
A52: 44760 | B52: 사무실운영비(명함) | D52: 10 | E52: 해외지사비 | I52: 320 | J52: =I52/'통장내역(환율표)'!$D$33 -> 47.679322 | K52: =K51+G52-I52 -> 85764.906 | L52: =L51+H52-J52 -> 12778.838 | N52: =N51-J52+H52 -> 12778.838
A53: 44760 | B53: 사무실운영비(택배비) | D53: 10 | E53: 해외지사비 | I53: 131 | J53: =I53/'통장내역(환율표)'!$D$33 -> 19.518722 | K53: =K52+G53-I53 -> 85633.906 | L53: =L52+H53-J53 -> 12759.319 | N53: =N52-J53+H53 -> 12759.319
A54: 44760 | B54: 사무실운영비(청소비) | D54: 10 | E54: 해외지사비 | I54: 300 | J54: =I54/'통장내역(환율표)'!$D$33 -> 44.699364 | K54: =K53+G54-I54 -> 85333.906 | L54: =L53+H54-J54 -> 12714.62 | N54: =N53-J54+H54 -> 12714.62
A55: 44760 | B55: 사무실 운영비(print설치비) | D55: 10 | E55: 해외지사비 | I55: 150 | J55: =I55/'통장내역(환율표)'!$D$33 -> 22.349682 | K55: =K54+G55-I55 -> 85183.906 | L55: =L54+H55-J55 -> 12692.27 | N55: =N54-J55+H55 -> 12692.27
A56: 44760 | B56: 은행수수료 | D56: 10 | E56: 해외지사비 | I56: 3.6 | J56: =I56/'통장내역(환율표)'!$D$33 -> 0.53639237 | K56: =K55+G56-I56 -> 85180.306 | L56: =L55+H56-J56 -> 12691.734 | N56: =N55-J56+H56 -> 12691.734
A57: 44760 | B57: 통신비(신순연) | D57: 11 | E57: 통신비 | F57: 기타 | I57: 500 | J57: =I57/'통장내역(환율표)'!$D$33 -> 74.49894 | K57: =K56+G57-I57 -> 84680.306 | L57: =L56+H57-J57 -> 12617.235 | N57: =N56-J57+H57 -> 12617.235
A58: 44760 | B58: 통신비(사무실 wifi비) | D58: 11 | E58: 통신비 | F58: 기타 | I58: 399 | J58: =I58/'통장내역(환율표)'!$D$33 -> 59.450154 | K58: =K57+G58-I58 -> 84281.306 | L58: =L57+H58-J58 -> 12557.785 | N58: =N57-J58+H58 -> 12557.785
A59: 44760 | B59: 은행수수료 | D59: 11 | E59: 해외지사비 | I59: 3.6 | J59: =I59/'통장내역(환율표)'!$D$33 -> 0.53639237 | K59: =K58+G59-I59 -> 84277.706 | L59: =L58+H59-J59 -> 12557.248 | N59: =N58-J59+H59 -> 12557.248
A60: 44760 | B60: 업무추진비 | D60: 12 | E60: 업무추진비 | F60: 일반 | I60: 983 | J60: 146.47 | K60: =K59+G60-I60 -> 83294.706 | L60: =L59+H60-J60 -> 12410.778 | M60: 업무추진비 | N60: =N59-J60+H60 -> 12410.778
A61: 44760 | B61: 은행수수료 | D61: 12 | E61: 해외지사비 | I61: 3.6 | J61: =I61/'통장내역(환율표)'!$D$33 -> 0.53639237 | K61: =K60+G61-I61 -> 83291.106 | L61: =L60+H61-J61 -> 12410.242 | N61: =N60-J61+H61 -> 12410.242
A62: 44760 | B62: 시내교통비(신순연) | D62: 13 | E62: 여비교통비 | I62: 1260.42 | J62: =I62/'통장내역(환율표)'!$D$33 -> 187.79991 | K62: =K61+G62-I62 -> 82030.686 | L62: =L61+H62-J62 -> 12222.442 | M62: 시내교통비(신순연) | N62: =N61-J62+H62 -> 12222.442
A63: 44760 | B63: 은행수수료 | D63: 13 | E63: 해외지사비 | I63: 3.6 | J63: =I63/'통장내역(환율표)'!$D$33 -> 0.53639237 | K63: =K62+G63-I63 -> 82027.086 | L63: =L62+H63-J63 -> 12221.905 | N63: =N62-J63+H63 -> 12221.905
A64: 44760 | B64: 사무실 임대료 | D64: 14 | E64: 지급임차료 | F64: 사무실관리 | I64: 19440 | J64: =I64/'통장내역(환율표)'!$D$33 -> 2896.5188 | K64: =K63+G64-I64 -> 62587.086 | L64: =L63+H64-J64 -> 9325.3867 | M64: 사무실 임대료 | N64: =N63-J64+H64 -> 9325.3867
A65: 44760 | B65: 은행수수료 | D65: 14 | E65: 해외지사비 | I65: 7.2 | J65: =I65/'통장내역(환율표)'!$D$33 -> 1.0727847 | K65: =K64+G65-I65 -> 62579.886 | L65: =L64+H65-J65 -> 9324.3139 | N65: =N64-J65+H65 -> 9324.3139
A66: 44760 | B66: 차량 Rent비 | D66: 15 | E66: 지급임차료 | F66: 차량임차료 | I66: 16500 | J66: =I66/'통장내역(환율표)'!$D$33 -> 2458.465 | K66: =K65+G66-I66 -> 46079.886 | L66: =L65+H66-J66 -> 6865.8489 | M66: 차량 Rent비 | N66: =N65-J66+H66 -> 6865.8489
A67: 44760 | B67: 은행수수료 | D67: 15 | E67: 해외지사비 | I67: 7.2 | J67: =I67/'통장내역(환율표)'!$D$33 -> 1.0727847 | K67: =K66+G67-I67 -> 46072.686 | L67: =L66+H67-J67 -> 6864.7761 | N67: =N66-J67+H67 -> 6864.7761
A68: 44760 | B68: 세무대행비 | D68: 16 | E68: 해외지사비 | I68: 1000 | J68: =I68/'통장내역(환율표)'!$D$33 -> 148.99788 | K68: =K67+G68-I68 -> 45072.686 | L68: =L67+H68-J68 -> 6715.7782 | M68: 세무대행비 | N68: =N67-J68+H68 -> 6715.7782
A69: 44760 | B69: 은행수수료 | D69: 16 | E69: 해외지사비 | I69: 3.6 | J69: =I69/'통장내역(환율표)'!$D$33 -> 0.53639237 | K69: =K68+G69-I69 -> 45069.086 | L69: =L68+H69-J69 -> 6715.2418 | N69: =N68-J69+H69 -> 6715.2418
A70: 44760 | B70: 김명관 통신비 | D70: 17 | E70: 통신비 | F70: 기타 | I70: 900 | J70: =I70/'통장내역(환율표)'!$D$33 -> 134.09809 | K70: =K69+G70-I70 -> 44169.086 | L70: =L69+H70-J70 -> 6581.1437 | M70: 김명관 통신비 | N70: =N69-J70+H70 -> 6581.1437
A71: 44760 | B71: 은행수수료 | D71: 17 | E71: 해외지사비 | I71: 3.6 | J71: =I71/'통장내역(환율표)'!$D$33 -> 0.53639237 | K71: =K70+G71-I71 -> 44165.486 | L71: =L70+H71-J71 -> 6580.6073 | N71: =N70-J71+H71 -> 6580.6073
A72: 44760 | B72: 업무추진비(6월분) | D72: 18 | E72: 업무추진비 | F72: 일반 | I72: 3724.69 | J72: =I72/'통장내역(환율표)'!$D$33 -> 554.97091 | K72: =K71+G72-I72 -> 40440.796 | L72: =L71+H72-J72 -> 6025.6364 | M72: 업무추진비(6월분) | N72: =N71-J72+H72 -> 6025.6364
A73: 44760 | B73: 은행수수료 | D73: 18 | E73: 해외지사비 | I73: 3.6 | J73: =I73/'통장내역(환율표)'!$D$33 -> 0.53639237 | K73: =K72+G73-I73 -> 40437.196 | L73: =L72+H73-J73 -> 6025.1 | N73: =N72-J73+H73 -> 6025.1
A74: 44763 | B74: 여비교통비(김명관 책임 7월 호텔 투숙비) | D74: 19 | E74: 여비교통비 | I74: 24149.91 | J74: =I74/'통장내역(환율표)'!$D$33 -> 3598.2854 | K74: =K73+G74-I74 -> 16287.286 | L74: =L73+H74-J74 -> 2426.8146 | M74: 여비교통비(김명관 책임 7월 호텔 투숙비) | N74: =N73-J74+H74 -> 2426.8146
A75: 44763 | B75: 은행수수료 | D75: 19 | E75: 해외지사비 | I75: 7.2 | J75: =I75/'통장내역(환율표)'!$D$33 -> 1.0727847 | K75: =K74+G75-I75 -> 16280.086 | L75: =L74+H75-J75 -> 2425.7418 | N75: =N74-J75+H75 -> 2425.7418

Sheet 내역_22.08
A1: 8월 전도금 사용 내역 | K1: 100066029
A2: 7/10 송금 환율(1,299.3) | E2: 100048802 | G2: 8/10 송금 환율(1305.1) | K2: 100048803 | L2: 1200000696
A3: 대계정 | B3: 소계정 | C3: 금액 (RMB) | D3: 금액 (USD) | E3: 금액 (KRW) | G3: 대계정 | H3: 소계정 | I3: 금액 (RMB) | J3: 금액 (USD) | K3: 금액 (KRW)
A4: 소모품비 | G4: 소모품비
A5: 업무추진비 | B5: 일반 | F5: 51131050 | G5: 업무추진비 | H5: 일반 | I5: 3453 | J5: 513.94055 | K5: 670743 | L5: =K5+E5 -> 670743
A6: 여비교통비 | B6: 해외 | F6: 51061030 | G6: 여비교통비 | H6: 해외 | I6: 12434.15 | J6: 1850.6846 | K6: 2415322 | L6: =K6+E6 -> 2415322
A7: 지급임차료 | B7: 사무실관리 | F7: 51201020 | G7: 지급임차료 | H7: 사무실관리 | I7: 19440 | J7: 2893.4273 | K7: 3776215 | L7: =K7+E7 -> 3776215
A8: 지급임차료 | B8: 차량임차료 | F8: 51201030 | G8: 지급임차료 | H8: 차량임차료 | I8: 16500 | J8: 2455.841 | K8: 3205117 | L8: =K8+E8 -> 3205117
A9: 통신비 | B9: 기타 | F9: 51071700 | G9: 통신비 | H9: 기타 | I9: 997.6 | J9: 148.48164 | K9: 193781 | L9: =K9+E9 -> 193781
A10: 해외지사비 | C10: 16280.375 | D10: 2425.7413 | E10: 3151764 | F10: 51321010 | G10: 해외지사비 | I10: 105948.8 | J10: 15795.297 | K10: 20614446 | L10: =K10+E10 -> 23766210
A11: 보증금 | F11: 13081010 | G11: 보증금
A12: Total | C12: =SUM(C4:C11) -> 16280.375 | D12: =SUM(D4:D11) -> 2425.7413 | E12: =SUM(E4:E11) -> 3151764 | F12: 52981010 | G12: Total | I12: =SUM(I4:I11) -> 158773.55 | J12: =SUM(J4:J11) -> 23657.672 | K12: =SUM(K4:K10) -> 30875624
C13: =C12+I12 -> 175053.92 | D13: =D12+J12 -> 26083.413 | E13: =E12+K12 -> 34027388 | K13: 16280.086 | L13: 2425.7418
A14: 보증금 | B14: 13081010 | H14: =SUBTOTAL(9,H17:H67) -> 23964.2 | I14: =SUBTOTAL(9,I17:I67) -> 175053.92 | J14: =SUBTOTAL(9,J17:J67) -> 26083.413
A15: 날짜 | B15: 내역 | D15: 증빙번호 | E15: 대계정 | F15: 소계정 | G15: 입금 | I15: 출금 | K15: 잔액 | M15: 비고
G16: RMB | H16: USD | I16: RMB | J16: USD | K16: RMB | L16: USD
A17: 44742 | B17: 기존 잔고 | E17: 잡이익 | K17: 16280.086 | L17: 2425.4813 | N17: 2425.4813
B18: 7월 환율 차이 | E18: 해외지사비 | H18: 0.26 | K18: =K17+G18-I18 -> 16280.086 | L18: =L17+H18-J18 -> 2425.7413 | N18: =N17-J18+H18 -> 2425.7413
A19: 44784 | B19: 입금 | D19: 1 | G19: 160831.26 | H19: 23963.94 | K19: =K18+G19-I19 -> 177111.35 | L19: =L18+H19-J19 -> 26389.681 | M19: 입금
A20: 44784 | B20: 송금수수료 | E20: 해외지사비 | J20: 26 | K20: =K19+G20-I20 -> 177111.35 | L20: =L19+H20-J20 -> 26363.681
A21: 44793 | B21: 주재원 대행 수수료 | D21: 2 | E21: 해외지사비 | I21: 300 | J21: =I21/'통장내역(환율표)'!$D$33 -> 44.699364 | K21: =K20+G21-I21 -> 176811.35 | L21: =L20+H21-J21 -> 26318.982 | M21: 신순연 | N21: =N18-J21+H21 -> 2381.0419
A22: 44793 | B22: 주재원 5대보험 | D22: 2 | E22: 해외지사비 | I22: 7707.43 | J22: =I22/'통장내역(환율표)'!$D$33 -> 1148.3907 | K22: =K21+G22-I22 -> 169103.92 | L22: =L21+H22-J22 -> 25170.591 | M22: 신순연 | N22: =N21-J22+H22 -> 1232.6512
A23: 44793 | B23: 주재원 개인소득세 | D23: 2 | E23: 해외지사비 | I23: 5104.58 | J23: =I23/'통장내역(환율표)'!$D$33 -> 760.5716 | K23: =K22+G23-I23 -> 163999.34 | L23: =L22+H23-J23 -> 24410.02 | M23: 신순연 | N23: =N22-J23+H23 -> 472.0796
A24: 44793 | B24: 주재원 수당_7월 | D24: 2 | E24: 해외지사비 | I24: =J24*'통장내역(환율표)'!$D$33 -> 3168.3646 | J24: 472.0796 | K24: =K23+G24-I24 -> 160830.97 | L24: =L23+H24-J24 -> 23937.94 | M24: 신순연 | N24: =N23-J24 -> 0
A25: 44793 | B25: 주재원 수당_8월 | D25: 2 | E25: 해외지사비 | I25: =13500-I24 -> 10331.635 | J25: =I25/'통장내역(환율표)'!$D$41 -> 1537.7488 | K25: =K24+G25-I25 -> 150499.34 | L25: =L24+H25-J25 -> 22400.191 | N25: =23937.94-J25 -> 22400.191
A26: 44793 | B26: 주재원 주택 수당 | D26: 2 | E26: 해외지사비 | I26: 20000 | J26: =I26/'통장내역(환율표)'!$D$41 -> 2976.777 | K26: =K25+G26-I26 -> 130499.34 | L26: =L25+H26-J26 -> 19423.414 | M26: 신순연 | N26: =N25-J26 -> 19423.414
A27: 44793 | B27: 주재원 대행 수수료 | D27: 2 | E27: 해외지사비 | I27: 300 | J27: =I27/'통장내역(환율표)'!$D$41 -> 44.651655 | K27: =K26+G27-I27 -> 130199.34 | L27: =L26+H27-J27 -> 19378.763 | M27: 김명관 | N27: =N26-J27 -> 19378.763
A28: 44793 | B28: 주재원 5대보험 | D28: 2 | E28: 해외지사비 | I28: 4332.43 | J28: =I28/'통장내역(환율표)'!$D$41 -> 644.8339 | K28: =K27+G28-I28 -> 125866.91 | L28: =L27+H28-J28 -> 18733.929 | M28: 김명관 | N28: =N27-J28 -> 18733.929
A29: 44793 | B29: 주재원 개인소득세 | D29: 2 | E29: 해외지사비 | I29: 2071.79 | J29: =I29/'통장내역(환율표)'!$D$41 -> 308.36284 | K29: =K28+G29-I29 -> 123795.12 | L29: =L28+H29-J29 -> 18425.566 | M29: 김명관 | N29: =N28-J29 -> 18425.566
A30: 44793 | B30: 주재원 수당 | D30: 2 | E30: 해외지사비 | I30: 13500 | J30: =I30/'통장내역(환율표)'!$D$41 -> 2009.3245 | K30: =K29+G30-I30 -> 110295.12 | L30: =L29+H30-J30 -> 16416.241 | M30: 김명관 | N30: =N29-J30 -> 16416.241
A31: 44793 | B31: 주재원 주택 수당 | D31: 2 | E31: 해외지사비 | I31: 14000 | J31: =I31/'통장내역(환율표)'!$D$41 -> 2083.7439 | K31: =K30+G31-I31 -> 96295.116 | L31: =L30+H31-J31 -> 14332.497 | M31: 김명관 | N31: =N30-J31 -> 14332.497
A32: 44793 | B32: 주재원 대행 수수료 | D32: 2 | E32: 해외지사비 | I32: 300 | J32: =I32/'통장내역(환율표)'!$D$41 -> 44.651655 | K32: =K31+G32-I32 -> 95995.116 | L32: =L31+H32-J32 -> 14287.846 | M32: 현채인 | N32: =N31-J32 -> 14287.846
A33: 44793 | B33: 주재원 5대보험 | D33: 2 | E33: 해외지사비 | I33: 8544.44 | J33: =I33/'통장내역(환율표)'!$D$41 -> 1271.7446 | K33: =K32+G33-I33 -> 87450.676 | L33: =L32+H33-J33 -> 13016.101 | M33: 현채인 | N33: =N32-J33 -> 13016.101
A34: 44793 | B34: 주재원 개인소득세 | D34: 2 | E34: 해외지사비 | I34: 501.68 | J34: =I34/'통장내역(환율표)'!$D$41 -> 74.669475 | K34: =K33+G34-I34 -> 86948.996 | L34: =L33+H34-J34 -> 12941.432 | M34: 현채인 | N34: =N33-J34 -> 12941.432
A35: 44793 | B35: 주재원 수당 | D35: 2 | E35: 해외지사비 | I35: 21220.91 | J35: =I35/'통장내역(환율표)'!$D$41 -> 3158.4959 | K35: =K34+G35-I35 -> 65728.086 | L35: =L34+H35-J35 -> 9782.9358 | M35: 현채인 | N35: =N34-J35 -> 9782.9358
A36: 44793 | B36: 은행수수료 | D36: 2 | E36: 해외지사비 | I36: 12 | J36: =I36/'통장내역(환율표)'!$D$41 -> 1.7860662 | K36: =K35+G36-I36 -> 65716.086 | L36: =L35+H36-J36 -> 9781.1497 | N36: =N35-J36 -> 9781.1497
A37: 44793 | B37: 사무실 임대료 | D37: 3 | E37: 지급임차료 | F37: 사무실관리 | I37: 19440 | J37: =I37/'통장내역(환율표)'!$D$41 -> 2893.4273 | K37: =K36+G37-I37 -> 46276.086 | L37: =L36+H37-J37 -> 6887.7224 | M37: 사무실 임대료 | N37: =N36-J37 -> 6887.7224
A38: 44793 | B38: 은행수수료 | D38: 3 | E38: 해외지사비 | I38: 7.2 | J38: =I38/'통장내역(환율표)'!$D$41 -> 1.0716397 | K38: =K37+G38-I38 -> 46268.886 | L38: =L37+H38-J38 -> 6886.6508 | N38: =N37-J38 -> 6886.6508
A39: 44793 | B39: 차량 Rent비 | D39: 4 | E39: 지급임차료 | F39: 차량임차료 | I39: 16500 | J39: =I39/'통장내역(환율표)'!$D$41 -> 2455.841 | K39: =K38+G39-I39 -> 29768.886 | L39: =L38+H39-J39 -> 4430.8097 | M39: 차량 Rent비 | N39: =N38-J39 -> 4430.8097
A40: 44793 | B40: 은행수수료 | D40: 4 | E40: 해외지사비 | I40: 7.2 | J40: =I40/'통장내역(환율표)'!$D$41 -> 1.0716397 | K40: =K39+G40-I40 -> 29761.686 | L40: =L39+H40-J40 -> 4429.7381 | N40: =N39-J40 -> 4429.7381
A41: 44793 | B41: 세무대행비 | D41: 5 | E41: 해외지사비 | I41: 1000 | J41: =I41/'통장내역(환율표)'!$D$41 -> 148.83885 | K41: =K40+G41-I41 -> 28761.686 | L41: =L40+H41-J41 -> 4280.8993 | M41: 세무대행비 | N41: =N40-J41 -> 4280.8993
A42: 44793 | B42: 은행수수료 | D42: 5 | E42: 해외지사비 | I42: 3.6 | J42: =I42/'통장내역(환율표)'!$D$41 -> 0.53581986 | K42: =K41+G42-I42 -> 28758.086 | L42: =L41+H42-J42 -> 4280.3634 | N42: =N41-J42 -> 4280.3634
A43: 44793 | B43: 사무실 에어컨 및 전기/물 비용 | D43: 6 | E43: 해외지사비 | I43: 1311.13 | J43: =I43/'통장내역(환율표)'!$D$41 -> 195.14708 | K43: =K42+G43-I43 -> 27446.956 | L43: =L42+H43-J43 -> 4085.2164 | M43: 사무실 에어컨 및 전기/물 비용 | N43: =N42-J43 -> 4085.2164
A44: 44793 | B44: 은행수수료 | D44: 6 | E44: 해외지사비 | I44: 3.6 | J44: =I44/'통장내역(환율표)'!$D$41 -> 0.53581986 | K44: =K43+G44-I44 -> 27443.356 | L44: =L43+H44-J44 -> 4084.6805 | N44: =N43-J44 -> 4084.6805
A45: 44793 | B45: 주차비,주유비, 톨비 | D45: 7 | E45: 여비교통비 | F45: 해외 | I45: 2967 | J45: =I45/'통장내역(환율표)'!$D$41 -> 441.60487 | K45: =K44+G45-I45 -> 24476.356 | L45: =L44+H45-J45 -> 3643.0757 | M45: 주차비 900, 주유비 2,063, 톨비 4 | N45: =N44-J45 -> 3643.0757
A46: 44793 | B46: 은행수수료 | D46: 7 | E46: 해외지사비 | I46: 3.6 | J46: =I46/'통장내역(환율표)'!$D$41 -> 0.53581986 | K46: =K45+G46-I46 -> 24472.756 | L46: =L45+H46-J46 -> 3642.5398 | N46: =N45-J46 -> 3642.5398
A47: 44793 | B47: 업무추진비 | D47: 8 | E47: 업무추진비 | F47: 일반 | I47: 3340 | J47: =I47/'통장내역(환율표)'!$D$41 -> 497.12176 | K47: =K46+G47-I47 -> 21132.756 | L47: =L46+H47-J47 -> 3145.4181 | M47: 업무추진비 | N47: =N46-J47 -> 3145.4181
A48: 44793 | B48: 은행수수료 | D48: 8 | E48: 해외지사비 | I48: 3.6 | J48: =I48/'통장내역(환율표)'!$D$41 -> 0.53581986 | K48: =K47+G48-I48 -> 21129.156 | L48: =L47+H48-J48 -> 3144.8823 | N48: =N47-J48 -> 3144.8823
A49: 44793 | B49: 여비교통비(김명관책임 HKC출장 건) | D49: 9 | E49: 여비교통비 | F49: 해외 | I49: 4279.06 | J49: =I49/'통장내역(환율표)'!$D$41 -> 636.89038 | K49: =K48+G49-I49 -> 16850.096 | L49: =L48+H49-J49 -> 2507.9919 | M49: 여비교통비(김명관책임 HKC출장 건) | N49: =N48-J49 -> 2507.9919
A50: 44793 | B50: 은행수수료 | D50: 9 | E50: 해외지사비 | I50: 3.6 | J50: =I50/'통장내역(환율표)'!$D$41 -> 0.53581986 | K50: =K49+G50-I50 -> 16846.496 | L50: =L49+H50-J50 -> 2507.4561 | N50: =N49-J50 -> 2507.4561
A51: 44793 | B51: 주택 중계비(김명관 책임) | D51: 10 | E51: 해외지사비 | I51: 7150 | J51: =I51/'통장내역(환율표)'!$D$41 -> 1064.1978 | K51: =K50+G51-I51 -> 9696.496 | L51: =L50+H51-J51 -> 1443.2583 | M51: 주택 중계비(김명관 책임) | N51: =N50-J51 -> 1443.2583
A52: 44793 | B52: 은행수수료 | D52: 10 | E52: 해외지사비 | I52: 3.6 | J52: =I52/'통장내역(환율표)'!$D$41 -> 0.53581986 | K52: =K51+G52-I52 -> 9692.896 | L52: =L51+H52-J52 -> 1442.7225 | N52: =N51-J52 -> 1442.7225
A53: 44793 | B53: 시내교통비(판스챵 책임) | D53: 11 | E53: 여비교통비 | F53: 해외 | I53: 1683.08 | J53: =I53/'통장내역(환율표)'!$D$41 -> 250.50769 | K53: =K52+G53-I53 -> 8009.816 | L53: =L52+H53-J53 -> 1192.2148 | M53: 시내교통비(판스챵 책임) | N53: =N52-J53 -> 1192.2148
A54: 44793 | B54: 은행수수료 | D54: 11 | E54: 해외지사비 | I54: 3.6 | J54: =I54/'통장내역(환율표)'!$D$41 -> 0.53581986 | K54: =K53+G54-I54 -> 8006.216 | L54: =L53+H54-J54 -> 1191.6789 | N54: =N53-J54 -> 1191.6789
A55: 44793 | B55: 택배비(판스챵 책임) | D55: 12 | E55: 해외지사비 | I55: 530 | J55: =I55/'통장내역(환율표)'!$D$41 -> 78.884591 | K55: =K54+G55-I55 -> 7476.216 | L55: =L54+H55-J55 -> 1112.7944 | M55: 택배비(판스챵 책임) | N55: =N54-J55 -> 1112.7944
A56: 44793 | B56: 은행수수료 | D56: 12 | E56: 해외지사비 | I56: 3.6 | J56: =I56/'통장내역(환율표)'!$D$41 -> 0.53581986 | K56: =K55+G56-I56 -> 7472.616 | L56: =L55+H56-J56 -> 1112.2585 | N56: =N55-J56 -> 1112.2585
A57: 44793 | B57: 통신비(판스챵 책임) | D57: 13 | E57: 통신비 | F57: 기타 | I57: 98.6 | J57: =I57/'통장내역(환율표)'!$D$41 -> 14.675511 | K57: =K56+G57-I57 -> 7374.016 | L57: =L56+H57-J57 -> 1097.583 | M57: 통신비(판스챵 책임) | N57: =N56-J57 -> 1097.583
A58: 44793 | B58: 은행수수료 | D58: 13 | E58: 해외지사비 | I58: 3.6 | J58: =I58/'통장내역(환율표)'!$D$41 -> 0.53581986 | K58: =K57+G58-I58 -> 7370.416 | L58: =L57+H58-J58 -> 1097.0472 | N58: =N57-J58 -> 1097.0472
A59: 44793 | B59: 통신비(신순연) | D59: 14 | E59: 통신비 | F59: 기타 | I59: 500 | J59: =I59/'통장내역(환율표)'!$D$41 -> 74.419426 | K59: =K58+G59-I59 -> 6870.416 | L59: =L58+H59-J59 -> 1022.6278 | M59: 신순연 통신비 | N59: =N58-J59 -> 1022.6278
A60: 44793 | B60: 통신비(사무실 wifi비) | D60: 14 | E60: 통신비 | F60: 기타 | I60: 399 | J60: =I60/'통장내역(환율표)'!$D$41 -> 59.386702 | K60: =K59+G60-I60 -> 6471.416 | L60: =L59+H60-J60 -> 963.24107 | N60: =N59-J60 -> 963.24107
A61: 44793 | B61: 은행수수료 | D61: 14 | E61: 해외지사비 | I61: 3.6 | J61: =I61/'통장내역(환율표)'!$D$41 -> 0.53581986 | K61: =K60+G61-I61 -> 6467.816 | L61: =L60+H61-J61 -> 962.70525 | N61: =N60-J61 -> 962.70525
A62: 44793 | B62: 사무실 운영비(Print&Scan, 택배, 청소, 생수7월분 등) | D62: 15 | E62: 해외지사비 | I62: 781.58 | J62: =I62/'통장내역(환율표)'!$D$41 -> 116.32947 | K62: =K61+G62-I62 -> 5686.236 | L62: =L61+H62-J62 -> 846.37579 | M62: 사무실 운영비(Print&Scan, 택배, 청소, 생수7월분 등) | N62: =N61-J62 -> 846.37579
A63: 44793 | B63: 은행수수료 | D63: 15 | E63: 해외지사비 | I63: 3.6 | J63: =I63/'통장내역(환율표)'!$D$41 -> 0.53581986 | K63: =K62+G63-I63 -> 5682.636 | L63: =L62+H63-J63 -> 845.83997 | N63: =N62-J63 -> 845.83997
A64: 44793 | B64: 업무추진비 | D64: 16 | E64: 업무추진비 | F64: 일반 | I64: 113 | J64: =I64/'통장내역(환율표)'!$D$41 -> 16.81879 | K64: =K63+G64-I64 -> 5569.636 | L64: =L63+H64-J64 -> 829.02117 | M64: 업무추진비 | N64: =N63-J64 -> 829.02117
A65: 44793 | B65: 은행수수료 | D65: 16 | E65: 해외지사비 | I65: 3.6 | J65: =I65/'통장내역(환율표)'!$D$41 -> 0.53581986 | K65: =K64+G65-I65 -> 5566.036 | L65: =L64+H65-J65 -> 828.48536 | N65: =N64-J65 -> 828.48536
A66: 44793 | B66: 여비교통비(김명관책임 ESWIN출장 건) | D66: 17 | E66: 여비교통비 | F66: 해외 | I66: 3505.01 | J66: =I66/'통장내역(환율표)'!$D$41 -> 521.68166 | K66: =K65+G66-I66 -> 2061.026 | L66: =L65+H66-J66 -> 306.80369 | M66: 여비교통비(김명관책임 ESWIN출장 건) | N66: =N65-J66 -> 306.80369
A67: 44793 | B67: 은행수수료 | D67: 17 | E67: 해외지사비 | I67: 3.6 | J67: =I67/'통장내역(환율표)'!$D$41 -> 0.53581986 | K67: =K66+G67-I67 -> 2057.426 | L67: =L66+H67-J67 -> 306.26787 | N67: =N66-J67 -> 306.26787

Sheet 내역_22.09
A1: 9월 전도금 사용 내역 | K1: 100066029
A2: 8/10 송금 환율(1305.1) | E2: 100055945 | G2: 9/10 송금 환율(1381.2) | K2: 100055946 | L2: 1200000696
A3: 대계정 | B3: 소계정 | C3: 금액 (RMB) | D3: 금액 (USD) | E3: 금액 (KRW) | G3: 대계정 | H3: 소계정 | I3: 금액 (RMB) | J3: 금액 (USD) | K3: 금액 (KRW)
A4: 소모품비 | G4: 소모품비
A5: 업무추진비 | B5: 일반 | F5: 51131050 | G5: 업무추진비 | H5: 일반 | I5: 8344 | J5: 1201.9334 | K5: 1660106 | L5: =K5+E5 -> 1660106
A6: 여비교통비 | B6: 해외 | F6: 51061030 | G6: 여비교통비 | H6: 해외 | I6: 4939.87 | J6: 711.57652 | K6: 982834 | L6: =K6+E6 -> 982834
A7: 지급임차료 | B7: 사무실관리 | C7: 2057.7146 | D7: 306.26787 | E7: 399713 | F7: 51201020 | G7: 지급임차료 | H7: 사무실관리 | I7: 17382.285 | J7: 2503.8769 | K7: 3458359 | L7: =K7+E7 -> 3858072
A8: 지급임차료 | B8: 차량임차료 | F8: 51201030 | G8: 지급임차료 | H8: 차량임차료 | I8: 10500 | J8: 1512.5 | K8: 2089065 | L8: =K8+E8 -> 2089065
A9: 통신비 | B9: 기타 | F9: 51071700 | G9: 통신비 | H9: 기타 | I9: 297.5 | J9: 42.854167 | K9: 59184 | L9: =K9+E9 -> 59184
A10: 해외지사비 | F10: 51321010 | G10: 해외지사비 | I10: 123243.54 | J10: 17778.939 | K10: 24556272 | L10: =K10+E10 -> 24556272
A11: 보증금 | F11: 13081010 | G11: 보증금
A12: Total | C12: =SUM(C4:C11) -> 2057.7146 | D12: =SUM(D4:D11) -> 306.26787 | E12: =SUM(E4:E11) -> 399713 | F12: 52981010 | G12: Total | I12: =SUM(I4:I11) -> 164707.2 | J12: =SUM(J4:J11) -> 23751.68 | K12: =SUM(K4:K10) -> 32805820
C13: =C12+I12 -> 166764.91 | D13: =D12+J12 -> 24057.948 | E13: =E12+K12 -> 33205533 | K13: 16280.086 | L13: 2425.7418
A14: 보증금 | B14: 13081010 | H14: =SUBTOTAL(9,H17:H62) -> 28271.532 | I14: =SUBTOTAL(9,I17:I62) -> 166764.91 | J14: =SUBTOTAL(9,J17:J62) -> 24057.948
A15: 날짜 | B15: 내역 | D15: 증빙번호 | E15: 대계정 | F15: 소계정 | G15: 입금 | I15: 출금 | K15: 잔액 | M15: 비고
G16: RMB | H16: USD | I16: RMB | J16: USD | K16: RMB | L16: USD
A17: 44804 | B17: 기존 잔고 | K17: 2057.426 | L17: 306.26787 | N17: 306.26787
A18: 44818 | B18: 입금 | D18: 1 | G18: 196035.17 | H18: 28264.4 | K18: =K17+G18-I18 -> 198092.6 | L18: =L17+H18-J18 -> 28570.668 | M18: 입금
A19: 44818 | B19: 송금수수료 | E19: 해외지사비 | J19: 26 | K19: =K18+G19-I19 -> 198092.6 | L19: =L18+H19-J19 -> 28544.668
A20: 44823 | B20: 사무실 임대료_8월 | D20: 3 | E20: 지급임차료 | F20: 사무실임차 | I20: =J20*'통장내역(환율표)'!$D$41 -> 2057.7146 | J20: 306.26787 | K20: =K19+G20-I20 -> 196034.88 | L20: =L19+H20-J20 -> 28238.4 | M20: 사무실 임대료 | N20: =N17-J20+H20 -> 0
A21: 44823 | B21: 사무실 임대료_9월 | D21: 3 | E21: 지급임차료 | F21: 사무실임차 | I21: =19440-I20 -> 17382.285 | J21: =I21/'통장내역(환율표)'!$D$46 -> 2503.8769 | K21: =K20+G21-I21 -> 178652.6 | L21: =L20+H21-J21 -> 25734.523 | N21: =28238.4-J21+H21 -> 25734.523
A22: 44823 | B22: 은행수수료 | D22: 3 | E22: 해외지사비 | I22: 7.2 | J22: =I22/'통장내역(환율표)'!$D$46 -> 1.0371429 | K22: =K21+G22-I22 -> 178645.4 | L22: =L21+H22-J22 -> 25733.486 | N22: =N21-J22+H22 -> 25733.486
A23: 44825 | B23: 예금이자 | E23: 잡이익 | G23: 49.51 | H23: =G23/'통장내역(환율표)'!$D$46 -> 7.1317977 | J23: =I23/'통장내역(환율표)'!$D$46 -> 0 | K23: =K22+G23-I23 -> 178694.91 | L23: =L22+H23-J23 -> 25740.618 | N23: =N22-J23+H23 -> 25740.618
A24: 44827 | B24: 주재원 대행 수수료 | D24: 2 | E24: 해외지사비 | I24: 300 | J24: =I24/'통장내역(환율표)'!$D$46 -> 43.214286 | K24: =K23+G24-I24 -> 178394.91 | L24: =L23+H24-J24 -> 25697.403 | M24: 신순연 | N24: =N23-J24+H24 -> 25697.403
A25: 44827 | B25: 주재원 5대보험 | D25: 2 | E25: 해외지사비 | I25: 7572.43 | J25: =I25/'통장내역(환율표)'!$D$46 -> 1090.7905 | K25: =K24+G25-I25 -> 170822.48 | L25: =L24+H25-J25 -> 24606.613 | N25: =N24-J25+H25 -> 24606.613
A26: 44827 | B26: 주재원 개인소득세 | D26: 2 | E26: 해외지사비 | I26: 5104.59 | J26: =I26/'통장내역(환율표)'!$D$46 -> 735.30405 | K26: =K25+G26-I26 -> 165717.89 | L26: =L25+H26-J26 -> 23871.309 | M26: 신순연 | N26: =N25-J26+H26 -> 23871.309
A27: 44827 | B27: 주재원 수당 | D27: 2 | E27: 해외지사비 | I27: 13500 | J27: =I27/'통장내역(환율표)'!$D$46 -> 1944.6429 | K27: =K26+G27-I27 -> 152217.89 | L27: =L26+H27-J27 -> 21926.666 | M27: 신순연 | N27: =N26-J27+H27 -> 21926.666
A28: 44827 | B28: 주재원 주택 수당 | D28: 2 | E28: 해외지사비 | I28: 20000 | J28: =I28/'통장내역(환율표)'!$D$46 -> 2880.9524 | K28: =K27+G28-I28 -> 132217.89 | L28: =L27+H28-J28 -> 19045.714 | M28: 신순연 | N28: =N27-J28+H28 -> 19045.714
A29: 44827 | B29: 주재원 대행 수수료 | D29: 2 | E29: 해외지사비 | I29: 300 | J29: =I29/'통장내역(환율표)'!$D$46 -> 43.214286 | K29: =K28+G29-I29 -> 131917.89 | L29: =L28+H29-J29 -> 19002.499 | M29: 김명관 | N29: =N28-J29+H29 -> 19002.499
A30: 44827 | B30: 주재원 5대보험 | D30: 2 | E30: 해외지사비 | I30: 4197.43 | J30: =I30/'통장내역(환율표)'!$D$46 -> 604.62981 | K30: =K29+G30-I30 -> 127720.46 | L30: =L29+H30-J30 -> 18397.869 | M30: 김명관 | N30: =N29-J30+H30 -> 18397.869
A31: 44827 | B31: 주재원 개인소득세 | D31: 2 | E31: 해외지사비 | I31: 2114.3 | J31: =I31/'통장내역(환율표)'!$D$46 -> 304.55989 | K31: =K30+G31-I31 -> 125606.16 | L31: =L30+H31-J31 -> 18093.31 | M31: 김명관 | N31: =N30-J31+H31 -> 18093.31
A32: 44827 | B32: 주재원 수당 | D32: 2 | E32: 해외지사비 | I32: 13500 | J32: =I32/'통장내역(환율표)'!$D$46 -> 1944.6429 | K32: =K31+G32-I32 -> 112106.16 | L32: =L31+H32-J32 -> 16148.667 | M32: 김명관 | N32: =N31-J32+H32 -> 16148.667
A33: 44827 | B33: 주재원 주택 수당 | D33: 2 | E33: 해외지사비 | I33: 14000 | J33: =I33/'통장내역(환율표)'!$D$46 -> 2016.6667 | K33: =K32+G33-I33 -> 98106.156 | L33: =L32+H33-J33 -> 14132 | M33: 김명관 | N33: =N32-J33+H33 -> 14132
A34: 44827 | B34: 주재원 대행 수수료 | D34: 2 | E34: 해외지사비 | I34: 300 | J34: =I34/'통장내역(환율표)'!$D$46 -> 43.214286 | K34: =K33+G34-I34 -> 97806.156 | L34: =L33+H34-J34 -> 14088.786 | M34: 현채인 | N34: =N33-J34+H34 -> 14088.786
A35: 44827 | B35: 주재원 5대보험 | D35: 2 | E35: 해외지사비 | I35: 8295.14 | J35: =I35/'통장내역(환율표)'!$D$46 -> 1194.8952 | K35: =K34+G35-I35 -> 89511.016 | L35: =L34+H35-J35 -> 12893.891 | M35: 현채인 | N35: =N34-J35+H35 -> 12893.891
A36: 44827 | B36: 주재원 개인소득세 | D36: 2 | E36: 해외지사비 | I36: 1493.42 | J36: =I36/'통장내역(환율표)'!$D$46 -> 215.1236 | K36: =K35+G36-I36 -> 88017.596 | L36: =L35+H36-J36 -> 12678.767 | M36: 현채인 | N36: =N35-J36+H36 -> 12678.767
A37: 44827 | B37: 주재원 수당 | D37: 2 | E37: 해외지사비 | I37: 20229.17 | J37: =I37/'통장내역(환율표)'!$D$46 -> 2913.9638 | K37: =K36+G37-I37 -> 67788.426 | L37: =L36+H37-J37 -> 9764.8031 | M37: 현채인 | N37: =N36-J37+H37 -> 9764.8031
A38: 44827 | B38: 은행수수료 | D38: 2 | E38: 해외지사비 | I38: 12 | J38: =I38/'통장내역(환율표)'!$D$46 -> 1.7285715 | K38: =K37+G38-I38 -> 67776.426 | L38: =L37+H38-J38 -> 9763.0745 | N38: =N37-J38+H38 -> 9763.0745
A39: 44827 | B39: 차량 Rent비 | D39: 4 | E39: 지급임차료 | F39: 차량 | I39: 10500 | J39: =I39/'통장내역(환율표)'!$D$46 -> 1512.5 | K39: =K38+G39-I39 -> 57276.426 | L39: =L38+H39-J39 -> 8250.5745 | M39: 차량 Rent비 | N39: =N38-J39+H39 -> 8250.5745
A40: 44827 | B40: 차량 기사비 | D40: 4 | E40: 해외지사비 | I40: 6000 | J40: =I40/'통장내역(환율표)'!$D$46 -> 864.28573 | K40: =K39+G40-I40 -> 51276.426 | L40: =L39+H40-J40 -> 7386.2888 | N40: =N39-J40+H40 -> 7386.2888
A41: 44827 | B41: 주차비 | D41: 4 | E41: 여비교통비 | F41: 해외 | I41: 900 | J41: =I41/'통장내역(환율표)'!$D$46 -> 129.64286 | K41: =K40+G41-I41 -> 50376.426 | L41: =L40+H41-J41 -> 7256.6459 | N41: =N40-J41+H41 -> 7256.6459
A42: 44827 | B42: 주유비 | D42: 4 | E42: 여비교통비 | F42: 해외 | I42: 2286.83 | J42: =I42/'통장내역(환율표)'!$D$46 -> 329.41242 | K42: =K41+G42-I42 -> 48089.596 | L42: =L41+H42-J42 -> 6927.2335 | N42: =N41-J42+H42 -> 6927.2335
A43: 44827 | B43: 톨비 | D43: 4 | E43: 여비교통비 | F43: 해외 | I43: 36 | J43: =I43/'통장내역(환율표)'!$D$46 -> 5.1857144 | K43: =K42+G43-I43 -> 48053.596 | L43: =L42+H43-J43 -> 6922.0478 | N43: =N42-J43+H43 -> 6922.0478
A44: 44827 | B44: 기사 야근비용 | D44: 4 | E44: 해외지사비 | I44: 300 | J44: =I44/'통장내역(환율표)'!$D$46 -> 43.214286 | K44: =K43+G44-I44 -> 47753.596 | L44: =L43+H44-J44 -> 6878.8335 | N44: =N43-J44+H44 -> 6878.8335
A45: 44827 | B45: 은행수수료 | D45: 4 | E45: 해외지사비 | I45: 7.2 | J45: =I45/'통장내역(환율표)'!$D$46 -> 1.0371429 | K45: =K44+G45-I45 -> 47746.396 | L45: =L44+H45-J45 -> 6877.7964 | N45: =N44-J45+H45 -> 6877.7964
A46: 44827 | B46: 세무대행비 | D46: 5 | E46: 해외지사비 | I46: 1000 | J46: =I46/'통장내역(환율표)'!$D$46 -> 144.04762 | K46: =K45+G46-I46 -> 46746.396 | L46: =L45+H46-J46 -> 6733.7487 | M46: 세무대행비 | N46: =N45-J46+H46 -> 6733.7487
A47: 44827 | B47: 은행수수료 | D47: 5 | E47: 해외지사비 | I47: 3.6 | J47: =I47/'통장내역(환율표)'!$D$46 -> 0.51857144 | K47: =K46+G47-I47 -> 46742.796 | L47: =L46+H47-J47 -> 6733.2302 | N47: =N46-J47+H47 -> 6733.2302
A48: 44827 | B48: 사무실 에어컨 및 전기/물 비용 | D48: 6 | E48: 해외지사비 | I48: 3097.26 | J48: =I48/'통장내역(환율표)'!$D$46 -> 446.15294 | K48: =K47+G48-I48 -> 43645.536 | L48: =L47+H48-J48 -> 6287.0772 | M48: 사무실 에어컨 및 전기/물 비용 (1434.43 환불 예정) | N48: =N47-J48+H48 -> 6287.0772
A49: 44827 | B49: 은행수수료 | D49: 6 | E49: 해외지사비 | I49: 3.6 | J49: =I49/'통장내역(환율표)'!$D$46 -> 0.51857144 | K49: =K48+G49-I49 -> 43641.936 | L49: =L48+H49-J49 -> 6286.5587 | N49: =N48-J49+H49 -> 6286.5587
A50: 44827 | B50: IC 구입 | D50: 9 | E50: 해외지사비 | I50: 1026 | J50: =I50/'통장내역(환율표)'!$D$46 -> 147.79286 | K50: =K49+G50-I50 -> 42615.936 | L50: =L49+H50-J50 -> 6138.7658 | N50: =N49-J50+H50 -> 6138.7658
A51: 44827 | B51: 한국 택배비 | D51: 9 | E51: 해외지사비 | I51: 642.6 | J51: =I51/'통장내역(환율표)'!$D$46 -> 92.565002 | K51: =K50+G51-I51 -> 41973.336 | L51: =L50+H51-J51 -> 6046.2008 | N51: =N50-J51+H51 -> 6046.2008
A52: 44827 | B52: 은행수수료 | D52: 9 | E52: 해외지사비 | I52: 3.6 | J52: =I52/'통장내역(환율표)'!$D$46 -> 0.51857144 | K52: =K51+G52-I52 -> 41969.736 | L52: =L51+H52-J52 -> 6045.6822 | N52: =N51-J52+H52 -> 6045.6822
A53: 44827 | B53: 시내교통비(Pan shi qiang) | D53: 8 | E53: 여비교통비 | F53: 해외 | I53: 1717.04 | J53: =I53/'통장내역(환율표)'!$D$46 -> 247.33553 | K53: =K52+G53-I53 -> 40252.696 | L53: =L52+H53-J53 -> 5798.3467 | N53: =N52-J53+H53 -> 5798.3467
A54: 44827 | B54: 은행수수료 | D54: 8 | E54: 해외지사비 | I54: 3.6 | J54: =I54/'통장내역(환율표)'!$D$46 -> 0.51857144 | K54: =K53+G54-I54 -> 40249.096 | L54: =L53+H54-J54 -> 5797.8281 | N54: =N53-J54+H54 -> 5797.8281
A55: 44827 | B55: 통신비((Pan shi qiang) | D55: 10 | E55: 통신비 | F55: 기타 | I55: 98.5 | J55: =I55/'통장내역(환율표)'!$D$46 -> 14.188691 | K55: =K54+G55-I55 -> 40150.596 | L55: =L54+H55-J55 -> 5783.6394 | N55: =N54-J55+H55 -> 5783.6394
A56: 44827 | B56: 은행수수료 | D56: 10 | E56: 해외지사비 | I56: 3.6 | J56: =I56/'통장내역(환율표)'!$D$46 -> 0.51857144 | K56: =K55+G56-I56 -> 40146.996 | L56: =L55+H56-J56 -> 5783.1209 | N56: =N55-J56+H56 -> 5783.1209
A57: 44827 | B57: 업무추진비 | D57: 7 | E57: 업무추진비 | F57: 일반 | I57: 8344 | J57: =I57/'통장내역(환율표)'!$D$46 -> 1201.9334 | K57: =K56+G57-I57 -> 31802.996 | L57: =L56+H57-J57 -> 4581.1875 | M57: 업무추진비 | N57: =N56-J57+H57 -> 4581.1875
A58: 44827 | B58: 은행수수료 | D58: 7 | E58: 해외지사비 | I58: 3.6 | J58: =I58/'통장내역(환율표)'!$D$46 -> 0.51857144 | K58: =K57+G58-I58 -> 31799.396 | L58: =L57+H58-J58 -> 4580.6689 | N58: =N57-J58+H58 -> 4580.6689
A59: 44827 | B59: 통신비(김명관 책임) | D59: 11 | E59: 통신비 | F59: 기타 | I59: 199 | J59: =I59/'통장내역(환율표)'!$D$46 -> 28.665477 | K59: =K58+G59-I59 -> 31600.396 | L59: =L58+H59-J59 -> 4552.0035 | N59: =N58-J59+H59 -> 4552.0035
A60: 44827 | B60: 은행수수료 | D60: 11 | E60: 해외지사비 | I60: 3.6 | J60: =I60/'통장내역(환율표)'!$D$46 -> 0.51857144 | K60: =K59+G60-I60 -> 31596.796 | L60: =L59+H60-J60 -> 4551.4849 | N60: =N59-J60+H60 -> 4551.4849
A61: 44827 | B61: 사무실운영비 | D61: 12 | E61: 해외지사비 | I61: 216 | J61: =I61/'통장내역(환율표)'!$D$46 -> 31.114286 | K61: =K60+G61-I61 -> 31380.796 | L61: =L60+H61-J61 -> 4520.3706 | M61: 생수구입 | N61: =N60-J61+H61 -> 4520.3706
A62: 44827 | B62: 은행수수료 | D62: 12 | E62: 해외지사비 | I62: 3.6 | J62: =I62/'통장내역(환율표)'!$D$46 -> 0.51857144 | K62: =K61+G62-I62 -> 31377.196 | L62: =L61+H62-J62 -> 4519.852 | N62: =N61-J62+H62 -> 4519.852

Sheet 내역_22.10
A1: 10월 전도금 사용 내역 | K1: 100066029
A2: 9/10 송금 환율(1381.2) | E2: 100068838 | G2: 10/10 송금 환율(1,410.3) | K2: 100062087 | L2: 1200000696
A3: 대계정 | B3: 소계정 | C3: 금액 (RMB) | D3: 금액 (USD) | E3: 금액 (KRW) | G3: 대계정 | H3: 소계정 | I3: 금액 (RMB) | J3: 금액 (USD) | K3: 금액 (KRW)
A4: 소모품비 | G4: 소모품비
A5: 업무추진비 | B5: 일반 | F5: 51131050 | G5: 업무추진비 | H5: 일반 | I5: 2088 | J5: 292.34114 | K5: 412287 | L5: =K5+E5 -> 412287
A6: 여비교통비 | B6: 해외 | F6: 51061030 | G6: 여비교통비 | H6: 해외 | I6: 16155.48 | J6: 2261.9308 | K6: 3190000 | L6: =K6+E6 -> 3190000
A7: 지급임차료 | B7: 사무실관리 | C7: 11215.001 | D7: 1615.4941 | E7: 2231315 | F7: 51201020 | G7: 지급임차료 | H7: 사무실관리 | I7: 8224.9995 | J7: 1151.5832 | K7: 1624073 | L7: =K7+E7 -> 3855388
A8: 지급임차료 | B8: 차량임차료 | F8: 51201030 | G8: 지급임차료 | H8: 차량임차료 | I8: 10500 | J8: 1470.1063 | K8: 2073296 | L8: =K8+E8 -> 2073296
A9: 통신비 | B9: 기타 | F9: 51071700 | G9: 통신비 | H9: 기타 | I9: 1129 | J9: 158.07143 | K9: 222926 | L9: =K9+E9 -> 222926
A10: 해외지사비 | C10: 23259.73 | D10: 3350.5088 | E10: 4627724 | F10: 51321010 | G10: 해외지사비 | I10: 135794.1 | J10: 19272.37 | K10: 27179823 | L10: =K10+E10 -> 31807547
A11: 보증금 | F11: 13081010 | G11: 보증금
A12: Total | C12: =SUM(C4:C11) -> 34474.731 | D12: =SUM(D4:D11) -> 4966.0029 | E12: =SUM(E4:E11) -> 6859039 | F12: 52981010 | G12: Total | I12: =SUM(I4:I11) -> 173891.58 | J12: =SUM(J4:J11) -> 24606.403 | K12: =SUM(K4:K10) -> 34702405
C13: =C12+I12 -> 208366.31 | D13: =D12+J12 -> 29572.406 | E13: =E12+K12 -> 41561444 | K13: 16280.086 | L13: 2425.7418
A14: 보증금 | B14: 13081010 | H14: =SUBTOTAL(9,H17:H69) -> 29965.843 | I14: =SUBTOTAL(9,I17:I87) -> 210036.34 | J14: =SUBTOTAL(9,J17:J85) -> 29572.406
A15: 날짜 | B15: 내역 | D15: 증빙번호 | E15: 대계정 | F15: 소계정 | G15: 입금 | I15: 출금 | K15: 잔액 | M15: 비고
G16: RMB | H16: USD | I16: RMB | J16: USD | K16: RMB | L16: USD
A17: 44804 | B17: 기존 잔고 | K17: 31377.2 | L17: 4519.852 | N17: 4519.85
A18: 44848 | B18: 입금 | D18: 1 | G18: 210653.98 | H18: 29519.69 | K18: =K17+G18-I18 -> 242031.18 | L18: =L17+H18-J18 -> 34039.542 | M18: 입금
A19: 44848 | B19: 송금수수료 | E19: 해외지사비 | J19: 26 | K19: =K18+G19-I19 -> 242031.18 | L19: =L18+H19-J19 -> 34013.542
A20: 44858 | B20: 9월 사무실 관리비 중복 입금 반환 입금 | D20: 2 | E20: 해외지사비 | G20: 3097.26 | H20: =G20/'통장내역(환율표)'!$D$46 -> 446.15294 | I20: 0 | J20: =I20/'통장내역(환율표)'!$D$46 -> 0 | K20: =K19+G20-I20 -> 245128.44 | L20: =L19+H20-J20 -> 34459.695 | N20: =N17-J20+H20 -> 4966.0029
A21: 44859 | B21: 사무실 운영세금(7, 8, 9월 분) | D21: 3 | E21: 해외지사비 | I21: 23259.73 | J21: =I21/'통장내역(환율표)'!$D$46 -> 3350.5088 | K21: =K20+G21-I21 -> 221868.71 | L21: =L20+H21-J21 -> 31109.186 | N21: =N20-J21+H21 -> 1615.4941
A22: 44859 | B22: 사무실 임대료_9월 환율 | D22: 4 | E22: 지급임차료 | F22: 사무실임차 | I22: =J22*'통장내역(환율표)'!$D$46 -> 11215.001 | J22: 1615.4941 | K22: =K21+G22-I22 -> 210653.71 | L22: =L21+H22-J22 -> 29493.692 | N22: =N21-J22+H22 -> 0
A23: 44859 | B23: 사무실 임대료_10월 환율 | D23: 4 | E23: 지급임차료 | F23: 사무실임차 | I23: =19440-I22 -> 8224.9995 | J23: =I23/'통장내역(환율표)'!$D$53 -> 1151.5832 | K23: =K22+G23-I23 -> 202428.71 | L23: =L22+H23-J23 -> 28342.109 | N23: =29493.69-J23 -> 28342.107
A24: 44859 | B24: 은행수수료 | D24: 4 | E24: 해외지사비 | I24: 7.2 | J24: =I24/'통장내역(환율표)'!$D$53 -> 1.0080729 | K24: =K23+G24-I24 -> 202421.51 | L24: =L23+H24-J24 -> 28341.101 | N24: =N23-J24+H24 -> 28341.099
A25: 44859 | B25: 차량 Rent비 | D25: 5 | E25: 지급임차료 | F25: 차량임차료 | I25: 10500 | J25: =I25/'통장내역(환율표)'!$D$53 -> 1470.1063 | K25: =K24+G25-I25 -> 191921.51 | L25: =L24+H25-J25 -> 26870.994 | N25: =N24-J25+H25 -> 26870.992
A26: 44859 | B26: 차량 기사비 | D26: 5 | E26: 해외지사비 | I26: 6000 | J26: =I26/'통장내역(환율표)'!$D$53 -> 840.06075 | K26: =K25+G26-I26 -> 185921.51 | L26: =L25+H26-J26 -> 26030.934 | N26: =N25-J26+H26 -> 26030.932
A27: 44859 | B27: 기사 야근비용 | D27: 5 | E27: 해외지사비 | I27: 300 | J27: =I27/'통장내역(환율표)'!$D$53 -> 42.003037 | K27: =K26+G27-I27 -> 185621.51 | L27: =L26+H27-J27 -> 25988.931 | N27: =N26-J27+H27 -> 25988.929
A28: 44859 | B28: 은행수수료 | D28: 5 | E28: 해외지사비 | I28: 7.2 | J28: =I28/'통장내역(환율표)'!$D$53 -> 1.0080729 | K28: =K27+G28-I28 -> 185614.31 | L28: =L27+H28-J28 -> 25987.923 | N28: =N27-J28+H28 -> 25987.921
A29: 44859 | B29: 세무대행비 | D29: 6 | E29: 해외지사비 | I29: 1000 | J29: =I29/'통장내역(환율표)'!$D$53 -> 140.01012 | K29: =K28+G29-I29 -> 184614.31 | L29: =L28+H29-J29 -> 25847.912 | N29: =N28-J29+H29 -> 25847.91
A30: 44859 | B30: 은행수수료 | D30: 6 | E30: 해외지사비 | I30: 3.6 | J30: =I30/'통장내역(환율표)'!$D$53 -> 0.50403645 | K30: =K29+G30-I30 -> 184610.71 | L30: =L29+H30-J30 -> 25847.408 | N30: =N29-J30+H30 -> 25847.406
A31: 44859 | B31: 사무실 에어컨 및 전기/물 비용 | D31: 7 | E31: 해외지사비 | I31: 2040.13 | J31: =I31/'통장내역(환율표)'!$D$53 -> 285.63886 | K31: =K30+G31-I31 -> 182570.58 | L31: =L30+H31-J31 -> 25561.77 | M31: 신순연 | N31: =N30-J31+H31 -> 25561.768
A32: 44859 | B32: 은행수수료 | D32: 7 | E32: 해외지사비 | I32: 3.6 | J32: =I32/'통장내역(환율표)'!$D$53 -> 0.50403645 | K32: =K31+G32-I32 -> 182566.98 | L32: =L31+H32-J32 -> 25561.266 | N32: =N31-J32+H32 -> 25561.264
A33: 44859 | B33: 주유비, 주차비, 톨비 | D33: 8 | E33: 여비교통비 | F33: 해외 | I33: 2205 | J33: =I33/'통장내역(환율표)'!$D$53 -> 308.72232 | K33: =K32+G33-I33 -> 180361.98 | L33: =L32+H33-J33 -> 25252.543 | M33: 주유비 1291, 주치바 900, 톨비 14 | N33: =N32-J33+H33 -> 25252.541
A34: 44859 | B34: 은행수수료 | D34: 8 | E34: 해외지사비 | I34: 3.6 | J34: =I34/'통장내역(환율표)'!$D$53 -> 0.50403645 | K34: =K33+G34-I34 -> 180358.38 | L34: =L33+H34-J34 -> 25252.039 | N34: =N33-J34+H34 -> 25252.037
A35: 44859 | B35: 주재원 대행 수수료 | D35: 9 | E35: 해외지사비 | I35: 300 | J35: =I35/'통장내역(환율표)'!$D$53 -> 42.003037 | K35: =K34+G35-I35 -> 180058.38 | L35: =L34+H35-J35 -> 25210.036 | M35: 신순연 | N35: =N34-J35+H35 -> 25210.034
A36: 44859 | B36: 주재원 5대보험 | D36: 9 | E36: 해외지사비 | I36: 7599.43 | J36: =I36/'통장내역(환율표)'!$D$53 -> 1063.9971 | K36: =K35+G36-I36 -> 172458.95 | L36: =L35+H36-J36 -> 24146.039 | M36: 신순연 | N36: =N35-J36+H36 -> 24146.037
A37: 44859 | B37: 주재원 개인소득세 | D37: 9 | E37: 해외지사비 | I37: 5104.58 | J37: =I37/'통장내역(환율표)'!$D$53 -> 714.69288 | K37: =K36+G37-I37 -> 167354.37 | L37: =L36+H37-J37 -> 23431.346 | M37: 신순연 | N37: =N36-J37+H37 -> 23431.344
A38: 44859 | B38: 주재원 수당 | D38: 9 | E38: 해외지사비 | I38: 13500 | J38: =I38/'통장내역(환율표)'!$D$53 -> 1890.1367 | K38: =K37+G38-I38 -> 153854.37 | L38: =L37+H38-J38 -> 21541.209 | M38: 신순연 | N38: =N37-J38+H38 -> 21541.207
A39: 44859 | B39: 주재원 주택 수당 | D39: 9 | E39: 해외지사비 | I39: 20000 | J39: =I39/'통장내역(환율표)'!$D$53 -> 2800.2025 | K39: =K38+G39-I39 -> 133854.37 | L39: =L38+H39-J39 -> 18741.007 | M39: 신순연 | N39: =N38-J39+H39 -> 18741.005
A40: 44859 | B40: 주재원 대행 수수료 | D40: 9 | E40: 해외지사비 | I40: 300 | J40: =I40/'통장내역(환율표)'!$D$53 -> 42.003037 | K40: =K39+G40-I40 -> 133554.37 | L40: =L39+H40-J40 -> 18699.004 | M40: 김명관 | N40: =N39-J40+H40 -> 18699.002
A41: 44859 | B41: 주재원 5대보험 | D41: 9 | E41: 해외지사비 | I41: 4224.43 | J41: =I41/'통장내역(환율표)'!$D$53 -> 591.46297 | K41: =K40+G41-I41 -> 129329.94 | L41: =L40+H41-J41 -> 18107.541 | M41: 김명관 | N41: =N40-J41+H41 -> 18107.539
A42: 44859 | B42: 주재원 개인소득세 | D42: 9 | E42: 해외지사비 | I42: 2114.29 | J42: =I42/'통장내역(환율표)'!$D$53 -> 296.02201 | K42: =K41+G42-I42 -> 127215.65 | L42: =L41+H42-J42 -> 17811.519 | M42: 김명관 | N42: =N41-J42+H42 -> 17811.517
A43: 44859 | B43: 주재원 수당 | D43: 9 | E43: 해외지사비 | I43: 13500 | J43: =I43/'통장내역(환율표)'!$D$53 -> 1890.1367 | K43: =K42+G43-I43 -> 113715.65 | L43: =L42+H43-J43 -> 15921.382 | M43: 김명관 | N43: =N42-J43+H43 -> 15921.38
A44: 44859 | B44: 주재원 주택 수당 | D44: 9 | E44: 해외지사비 | I44: 14000 | J44: =I44/'통장내역(환율표)'!$D$53 -> 1960.1417 | K44: =K43+G44-I44 -> 99715.65 | L44: =L43+H44-J44 -> 13961.24 | M44: 김명관 | N44: =N43-J44+H44 -> 13961.238
A45: 44859 | B45: 주재원 대행 수수료 | D45: 9 | E45: 해외지사비 | I45: 300 | J45: =I45/'통장내역(환율표)'!$D$53 -> 42.003037 | K45: =K44+G45-I45 -> 99415.65 | L45: =L44+H45-J45 -> 13919.237 | M45: 현채인 | N45: =N44-J45+H45 -> 13919.235
A46: 44859 | B46: 주재원 5대보험 | D46: 9 | E46: 해외지사비 | I46: 8308.1 | J46: =I46/'통장내역(환율표)'!$D$53 -> 1163.2181 | K46: =K45+G46-I46 -> 91107.55 | L46: =L45+H46-J46 -> 12756.019 | M46: 현채인 | N46: =N45-J46+H46 -> 12756.017
... A48: 44859 | B48: 주재원 수당 | D48: 9 | E48: 해외지사비 | I48: 20050.33 | J48: =I48/'통장내역(환율표)'!$D$53 -> 2807.2492 | K48: =K47+G48-I48 -> 69384.96 | L48: =L47+H48-J48 -> 9714.6368 | M48: 현채인 | N48: =N47-J48+H48 -> 9714.6348
A49: 44859 | B49: 은행수수료 | D49: 9 | E49: 해외지사비 | I49: 12 | J49: =I49/'통장내역(환율표)'!$D$53 -> 1.6801215 | K49: =K48+G49-I49 -> 69372.96 | L49: =L48+H49-J49 -> 9712.9567 | N49: =N48-J49+H49 -> 9712.9547
A50: 44859 | B50: 여비교통비(Pan Shi Qiang 출장 교통비 및 숙박비) | D50: 10 | E50: 여비교통비 | F50: 해외 | I50: 13071 | J50: =I50/'통장내역(환율표)'!$D$53 -> 1830.0723 | K50: =K49+G50-I50 -> 56301.96 | L50: =L49+H50-J50 -> 7882.8843 | N50: =N49-J50+H50 -> 7882.8823
A51: 44859 | B51: 은행수수료 | D51: 10 | E51: 해외지사비 | I51: 7.2 | J51: =I51/'통장내역(환율표)'!$D$53 -> 1.0080729 | K51: =K50+G51-I51 -> 56294.76 | L51: =L50+H51-J51 -> 7881.8763 | N51: =N50-J51+H51 -> 7881.8742
A52: 44859 | B52: 시내교통비(Pan Shi Qiang) | D52: 11 | E52: 여비교통비 | F52: 해외 | I52: 879.48 | J52: =I52/'통장내역(환율표)'!$D$53 -> 123.1361 | K52: =K51+G52-I52 -> 55415.28 | L52: =L51+H52-J52 -> 7758.7402 | N52: =N51-J52+H52 -> 7758.7381
A53: 44859 | B53: 은행수수료 | D53: 11 | E53: 해외지사비 | I53: 3.6 | J53: =I53/'통장내역(환율표)'!$D$53 -> 0.50403645 | K53: =K52+G53-I53 -> 55411.68 | L53: =L52+H53-J53 -> 7758.2361 | N53: =N52-J53+H53 -> 7758.2341
A54: 44859 | B54: 통신비(Pan Shi Qiang) | D54: 12 | E54: 통신비 | F54: 기타 | I54: 133.5 | J54: =I54/'통장내역(환율표)'!$D$53 -> 18.691352 | K54: =K53+G54-I54 -> 55278.18 | L54: =L53+H54-J54 -> 7739.5448 | N54: =N53-J54+H54 -> 7739.5427
A55: 44859 | B55: 은행수수료 | D55: 12 | E55: 해외지사비 | I55: 3.6 | J55: =I55/'통장내역(환율표)'!$D$53 -> 0.50403645 | K55: =K54+G55-I55 -> 55274.58 | L55: =L54+H55-J55 -> 7739.0407 | N55: =N54-J55+H55 -> 7739.0387
A56: 44859 | B56: 업무추진비(김명관 책임) | D56: 13 | E56: 업무추진비 | I56: 2088 | J56: =I56/'통장내역(환율표)'!$D$53 -> 292.34114 | K56: =K55+G56-I56 -> 53186.58 | L56: =L55+H56-J56 -> 7446.6996 | N56: =N55-J56+H56 -> 7446.6976
A57: 44859 | B57: 은행수수료 | D57: 13 | E57: 해외지사비 | I57: 3.6 | J57: =I57/'통장내역(환율표)'!$D$53 -> 0.50403645 | K57: =K56+G57-I57 -> 53182.98 | L57: =L56+H57-J57 -> 7446.1956 | N57: =N56-J57+H57 -> 7446.1935
A58: 44859 | B58: 통신비(김명관 책임) | D58: 14 | E58: 통신비 | F58: 기타 | I58: 199 | J58: =I58/'통장내역(환율표)'!$D$53 -> 27.862015 | K58: =K57+G58-I58 -> 52983.98 | L58: =L57+H58-J58 -> 7418.3335 | N58: =N57-J58+H58 -> 7418.3315
A59: 44859 | B59: 은행수수료 | D59: 14 | E59: 해외지사비 | I59: 3.6 | J59: =I59/'통장내역(환율표)'!$D$53 -> 0.50403645 | K59: =K58+G59-I59 -> 52980.38 | L59: =L58+H59-J59 -> 7417.8295 | N59: =N58-J59+H59 -> 7417.8275
A60: 44859 | B60: 청소비 9,10월 | D60: 15 | E60: 해외지사비 | I60: 600 | J60: =I60/'통장내역(환율표)'!$D$53 -> 84.006075 | K60: =K59+G60-I60 -> 52380.38 | L60: =L59+H60-J60 -> 7333.8234 | N60: =N59-J60+H60 -> 7333.8214
A61: 44859 | B61: 택배 | D61: 15 | E61: 해외지사비 | I61: 36 | J61: =I61/'통장내역(환율표)'!$D$53 -> 5.0403645 | K61: =K60+G61-I61 -> 52344.38 | L61: =L60+H61-J61 -> 7328.7831 | N61: =N60-J61+H61 -> 7328.781
A62: 44859 | B62: Print 및 Scan비 | D62: 15 | E62: 해외지사비 | I62: 146 | J62: =I62/'통장내역(환율표)'!$D$53 -> 20.441478 | K62: =K61+G62-I62 -> 52198.38 | L62: =L61+H62-J62 -> 7308.3416 | N62: =N61-J62+H62 -> 7308.3396
A63: 44859 | B63: 은행수수료 | D63: 15 | E63: 해외지사비 | I63: 3.6 | J63: =I63/'통장내역(환율표)'!$D$53 -> 0.50403645 | K63: =K62+G63-I63 -> 52194.78 | L63: =L62+H63-J63 -> 7307.8376 | N63: =N62-J63+H63 -> 7307.8355
A64: 44859 | B64: 통신비(사무실 wifi비) 9, 10월 | D64: 16 | E64: 통신비 | F64: 기타 | I64: 796.5 | J64: =I64/'통장내역(환율표)'!$D$53 -> 111.51806 | K64: =K63+G64-I64 -> 51398.28 | L64: =L63+H64-J64 -> 7196.3195 | N64: =N63-J64+H64 -> 7196.3175
A65: 44859 | B65: 은행수수료 | D65: 16 | E65: 해외지사비 | I65: 3.6 | J65: =I65/'통장내역(환율표)'!$D$53 -> 0.50403645 | K65: =K64+G65-I65 -> 51394.68 | L65: =L64+H65-J65 -> 7195.8155 | N65: =N64-J65+H65 -> 7195.8134
A66: 44859 | B66: 은행수수료 | D66: 17 | E66: 해외지사비 | I66: 3.6 | J66: =I66/'통장내역(환율표)'!$D$53 -> 0.50403645 | K66: =K65+G66-I66 -> 51391.08 | L66: =L65+H66-J66 -> 7195.3114 | M66: 신순연 책임 시내교통비 인출 시 발생 수수료 *교통비 재입금 | N66: =N65-J66+H66 -> 7195.3094
A67: 44859 | B67: 휴가비(신순연 책임, 심천 to 서월 왕복 항공권, 핵산 검사 비용 및 격리 비용) | D67: 18 | E67: 해외지사비 | I67: 12868.42 | J67: =I67/'통장내역(환율표)'!$D$53 -> 1801.7091 | K67: =K66+G67-I67 -> 38522.66 | L67: =L66+H67-J67 -> 5393.6023 | M67: 4.09 추가 인출 완료 | N67: =N66-J67+H67 -> 5393.6003
A68: 44859 | B68: 은행수수료 | D68: 18 | E68: 해외지사비 | I68: 7.2 | J68: =I68/'통장내역(환율표)'!$D$53 -> 1.0080729 | K68: =K67+G68-I68 -> 38515.46 | L68: =L67+H68-J68 -> 5392.5943 | N68: =N67-J68+H68 -> 5392.5922
A69: 44859 | B69: 사무실 운영비(신순연 책임 한국 등록증 연장 의뢰 비용) | D69: 19 | E69: 해외지사비 | I69: 1753.3313 | J69: =I69/'통장내역(환율표)'!$D$53 -> 245.48414 | K69: =K68+G69-I69 -> 36762.129 | L69: =L68+H69-J69 -> 5147.1101 | N69: =N68-J69+H69 -> 5147.1081
A70: 44859 | B70: 은행수수료 | D70: 19 | E70: 해외지사비 | I70: 3.6 | J70: =I70/'통장내역(환율표)'!$D$53 -> 0.50403645 | K70: =K69+G70-I70 -> 36758.529 | L70: =L69+H70-J70 -> 5146.6061 | N70: =N69-J70+H70 -> 5146.6041
A71: 44862 | B71: 9월 사무실 관리비 에어컨, 전기/물 비용 | D71: 20 | E71: 해외지사비 | I71: 1662.83 | J71: =I71/'통장내역(환율표)'!$D$53 -> 232.81304 | K71: =K70+G71-I71 -> 35095.699 | L71: =L70+H71-J71 -> 4913.793 | N71: =N70-J71+H71 -> 4913.791
A72: 44862 | B72: 은행수수료 | D72: 20 | E72: 해외지사비 | I72: 3.6 | J72: =I72/'통장내역(환율표)'!$D$53 -> 0.50403645 | K72: =K71+G72-I72 -> 35092.099 | L72: =L71+H72-J72 -> 4913.289 | N72: =N71-J72+H72 -> 4913.287

Sheet 내역_22.11
A1: 11월 전도금 사용 내역 | K1: 100066029
A2: 10/10 송금 환율(1,410.3) | E2: 100069659 | G2: 11/10 송금 환율(1368.3) | K2: 100069665 | L2: 1200000696
A3: 대계정 | B3: 소계정 | C3: 금액 (RMB) | D3: 금액 (USD) | E3: 금액 (KRW) | G3: 대계정 | H3: 소계정 | I3: 금액 (RMB) | J3: 금액 (USD) | K3: 금액 (KRW)
A4: 소모품비 | G4: 소모품비
A5: 업무추진비 | B5: 일반 | F5: 51131050 | G5: 업무추진비 | H5: 일반 | I5: 4902 | J5: 685.39111 | K5: 937819 | L5: =K5+E5 -> 937819
A6: 여비교통비 | B6: 해외 | F6: 51061030 | G6: 여비교통비 | H6: 해외 | I6: 3271.04 | J6: 457.35246 | K6: 625792 | L6: =K6+E6 -> 625792
A7: 지급임차료 | B7: 사무실관리 | F7: 51201020 | G7: 지급임차료 | H7: 사무실관리 | I7: 19440 | J7: 2718.0749 | K7: 3719135 | L7: =K7+E7 -> 3719135
A8: 지급임차료 | B8: 차량임차료 | F8: 51201030 | G8: 지급임차료 | H8: 차량임차료 | I8: 10500 | J8: 1468.096 | K8: 2008801 | L8: =K8+E8 -> 2008801
A9: 통신비 | B9: 기타 | F9: 51071700 | G9: 통신비 | H9: 기타 | I9: 695 | J9: 97.173975 | K9: 132958 | L9: =K9+E9 -> 132958
A10: 해외지사비 | C10: 35092.369 | D10: 4913.287 | E10: 6929213 | F10: 51321010 | G10: 해외지사비 | I10: 87962.151 | J10: 12324.751 | K10: 16863955 | L10: =K10+E10 -> 23793168
A11: 보증금 | F11: 13081010 | G11: 보증금
A12: Total | C12: =SUM(C4:C11) -> 35092.369 | D12: =SUM(D4:D11) -> 4913.287 | E12: =SUM(E4:E11) -> 6929213 | F12: 52981010 | G12: Total | I12: =SUM(I4:I11) -> 126770.19 | J12: =SUM(J4:J11) -> 17750.839 | K12: =SUM(K4:K10) -> 24288460
C13: =C12+I12 -> 161862.56 | D13: =D12+J12 -> 22664.126 | E13: =E12+K12 -> 31217673 | K13: 16280.086 | L13: 2425.7418
A14: 보증금 | B14: 13081010 | H14: =SUBTOTAL(9,H17:H64) -> 22744.4 | I14: =SUBTOTAL(9,I17:I79) -> 161862.56 | J14: =SUBTOTAL(9,J17:J77) -> 22664.12
A15: 날짜 | B15: 내역 | D15: 증빙번호 | E15: 대계정 | F15: 소계정 | G15: 입금 | I15: 출금 | K15: 잔액 | M15: 비고
G16: RMB | H16: USD | I16: RMB | J16: USD | K16: RMB | L16: USD
A17: 44865 | B17: 기존 잔고 | K17: 35092.099 | L17: 4913.289 | N17: 4913.287
A18: 44876 | B18: USD 입금 | G18: 162484.74 | H18: 22744.4 | K18: =K17+G18-I18 -> 197576.84 | L18: =L17+H18-J18 -> 27657.689
A19: 44876 | B19: 은행수수료 | D19: 1 | E19: 해외지사비 | J19: 26 | K19: =K18+G19-I19 -> 197576.84 | L19: =L18+H19-J19 -> 27631.689
A20: 44890 | B20: 주재원 대행 수수료 | D20: 2 | E20: 해외지사비 | I20: 300 | J20: =I20/'통장내역(환율표)'!$D$53 -> 42.003037 | K20: =K19+G20-I20 -> 197276.84 | L20: =L19+H20-J20 -> 27589.686 | M20: 신순연 | N20: =N17-J20+H20 -> 4871.2839
A21: 44890 | B21: 주재원 5대보험 | D21: 2 | E21: 해외지사비 | I21: 7599.43 | J21: =I21/'통장내역(환율표)'!$D$53 -> 1063.9971 | K21: =K20+G21-I21 -> 189677.41 | L21: =L20+H21-J21 -> 26525.689 | M21: 신순연 | N21: =N20-J21+H21 -> 3807.2868
A22: 44890 | B22: 주재원 개인소득세 | D22: 2 | E22: 해외지사비 | I22: 5104.58 | J22: =I22/'통장내역(환율표)'!$D$53 -> 714.69288 | K22: =K21+G22-I22 -> 184572.83 | L22: =L21+H22-J22 -> 25810.996 | M22: 신순연 | N22: =N21-J22+H22 -> 3092.5939
A23: 44890 | B23: 주재원 수당 | D23: 2 | E23: 해외지사비 | I23: 13500 | J23: =I23/'통장내역(환율표)'!$D$53 -> 1890.1367 | K23: =K22+G23-I23 -> 171072.83 | L23: =L22+H23-J23 -> 23920.859 | M23: 신순연 | N23: =N22-J23+H23 -> 1202.4572
A24: 44890 | B24: 주재원 주택 수당_10월 환율 | D24: 2 | E24: 해외지사비 | I24: =J24*'통장내역(환율표)'!$D$53 -> 8588.3592 | J24: 1202.4572 | K24: =K23+G24-I24 -> 162484.47 | L24: =L23+H24-J24 -> 22718.402 | M24: 신순연 | N24: =N23-J24+H24 -> 0
A25: 44890 | B25: 주재원 주택 수당_11월 환율 | D25: 2 | E25: 해외지사비 | I25: =20000-I24 -> 11411.641 | J25: =I25/'통장내역(환율표)'!$D$61 -> 1595.5604 | K25: =K24+G25-I25 -> 151072.83 | L25: =L24+H25-J25 -> 21122.842 | M25: 신순연 | N25: =22718.4-J25 -> 21122.84
A26: 44890 | B26: 주재원 대행 수수료 | D26: 2 | E26: 해외지사비 | I26: 300 | J26: =I26/'통장내역(환율표)'!$D$61 -> 41.945601 | K26: =K25+G26-I26 -> 150772.83 | L26: =L25+H26-J26 -> 21080.896 | M26: 김명관 | N26: =N25-J26+H26 -> 21080.894
A27: 44890 | B27: 주재원 5대보험 | D27: 2 | E27: 해외지사비 | I27: 4224.43 | J27: =I27/'통장내역(환율표)'!$D$61 -> 590.65418 | K27: =K26+G27-I27 -> 146548.4 | L27: =L26+H27-J27 -> 20490.242 | M27: 김명관 | N27: =N26-J27+H27 -> 20490.24
A28: 44890 | B28: 주재원 개인소득세 | D28: 2 | E28: 해외지사비 | I28: 2114.29 | J28: =I28/'통장내역(환율표)'!$D$61 -> 295.61721 | K28: =K27+G28-I28 -> 144434.11 | L28: =L27+H28-J28 -> 20194.625 | M28: 김명관 | N28: =N27-J28+H28 -> 20194.623
A29: 44890 | B29: 주재원 수당 | D29: 2 | E29: 해외지사비 | I29: 13500 | J29: =I29/'통장내역(환율표)'!$D$61 -> 1887.552 | K29: =K28+G29-I29 -> 130934.11 | L29: =L28+H29-J29 -> 18307.073 | M29: 김명관 | N29: =N28-J29+H29 -> 18307.071
A30: 44890 | B30: 주재원 주택 수당 | D30: 2 | E30: 해외지사비 | I30: 14000 | J30: =I30/'통장내역(환율표)'!$D$61 -> 1957.4614 | K30: =K29+G30-I30 -> 116934.11 | L30: =L29+H30-J30 -> 16349.611 | M30: 김명관 | N30: =N29-J30+H30 -> 16349.609
A31: 44890 | B31: 주재원 대행 수수료 | D31: 2 | E31: 해외지사비 | I31: 300 | J31: =I31/'통장내역(환율표)'!$D$61 -> 41.945601 | K31: =K30+G31-I31 -> 116634.11 | L31: =L30+H31-J31 -> 16307.666 | M31: 현채인 | N31: =N30-J31+H31 -> 16307.664
A32: 44890 | B32: 주재원 5대보험 | D32: 2 | E32: 해외지사비 | I32: 8308.1 | J32: =I32/'통장내역(환율표)'!$D$61 -> 1161.6275 | K32: =K31+G32-I32 -> 108326.01 | L32: =L31+H32-J32 -> 15146.038 | M32: 현채인 | N32: =N31-J32+H32 -> 15146.036
A33: 44890 | B33: 주재원 개인소득세 | D33: 2 | E33: 해외지사비 | I33: 1832.26 | J33: =I33/'통장내역(환율표)'!$D$61 -> 256.18415 | K33: =K32+G33-I33 -> 106493.75 | L33: =L32+H33-J33 -> 14889.854 | M33: 현채인 | N33: =N32-J33+H33 -> 14889.852
A34: 44890 | B34: 주재원 수당 | D34: 2 | E34: 해외지사비 | I34: 21490.33 | J34: =I34/'통장내역(환율표)'!$D$61 -> 3004.7493 | K34: =K33+G34-I34 -> 85003.419 | L34: =L33+H34-J34 -> 11885.105 | M34: 현채인 | N34: =N33-J34+H34 -> 11885.103
A35: 44890 | B35: 은행수수료 | D35: 2 | E35: 해외지사비 | I35: 12 | J35: =I35/'통장내역(환율표)'!$D$61 -> 1.677824 | K35: =K34+G35-I35 -> 84991.419 | L35: =L34+H35-J35 -> 11883.427 | N35: =N34-J35+H35 -> 11883.425
A36: 44890 | B36: 사무실 임대료 | D36: 3 | E36: 지급임차료 | F36: 사무실관리 | I36: 19440 | J36: =I36/'통장내역(환율표)'!$D$61 -> 2718.0749 | K36: =K35+G36-I36 -> 65551.419 | L36: =L35+H36-J36 -> 9165.3519 | N36: =N35-J36+H36 -> 9165.3499
A37: 44890 | B37: 은행수수료 | D37: 3 | E37: 해외지사비 | I37: 7.2 | J37: =I37/'통장내역(환율표)'!$D$61 -> 1.0066944 | K37: =K36+G37-I37 -> 65544.219 | L37: =L36+H37-J37 -> 9164.3452 | N37: =N36-J37+H37 -> 9164.3432
A38: 44890 | B38: 세무대행비 | D38: 4 | E38: 해외지사비 | I38: 1000 | J38: =I38/'통장내역(환율표)'!$D$61 -> 139.81867 | K38: =K37+G38-I38 -> 64544.219 | L38: =L37+H38-J38 -> 9024.5266 | M38: 세무대행비 | N38: =N37-J38+H38 -> 9024.5245
A39: 44890 | B39: 은행수수료 | D39: 4 | E39: 해외지사비 | I39: 3.6 | J39: =I39/'통장내역(환율표)'!$D$61 -> 0.50334721 | K39: =K38+G39-I39 -> 64540.619 | L39: =L38+H39-J39 -> 9024.0232 | N39: =N38-J39+H39 -> 9024.0212
A40: 44890 | B40: 사무실관리비 | D40: 5 | E40: 해외지사비 | I40: 1262.51 | J40: =I40/'통장내역(환율표)'!$D$61 -> 176.52247 | K40: =K39+G40-I40 -> 63278.109 | L40: =L39+H40-J40 -> 8847.5007 | M40: 사무실 에어컨, 수도, 전기, 관리비 | N40: =N39-J40+H40 -> 8847.4987
A41: 44890 | B41: 은행수수료 | D41: 5 | E41: 해외지사비 | I41: 3.6 | J41: =I41/'통장내역(환율표)'!$D$61 -> 0.50334721 | K41: =K40+G41-I41 -> 63274.509 | L41: =L40+H41-J41 -> 8846.9974 | N41: =N40-J41+H41 -> 8846.9954
A42: 44890 | B42: 차량 Rent비 | D42: 6 | E42: 지급임차료 | F42: 차량임차료 | I42: 10500 | J42: =I42/'통장내역(환율표)'!$D$61 -> 1468.096 | K42: =K41+G42-I42 -> 52774.509 | L42: =L41+H42-J42 -> 7378.9014 | N42: =N41-J42+H42 -> 7378.8994
A43: 44890 | B43: 차량 기사비 | D43: 6 | E43: 해외지사비 | I43: 6000 | J43: =I43/'통장내역(환율표)'!$D$61 -> 838.91201 | K43: =K42+G43-I43 -> 46774.509 | L43: =L42+H43-J43 -> 6539.9894 | N43: =N42-J43+H43 -> 6539.9873
A44: 44890 | B44: 기사 야근비용 | D44: 6 | E44: 해외지사비 | I44: 270 | J44: =I44/'통장내역(환율표)'!$D$61 -> 37.75104 | K44: =K43+G44-I44 -> 46504.509 | L44: =L43+H44-J44 -> 6502.2383 | N44: =N43-J44+H44 -> 6502.2363
A45: 44890 | B45: 은행수수료 | D45: 6 | E45: 해외지사비 | I45: 7.2 | J45: =I45/'통장내역(환율표)'!$D$61 -> 1.0066944 | K45: =K44+G45-I45 -> 46497.309 | L45: =L44+H45-J45 -> 6501.2316 | N45: =N44-J45+H45 -> 6501.2296
A46: 44890 | B46: 주유비 | D46: 7 | E46: 여비교통비 | F46: 해외 | I46: 1712 | J46: =I46/'통장내역(환율표)'!$D$61 -> 239.36956 | K46: =K45+G46-I46 -> 44785.309 | L46: =L45+H46-J46 -> 6261.8621 | N46: =N45-J46+H46 -> 6261.86
A47: 44890 | B47: 주차비 | D47: 7 | E47: 여비교통비 | F47: 해외 | I47: 920 | J47: =I47/'통장내역(환율표)'!$D$61 -> 128.63318 | K47: =K46+G47-I47 -> 43865.309 | L47: =L46+H47-J47 -> 6133.2289 | N47: =N46-J47+H47 -> 6133.2269
A48: 44890 | B48: 톨비 | D48: 7 | E48: 여비교통비 | F48: 해외 | I48: 56 | J48: =I48/'통장내역(환율표)'!$D$61 -> 7.8298454 | K48: =K47+G48-I48 -> 43809.309 | L48: =L47+H48-J48 -> 6125.3991 | N48: =N47-J48+H48 -> 6125.397
A49: 44890 | B49: 은행수수료 | D49: 7 | E49: 해외지사비 | I49: 3.6 | J49: =I49/'통장내역(환율표)'!$D$61 -> 0.50334721 | K49: =K48+G49-I49 -> 43805.709 | L49: =L48+H49-J49 -> 6124.8957 | N49: =N48-J49+H49 -> 6124.8937
A50: 44890 | B50: 통신비(김명관 책임) | D50: 8 | E50: 통신비 | F50: 기타 | I50: 200 | J50: 27.96 | K50: =K49+G50-I50 -> 43605.709 | L50: =L49+H50-J50 -> 6096.9357 | N50: =N49-J50+H50 -> 6096.9337
A51: 44890 | B51: 업무추진비 | D51: 8 | E51: 업무추진비 | I51: 4902 | J51: =I51/'통장내역(환율표)'!$D$61 -> 685.39111 | K51: =K50+G51-I51 -> 38703.709 | L51: =L50+H51-J51 -> 5411.5446 | N51: =N50-J51+H51 -> 5411.5426
A52: 44890 | B52: 은행수수료 | D52: 8 | E52: 해외지사비 | I52: 3.6 | J52: =I52/'통장내역(환율표)'!$D$61 -> 0.50334721 | K52: =K51+G52-I52 -> 38700.109 | L52: =L51+H52-J52 -> 5411.0412 | N52: =N51-J52+H52 -> 5411.0392
A53: 44890 | B53: 통신비(Pan Shi Qiang 책임) | D53: 9 | E53: 통신비 | F53: 기타 | I53: 98.5 | J53: 13.77 | K53: =K52+G53-I53 -> 38601.609 | L53: =L52+H53-J53 -> 5397.2712 | N53: =N52-J53+H53 -> 5397.2692
A54: 44890 | B54: 시내교통비 | D54: 9 | E54: 여비교통비 | F54: 해외 | I54: 583.04 | J54: =I54/'통장내역(환율표)'!$D$61 -> 81.519876 | K54: =K53+G54-I54 -> 38018.569 | L54: =L53+H54-J54 -> 5315.7514 | N54: =N53-J54+H54 -> 5315.7493
A55: 44890 | B55: 택배비용 | D55: 9 | E55: 해외지사비 | I55: 172.21 | J55: =I55/'통장내역(환율표)'!$D$61 -> 24.078173 | K55: =K54+G55-I55 -> 37846.359 | L55: =L54+H55-J55 -> 5291.6732 | N55: =N54-J55+H55 -> 5291.6712
A56: 44890 | B56: 사무비품 | D56: 9 | E56: 해외지사비 | I56: =19.7+1003 -> 1022.7 | J56: =I56/'통장내역(환율표)'!$D$61 -> 142.99255 | K56: =K55+G56-I56 -> 36823.659 | L56: =L55+H56-J56 -> 5148.6806 | N56: =N55-J56+H56 -> 5148.6786
A57: 44890 | B57: 은행수수료 | D57: 9 | E57: 해외지사비 | I57: 3.6 | J57: =I57/'통장내역(환율표)'!$D$61 -> 0.50334721 | K57: =K56+G57-I57 -> 36820.059 | L57: =L56+H57-J57 -> 5148.1773 | N57: =N56-J57+H57 -> 5148.1753
A58: 44890 | B58: 청소비 | D58: 10 | E58: 해외지사비 | I58: 300 | J58: =I58/'통장내역(환율표)'!$D$61 -> 41.945601 | K58: =K57+G58-I58 -> 36520.059 | L58: =L57+H58-J58 -> 5106.2317 | N58: =N57-J58+H58 -> 5106.2297
A59: 44890 | B59: 사무비품(생수,쓰레기봉투) | D59: 10 | E59: 해외지사비 | I59: =227.46-34.98 -> 192.48 | J59: =I59/'통장내역(환율표)'!$D$61 -> 26.912297 | K59: =K58+G59-I59 -> 36327.579 | L59: =L58+H59-J59 -> 5079.3194 | N59: =N58-J59+H59 -> 5079.3174
A60: 44890 | B60: 은행수수료 | D60: 10 | E60: 해외지사비 | I60: 3.6 | J60: =I60/'통장내역(환율표)'!$D$61 -> 0.50334721 | K60: =K59+G60-I60 -> 36323.979 | L60: =L59+H60-J60 -> 5078.8161 | N60: =N59-J60+H60 -> 5078.814
A61: 44890 | B61: 신순연 책임_Print 및 Sacn비용(사무실 운영비) | D61: 11 | E61: 해외지사비 | I61: 206 | J61: =I61/'통장내역(환율표)'!$D$61 -> 28.802646 | K61: =K60+G61-I61 -> 36117.979 | L61: =L60+H61-J61 -> 5050.0134 | N61: =N60-J61+H61 -> 5050.0114
A62: 44890 | B62: 은행수수료 | D62: 11 | E62: 해외지사비 | I62: 3.6 | J62: =I62/'통장내역(환율표)'!$D$61 -> 0.50334721 | K62: =K61+G62-I62 -> 36114.379 | L62: =L61+H62-J62 -> 5049.5101 | N62: =N61-J62+H62 -> 5049.508
A63: 44890 | B63: 사무실 Internet비용 | D63: 12 | E63: 통신비 | F63: 기타 | I63: 396.5 | J63: =I63/'통장내역(환율표)'!$D$61 -> 55.438102 | K63: =K62+G63-I63 -> 35717.879 | L63: =L62+H63-J63 -> 4994.072 | N63: =N62-J63+H63 -> 4994.0699
A64: 44890 | B64: 은행수수료 | D64: 12 | E64: 해외지사비 | I64: 3.6 | J64: =I64/'통장내역(환율표)'!$D$61 -> 0.50334721 | K64: =K63+G64-I64 -> 35714.279 | L64: =L63+H64-J64 -> 4993.5686 | N64: =N63-J64+H64 -> 4993.5666

Sheet 내역_22.12
A1: 12월 전도금 사용 내역 | K1: 100066029
A2: 11/10 송금 환율(1368.3) | E2: 100077177 | G2: 12/10 송금 환율(1306.6) | K2: 100077182 | L2: 1200000696
A3: 대계정 | B3: 소계정 | C3: 금액 (RMB) | D3: 금액 (USD) | E3: 금액 (KRW) | G3: 대계정 | H3: 소계정 | I3: 금액 (RMB) | J3: 금액 (USD) | K3: 금액 (KRW)
A4: 소모품비 | G4: 소모품비
A5: 업무추진비 | B5: 일반 | F5: 51131050 | G5: 업무추진비 | H5: 일반 | I5: 1552 | J5: 223.14858 | K5: 291568 | L5: =K5+E5 -> 291568
A6: 여비교통비 | B6: 해외 | F6: 51061030 | G6: 여비교통비 | H6: 해외 | I6: 9203.124 | J6: 1323.2371 | K6: 1728945 | L6: =K6+E6 -> 1728945
A7: 지급임차료 | B7: 사무실관리 | F7: 51201020 | G7: 지급임차료 | H7: 사무실관리 | I7: 19440 | J7: 2795.1085 | K7: 3652091 | L7: =K7+E7 -> 3652091
A8: 지급임차료 | B8: 차량임차료 | F8: 51201030 | G8: 지급임차료 | H8: 차량임차료 | I8: 10500 | J8: 1509.7036 | K8: 1972574 | L8: =K8+E8 -> 1972574
A9: 통신비 | B9: 기타 | F9: 51071700 | G9: 통신비 | H9: 기타 | I9: 896.5 | J9: 128.89993 | K9: 168421 | L9: =K9+E9 -> 168421
A10: 해외지사비 | C10: 35809.301 | D10: 5006.8088 | E10: 6850818 | F10: 51321010 | G10: 해외지사비 | I10: 84589.079 | J10: 12188.328 | K10: 15925272 | L10: =K10+E10 -> 22776090
A11: 보증금 | F11: 13081010 | G11: 보증금
A12: Total | C12: =SUM(C4:C11) -> 35809.301 | D12: =SUM(D4:D11) -> 5006.8088 | E12: =SUM(E4:E11) -> 6850818 | F12: 52981010 | G12: Total | I12: =SUM(I4:I11) -> 126180.7 | J12: =SUM(J4:J11) -> 18168.425 | K12: =SUM(K4:K10) -> 23738871
C13: =C12+I12 -> 161990 | D13: =D12+J12 -> 23175.234 | E13: =E12+K12 -> 30589689 | K13: 16280.086 | L13: 2425.7418
A14: 보증금 | B14: 13081010 | H14: =SUBTOTAL(9,H17:H69) -> 24238.562 | I14: =SUBTOTAL(9,I17:I84) -> 161990 | J14: =SUBTOTAL(9,J17:J82) -> 23175.237
A15: 날짜 | B15: 내역 | D15: 증빙번호 | E15: 대계정 | F15: 소계정 | G15: 입금 | I15: 출금 | K15: 잔액 | M15: 비고
G16: RMB | H16: USD | I16: RMB | J16: USD | K16: RMB | L16: USD
A17: 44895 | B17: 기존 잔고 | K17: 35714.279 | L17: 4993.5686 | N17: 4993.5666
A18: 44908 | B18: USD 입금 | G18: 168306.45 | H18: 24225.32 | K18: =K17+G18-I18 -> 204020.73 | L18: =L17+H18-J18 -> 29218.889
A19: 44908 | B19: 은행수수료 | D19: 1 | E19: 해외지사비 | J19: 26 | K19: =K18+G19-I19 -> 204020.73 | L19: =L18+H19-J19 -> 29192.889
A20: 44916 | B20: 이자 입금 | D20: 2 | E20: 잡이익 | G20: 94.71 | H20: =G20/'통장내역(환율표)'!$D$61 -> 13.242226 | J20: =I20/'통장내역(환율표)'!$D$61 -> 0 | K20: =K19+G20-I20 -> 204115.44 | L20: =L19+H20-J20 -> 29206.131 | M20: 18116 | N20: =N17-J20+H20 -> 5006.8088
A21: 44920 | B21: 주재원 5대보험 | D21: 3 | E21: 해외지사비 | I21: 7599.43 | J21: =I21/'통장내역(환율표)'!$D$61 -> 1062.5422 | K21: =K20+G21-I21 -> 196516.01 | L21: =L20+H21-J21 -> 28143.589 | M21: 신순연 | N21: =N20-J21+H21 -> 3944.2666
A22: 44920 | B22: 주재원 개인소득세 | D22: 3 | E22: 해외지사비 | I22: 5104.59 | J22: =I22/'통장내역(환율표)'!$D$61 -> 713.71698 | K22: =K21+G22-I22 -> 191411.42 | L22: =L21+H22-J22 -> 27429.872 | M22: 신순연 | N22: =N21-J22+H22 -> 3230.5496
A23: 44920 | B23: 주재원수당 | D23: 3 | E23: 해외지사비 | I23: 13500 | J23: =I23/'통장내역(환율표)'!$D$61 -> 1887.552 | K23: =K22+G23-I23 -> 177911.42 | L23: =L22+H23-J23 -> 25542.32 | M23: 신순연 | N23: =N22-J23+H23 -> 1342.9976
A24: 44920 | B24: 주택수당_11월 환율 | D24: 3 | E24: 해외지사비 | I24: =J24*'통장내역(환율표)'!$D$61 -> 9605.2812 | J24: 1342.9976 | K24: =K23+G24-I24 -> 168306.14 | L24: =L23+H24-J24 -> 24199.322 | M24: 신순연 | N24: =N23-J24+H24 -> 0
A25: 44920 | B25: 주택수당_11월 환율 | D25: 3 | E25: 해외지사비 | I25: =20000-I24 -> 10394.719 | J25: =I25/'통장내역(환율표)'!$D$66 -> 1494.5662 | K25: =K24+G25-I25 -> 157911.42 | L25: =L24+H25-J25 -> 22704.756 | M25: 신순연 | N25: =24199.32-J25 -> 22704.754
A26: 44920 | B26: 주재원 대행 수수료 | D26: 3 | E26: 해외지사비 | I26: 300 | J26: =I26/'통장내역(환율표)'!$D$66 -> 43.13439 | K26: =K25+G26-I26 -> 157611.42 | L26: =L25+H26-J26 -> 22661.621 | M26: 신순연 | N26: =N25-J26+H26 -> 22661.619
A27: 44920 | B27: 주재원 5대보험 | D27: 3 | E27: 해외지사비 | I27: 4224.43 | J27: =I27/'통장내역(환율표)'!$D$66 -> 607.39403 | K27: =K26+G27-I27 -> 153386.99 | L27: =L26+H27-J27 -> 22054.227 | M27: 김명관 | N27: =N26-J27+H27 -> 22054.225
A28: 44920 | B28: 주재원 개인소득세 | D28: 3 | E28: 해외지사비 | I28: 2114.29 | J28: =I28/'통장내역(환율표)'!$D$66 -> 303.99536 | K28: =K27+G28-I28 -> 151272.7 | L28: =L27+H28-J28 -> 21750.232 | M28: 김명관 | N28: =N27-J28+H28 -> 21750.23
A29: 44920 | B29: 주재원수당 | D29: 3 | E29: 해외지사비 | I29: 13500 | J29: =I29/'통장내역(환율표)'!$D$66 -> 1941.0475 | K29: =K28+G29-I29 -> 137772.7 | L29: =L28+H29-J29 -> 19809.185 | M29: 김명관 | N29: =N28-J29+H29 -> 19809.183
A30: 44920 | B30: 주택수당 | D30: 3 | E30: 해외지사비 | I30: 14000 | J30: =I30/'통장내역(환율표)'!$D$66 -> 2012.9382 | K30: =K29+G30-I30 -> 123772.7 | L30: =L29+H30-J30 -> 17796.246 | M30: 김명관 | N30: =N29-J30+H30 -> 17796.244
A31: 44920 | B31: 주재원 대행 수수료 | D31: 3 | E31: 해외지사비 | I31: 300 | J31: =I31/'통장내역(환율표)'!$D$66 -> 43.13439 | K31: =K30+G31-I31 -> 123472.7 | L31: =L30+H31-J31 -> 17753.112 | M31: 김명관 | N31: =N30-J31+H31 -> 17753.11
A32: 44920 | B32: 주재원 5대보험 | D32: 3 | E32: 해외지사비 | I32: 8308.1 | J32: =I32/'통장내역(환율표)'!$D$66 -> 1194.5494 | K32: =K31+G32-I32 -> 115164.6 | L32: =L31+H32-J32 -> 16558.563 | M32: 판책임 | N32: =N31-J32+H32 -> 16558.561
A33: 44920 | B33: 주재원 개인소득세 | D33: 3 | E33: 해외지사비 | I33: 1672.25 | J33: =I33/'통장내역(환율표)'!$D$66 -> 240.43828 | K33: =K32+G33-I33 -> 113492.35 | L33: =L32+H33-J33 -> 16318.124 | M33: 판책임 | N33: =N32-J33+H33 -> 16318.122
A34: 44920 | B34: 주재원수당 | D34: 3 | E34: 해외지사비 | I34: 20050.34 | J34: =I34/'통장내역(환율표)'!$D$66 -> 2882.8639 | K34: =K33+G34-I34 -> 93442.009 | L34: =L33+H34-J34 -> 13435.26 | M34: 판책임 | N34: =N33-J34+H34 -> 13435.258
A35: 44920 | B35: 주재원 대행 수수료 | D35: 3 | E35: 해외지사비 | I35: 300 | J35: =I35/'통장내역(환율표)'!$D$66 -> 43.13439 | K35: =K34+G35-I35 -> 93142.009 | L35: =L34+H35-J35 -> 13392.126 | M35: 판책임 | N35: =N34-J35+H35 -> 13392.124
A36: 44920 | B36: 은행수수료 | D36: 3 | E36: 해외지사비 | I36: 12 | J36: =I36/'통장내역(환율표)'!$D$66 -> 1.7253756 | K36: =K35+G36-I36 -> 93130.009 | L36: =L35+H36-J36 -> 13390.401 | N36: =N35-J36+H36 -> 13390.399
A37: 44920 | B37: 사무실 임대료 | D37: 4(영수증 다음주 Update) | E37: 지급임차료 | F37: 사무실관리 | I37: 19440 | J37: =I37/'통장내역(환율표)'!$D$66 -> 2795.1085 | K37: =K36+G37-I37 -> 73690.009 | L37: =L36+H37-J37 -> 10595.292 | N37: =N36-J37+H37 -> 10595.29
A38: 44920 | B38: 은행수수료 | D38: 4 | E38: 해외지사비 | I38: 7.2 | J38: =I38/'통장내역(환율표)'!$D$66 -> 1.0352254 | K38: =K37+G38-I38 -> 73682.809 | L38: =L37+H38-J38 -> 10594.257 | N38: =N37-J38+H38 -> 10594.255
A39: 44920 | B39: 세무대행비 | D39: 5 | E39: 해외지사비 | I39: 1000 | J39: =I39/'통장내역(환율표)'!$D$66 -> 143.7813 | K39: =K38+G39-I39 -> 72682.809 | L39: =L38+H39-J39 -> 10450.476 | N39: =N38-J39+H39 -> 10450.474
A40: 44920 | B40: 은행수수료 | D40: 5 | E40: 해외지사비 | I40: 3.6 | J40: =I40/'통장내역(환율표)'!$D$66 -> 0.51761268 | K40: =K39+G40-I40 -> 72679.209 | L40: =L39+H40-J40 -> 10449.958 | N40: =N39-J40+H40 -> 10449.956
A41: 44920 | B41: 차량 Rent비 | D41: 6 | E41: 지급임차료 | F41: 차량임차료 | I41: 10500 | J41: =I41/'통장내역(환율표)'!$D$66 -> 1509.7036 | K41: =K40+G41-I41 -> 62179.209 | L41: =L40+H41-J41 -> 8940.2543 | N41: =N40-J41+H41 -> 8940.2523
A42: 44920 | B42: 차량 기사비 | D42: 6 | E42: 해외지사비 | I42: 6000 | J42: =I42/'통장내역(환율표)'!$D$66 -> 862.68779 | K42: =K41+G42-I42 -> 56179.209 | L42: =L41+H42-J42 -> 8077.5666 | N42: =N41-J42+H42 -> 8077.5645
A43: 44920 | B43: 기사 야근비용 | D43: 6 | E43: 해외지사비 | I43: 240 | J43: =I43/'통장내역(환율표)'!$D$66 -> 34.507512 | K43: =K42+G43-I43 -> 55939.209 | L43: =L42+H43-J43 -> 8043.059 | N43: =N42-J43+H43 -> 8043.057
A44: 44920 | B44: 은행수수료 | D44: 6 | E44: 해외지사비 | I44: 7.2 | J44: =I44/'통장내역(환율표)'!$D$66 -> 1.0352254 | K44: =K43+G44-I44 -> 55932.009 | L44: =L43+H44-J44 -> 8042.0238 | N44: =N43-J44+H44 -> 8042.0218
A45: 44920 | B45: 사무실관리비 | D45: 7 | E45: 해외지사비 | I45: 1267.91 | J45: =I45/'통장내역(환율표)'!$D$66 -> 182.30175 | K45: =K44+G45-I45 -> 54664.099 | L45: =L44+H45-J45 -> 7859.7221 | M45: 사무실 에어컨, 수도, 전기, 관리비 | N45: =N44-J45+H45 -> 7859.72
A46: 44920 | B46: 은행수수료 | D46: 7 | E46: 해외지사비 | I46: 3.6 | J46: =I46/'통장내역(환율표)'!$D$66 -> 0.51761268 | K46: =K45+G46-I46 -> 54660.499 | L46: =L45+H46-J46 -> 7859.2045 | N46: =N45-J46+H46 -> 7859.2024
A47: 44920 | B47: 주유비 | D47: 8 | E47: 여비교통비 | F47: 해외 | I47: 1515 | J47: 217.83 | K47: =K46+G47-I47 -> 53145.499 | L47: =L46+H47-J47 -> 7641.3745 | N47: =N46-J47+H47 -> 7641.3724
A48: 44920 | B48: 주차비 | D48: 8 | E48: 여비교통비 | F48: 해외 | I48: 910 | J48: =I48/'통장내역(환율표)'!$D$66 -> 130.84098 | K48: =K47+G48-I48 -> 52235.499 | L48: =L47+H48-J48 -> 7510.5335 | N48: =N47-J48+H48 -> 7510.5314
A49: 44920 | B49: 톨비 | D49: 8 | E49: 여비교통비 | F49: 해외 | I49: 128 | J49: =I49/'통장내역(환율표)'!$D$66 -> 18.404006 | K49: =K48+G49-I49 -> 52107.499 | L49: =L48+H49-J49 -> 7492.1295 | N49: =N48-J49+H49 -> 7492.1274
A50: 44920 | B50: 은행수수료 | D50: 8 | E50: 해외지사비 | I50: 3.6 | J50: =I50/'통장내역(환율표)'!$D$66 -> 0.51761268 | K50: =K49+G50-I50 -> 52103.899 | L50: =L49+H50-J50 -> 7491.6119 | N50: =N49-J50+H50 -> 7491.6098
A51: 44920 | B51: 여비교통비_김명관_HKC충칭 출장건 | D51: 9 | E51: 여비교통비 | F51: 해외 | I51: 3229.56 | J51: =I51/'통장내역(환율표)'!$D$66 -> 464.35033 | K51: =K50+G51-I51 -> 48874.339 | L51: =L50+H51-J51 -> 7027.2615 | N51: =N50-J51+H51 -> 7027.2595
A52: 44920 | B52: 은행수수료 | D52: 9 | E52: 해외지사비 | I52: 3.6 | J52: =I52/'통장내역(환율표)'!$D$66 -> 0.51761268 | K52: =K51+G52-I52 -> 48870.739 | L52: =L51+H52-J52 -> 7026.7439 | N52: =N51-J52+H52 -> 7026.7419
A53: 44920 | B53: 업무추진비_신순연 | D53: 10 | E53: 업무추진비 | F53: 일반 | I53: 788 | J53: =I53/'통장내역(환율표)'!$D$66 -> 113.29966 | K53: =K52+G53-I53 -> 48082.739 | L53: =L52+H53-J53 -> 6913.4442 | N53: =N52-J53+H53 -> 6913.4422
A54: 44920 | B54: 은행수수료 | D54: 10 | E54: 해외지사비 | I54: 3.6 | J54: =I54/'통장내역(환율표)'!$D$66 -> 0.51761268 | K54: =K53+G54-I54 -> 48079.139 | L54: =L53+H54-J54 -> 6912.9266 | N54: =N53-J54+H54 -> 6912.9246
A55: 44920 | B55: 사무실 운영비_신순연 | D55: 11 | E55: 해외지사비 | I55: 535.44 | J55: =I55/'통장내역(환율표)'!$D$66 -> 76.986259 | K55: =K54+G55-I55 -> 47543.699 | L55: =L54+H55-J55 -> 6835.9404 | M55: 사무비품 | N55: =N54-J55+H55 -> 6835.9384
A56: 44920 | B56: 사무실 운영비_신순연 | D56: 11 | E56: 해외지사비 | I56: 12 | J56: =I56/'통장내역(환율표)'!$D$66 -> 1.7253756 | K56: =K55+G56-I56 -> 47531.699 | L56: =L55+H56-J56 -> 6834.215 | M56: 택배 | N56: =N55-J56+H56 -> 6834.213
A57: 44920 | B57: 은행수수료 | D57: 11 | E57: 해외지사비 | I57: 3.6 | J57: =I57/'통장내역(환율표)'!$D$66 -> 0.51761268 | K57: =K56+G57-I57 -> 47528.099 | L57: =L56+H57-J57 -> 6833.6974 | N57: =N56-J57+H57 -> 6833.6954
A58: 44920 | B58: 여비교통비_신순연_HKC충칭 출장건 | D58: 12 | E58: 여비교통비 | F58: 해외 | I58: 3283.56 | J58: =I58/'통장내역(환율표)'!$D$66 -> 472.11452 | K58: =K57+G58-I58 -> 44244.539 | L58: =L57+H58-J58 -> 6361.5829 | N58: =N57-J58+H58 -> 6361.5808
A59: 44920 | B59: 은행수수료 | D59: 12 | E59: 해외지사비 | I59: 3.6 | J59: =I59/'통장내역(환율표)'!$D$66 -> 0.51761268 | K59: =K58+G59-I59 -> 44240.939 | L59: =L58+H59-J59 -> 6361.0653 | N59: =N58-J59+H59 -> 6361.0632
A60: 44920 | B60: 시내교통비_신순연 | D60: 13 | E60: 여비교통비 | F60: 해외 | I60: 137 | J60: 19.7 | K60: =K59+G60-I60 -> 44103.939 | L60: =L59+H60-J60 -> 6341.3653 | N60: =N59-J60+H60 -> 6341.3632
A61: 44920 | B61: 은행수수료 | D61: 13 | E61: 해외지사비 | I61: 3.6 | J61: =I61/'통장내역(환율표)'!$D$66 -> 0.51761268 | K61: =K60+G61-I61 -> 44100.339 | L61: =L60+H61-J61 -> 6340.8476 | N61: =N60-J61+H61 -> 6340.8456
A62: 44920 | B62: 사무실 Internet비용 | D62: 14 | E62: 통신비 | F62: 기타 | I62: 396.5 | J62: =I62/'통장내역(환율표)'!$D$66 -> 57.009285 | K62: =K61+G62-I62 -> 43703.839 | L62: =L61+H62-J62 -> 6283.8384 | N62: =N61-J62+H62 -> 6283.8363
A63: 44920 | B63: 은행수수료 | D63: 14 | E63: 해외지사비 | I63: 3.6 | J63: =I63/'통장내역(환율표)'!$D$66 -> 0.51761268 | K63: =K62+G63-I63 -> 43700.239 | L63: =L62+H63-J63 -> 6283.3207 | N63: =N62-J63+H63 -> 6283.3187
A64: 44921 | B64: 업무추진비_김명관 | D64: 15 | E64: 업무추진비 | F64: 일반 | I64: 764 | J64: =I64/'통장내역(환율표)'!$D$66 -> 109.84891 | K64: =K63+G64-I64 -> 42936.239 | L64: =L63+H64-J64 -> 6173.4718 | N64: =N63-J64+H64 -> 6173.4698
A65: 44921 | B65: 은행수수료 | D65: 15 | E65: 해외지사비 | I65: 3.6 | J65: =I65/'통장내역(환율표)'!$D$66 -> 0.51761268 | K65: =K64+G65-I65 -> 42932.639 | L65: =L64+H65-J65 -> 6172.9542 | N65: =N64-J65+H65 -> 6172.9522
A66: 44921 | B66: 청소비 | D66: 16 | E66: 해외지사비 | I66: 300 | J66: =I66/'통장내역(환율표)'!$D$66 -> 43.13439 | K66: =K65+G66-I66 -> 42632.639 | L66: =L65+H66-J66 -> 6129.8198 | N66: =N65-J66+H66 -> 6129.8178
A67: 44921 | B67: 은행수수료 | D67: 16 | E67: 해외지사비 | I67: 3.6 | J67: =I67/'통장내역(환율표)'!$D$66 -> 0.51761268 | K67: =K66+G67-I67 -> 42629.039 | L67: =L66+H67-J67 -> 6129.3022 | N67: =N66-J67+H67 -> 6129.3002
A68: 44921 | B68: 통신비_신순연 | D68: 17 | E68: 통신비 | F68: 기타 | I68: 500 | J68: =I68/'통장내역(환율표)'!$D$66 -> 71.890649 | K68: =K67+G68-I68 -> 42129.039 | L68: =L67+H68-J68 -> 6057.4116 | N68: =N67-J68+H68 -> 6057.4095
A69: 44921 | B69: 은행수수료 | D69: 17 | E69: 해외지사비 | I69: 3.6 | J69: =I69/'통장내역(환율표)'!$D$66 -> 0.51761268 | K69: =K68+G69-I69 -> 42125.439 | L69: =L68+H69-J69 -> 6056.894 | N69: =N68-J69+H69 -> 6056.8919

Sheet 내역_23.01
A1: 1월 전도금 사용 내역 | K1: 100066029
A2: 12/10 송금 환율(1306.6) | E2: 100000556 | G2: 1/10 송금 환율(1,246.8) | K2: 100000561 | L2: 1200000696
A3: 대계정 | B3: 소계정 | C3: 금액 (RMB) | D3: 금액 (USD) | E3: 금액 (KRW) | G3: 대계정 | H3: 소계정 | I3: 금액 (RMB) | J3: 금액 (USD) | K3: 금액 (KRW)
A4: 소모품비 | G4: 소모품비
A5: 업무추진비 | B5: 일반 | F5: 51131050 | G5: 업무추진비 | H5: 일반 | I5: 6480 | J5: 958.55469 | K5: 1195120 | L5: =K5/I5 -> 184.4321
A6: 여비교통비 | B6: 해외 | F6: 51061030 | G6: 여비교통비 | H6: 해외 | I6: 18400.17 | J6: 2721.8471 | K6: 3393603 | L6: =K6+E6 -> 3393603
A7: 지급임차료 | B7: 사무실관리 | F7: 51201020 | G7: 지급임차료 | H7: 사무실관리 | I7: 19440 | J7: 2875.6641 | K7: 3585373 | L7: =K7+E7 -> 3585373
A8: 지급임차료 | B8: 차량임차료 | F8: 51201030 | G8: 지급임차료 | H8: 차량임차료 | I8: 10500 | J8: 1553.2136 | K8: 1936542 | L8: =K8+E8 -> 1936542
A9: 통신비 | B9: 기타 | F9: 51071700 | G9: 통신비 | H9: 기타 | I9: 1290 | J9: 190.82339 | K9: 237914 | L9: =K9+E9 -> 237914
A10: 해외지사비 | C10: 42125.728 | D10: 6056.8919 | E10: 7913932 | F10: 51321010 | G10: 해외지사비 | I10: 118246.87 | J10: 17517.581 | K10: 21840919 | L10: =K10+E10 -> 29754851
A11: 보증금 | F11: 13081010 | G11: 보증금
A12: Total | C12: =SUM(C4:C11) -> 42125.728 | D12: =SUM(D4:D11) -> 6056.8919 | E12: =SUM(E4:E11) -> 7913932 | F12: 52981010 | G12: Total | I12: =SUM(I4:I11) -> 174357.04 | J12: =SUM(J4:J11) -> 25817.684 | K12: =SUM(K4:K10) -> 32189471
C13: =C12+I12 -> 216482.77 | D13: =D12+J12 -> 31874.576 | E13: =E12+K12 -> 40103403 | L13: 2425.7418
A14: 보증금 | B14: 13081010 | H14: =SUBTOTAL(9,H17:H103) -> 33835.84 | I14: =SUBTOTAL(9,I17:I118) -> 216482.77 | J14: =SUBTOTAL(9,J17:J116) -> 31874.565
A15: 날짜 | B15: 내역 | D15: 증빙번호 | E15: 대계정 | F15: 소계정 | G15: 입금 | I15: 출금 | K15: 잔액 | M15: 비고
G16: RMB | H16: USD | I16: RMB | J16: USD | K16: RMB | L16: USD
A17: 45290 | B17: 기존 잔고 | K17: 42125.439 | L17: 6056.894 | N17: 6056.8919
A18: 44937 | B18: 사무실 운영세금(2022년 10월, 11월, 12월 해당) | D18: 1 | E18: 해외지사비 | I18: 17495.22 | J18: =I18/'통장내역(환율표)'!$D$66 -> 2515.4855 | K18: =K17+G18-I18 -> 24630.219 | L18: =L17+H18-J18 -> 3541.4085 | N18: =N17-J18+H18 -> 3541.4065
A19: 44937 | B19: USD 입금 및 RMB 환전 | D19: 2 | G19: 228561.2 | H19: 33835.84 | J19: =I19/'통장내역(환율표)'!$D$66 -> 0 | K19: =K18+G19-I19 -> 253191.42 | L19: =L18+H19-J19 -> 37377.248
A20: 44937 | B20: 은행수수료 | D20: 1 | E20: 해외지사비 | J20: 25.9 | K20: =K19+G20-I20 -> 253191.42 | L20: =L19+H20-J20 -> 37351.348
A21: 44940 | B21: 주재원 5대보험 | D21: 3 | E21: 해외지사비 | I21: 7606.18 | J21: =I21/'통장내역(환율표)'!$D$66 -> 1093.6264 | K21: =K20+G21-I21 -> 245585.24 | L21: =L20+H21-J21 -> 36257.722 | M21: 신순연 | N21: =N18-J21+H21 -> 2447.78
A22: 44940 | B22: 주재원 개인소득세 | D22: 3 | E22: 해외지사비 | I22: 765.69 | J22: =I22/'통장내역(환율표)'!$D$66 -> 110.0919 | K22: =K21+G22-I22 -> 244819.55 | L22: =L21+H22-J22 -> 36147.63 | M22: 신순연 | N22: =N21-J22+H22 -> 2337.6881
A23: 44940 | B23: 주재원수당 | D23: 3 | E23: 해외지사비 | I23: 13500 | J23: =I23/'통장내역(환율표)'!$D$66 -> 1941.0475 | K23: =K22+G23-I23 -> 231319.55 | L23: =L22+H23-J23 -> 34206.583 | M23: 신순연 | N23: =N22-J23+H23 -> 396.64059
A24: 44940 | B24: 주택수당_12월 환율 | D24: 3 | E24: 해외지사비 | I24: =J24*'통장내역(환율표)'!$D$66 -> 2758.6383 | J24: 396.64059 | K24: =K23+G24-I24 -> 228560.91 | L24: =L23+H24-J24 -> 33809.942 | M24: 신순연 | N24: =N23-J24+H24 -> 0
A25: 44940 | B25: 주택수당_1월 환율 | D25: 3 | E25: 해외지사비 | I25: =20000-I24 -> 17241.362 | J25: =I25/'통장내역(환율표)'!$D$73 -> 2550.4303 | K25: =K24+G25-I25 -> 211319.55 | L25: =L24+H25-J25 -> 31259.512 | M25: 신순연 | N25: =33809.94-J25 -> 31259.51
A26: 44940 | B26: 주재원 대행 수수료 | D26: 3 | E26: 해외지사비 | I26: 300 | J26: =I26/'통장내역(환율표)'!$D$73 -> 44.377532 | K26: =K25+G26-I26 -> 211019.55 | L26: =L25+H26-J26 -> 31215.134 | M26: 신순연 | N26: =N25-J26+H26 -> 31215.132
A27: 44940 | B27: 주재원 5대보험 | D27: 3 | E27: 해외지사비 | I27: 4231.18 | J27: =I27/'통장내역(환율표)'!$D$73 -> 625.89775 | K27: =K26+G27-I27 -> 206788.37 | L27: =L26+H27-J27 -> 30589.236 | M27: 김명관 | N27: =N26-J27+H27 -> 30589.234
A28: 44940 | B28: 주재원 개인소득세 | D28: 3 | E28: 해외지사비 | I28: 634.29 | J28: =I28/'통장내역(환율표)'!$D$73 -> 93.827416 | K28: =K27+G28-I28 -> 206154.08 | L28: =L27+H28-J28 -> 30495.409 | M28: 김명관 | N28: =N27-J28+H28 -> 30495.407
A29: 44940 | B29: 주재원수당 | D29: 3 | E29: 해외지사비 | I29: 13500 | J29: =I29/'통장내역(환율표)'!$D$73 -> 1996.9889 | K29: =K28+G29-I29 -> 192654.08 | L29: =L28+H29-J29 -> 28498.42 | M29: 김명관 | N29: =N28-J29+H29 -> 28498.418
A30: 44940 | B30: 주택수당 | D30: 3 | E30: 해외지사비 | I30: 14000 | J30: =I30/'통장내역(환율표)'!$D$73 -> 2070.9515 | K30: =K29+G30-I30 -> 178654.08 | L30: =L29+H30-J30 -> 26427.469 | M30: 김명관 | N30: =N29-J30+H30 -> 26427.467
A31: 44940 | B31: 주재원 대행 수수료 | D31: 3 | E31: 해외지사비 | I31: 300 | J31: =I31/'통장내역(환율표)'!$D$73 -> 44.377532 | K31: =K30+G31-I31 -> 178354.08 | L31: =L30+H31-J31 -> 26383.091 | M31: 김명관 | N31: =N30-J31+H31 -> 26383.089
A32: 44940 | B32: 현채인 5대보험 | D32: 3 | E32: 해외지사비 | I32: 5043.19 | J32: =I32/'통장내역(환율표)'!$D$73 -> 746.01442 | K32: =K31+G32-I32 -> 173310.89 | L32: =L31+H32-J32 -> 25637.077 | M32: 판책임 | N32: =N31-J32+H32 -> 25637.075
A33: 44940 | B33: 현채인수당 | D33: 3 | E33: 해외지사비 | I33: 52700 | J33: =I33/'통장내역(환율표)'!$D$73 -> 7795.6531 | K33: =K32+G33-I33 -> 120610.89 | L33: =L32+H33-J33 -> 17841.423 | M33: 판책임 | N33: =#REF!-J33+H33 -> #REF!
A34: 44940 | B34: 현채인 대행 수수료 | D34: 3 | E34: 해외지사비 | I34: 300 | J34: =I34/'통장내역(환율표)'!$D$73 -> 44.377532 | K34: =K33+G34-I34 -> 120310.89 | L34: =L33+H34-J34 -> 17797.046 | M34: 판책임 | N34: =N33-J34+H34 -> #REF!
A35: 44940 | B35: 은행수수료 | D35: 3 | E35: 해외지사비 | I35: 12 | J35: =I35/'통장내역(환율표)'!$D$73 -> 1.7751013 | K35: =K34+G35-I35 -> 120298.89 | L35: =L34+H35-J35 -> 17795.271 | N35: =N34-J35+H35 -> #REF!
A36: 44940 | B36: 사무실 임대료 | D36: 4 | E36: 지급임차료 | F36: 사무실관리 | I36: 19440 | J36: =I36/'통장내역(환율표)'!$D$73 -> 2875.6641 | K36: =K35+G36-I36 -> 100858.89 | L36: =L35+H36-J36 -> 14919.607 | M36: 업체 춘절 휴가로 인해 영수증 미확보, 차월 입수 예정 | N36: =N35-J36+H36 -> #REF!
A37: 44940 | B37: 은행수수료 | D37: 4 | E37: 해외지사비 | I37: 7.2 | J37: =I37/'통장내역(환율표)'!$D$73 -> 1.0650608 | K37: =K36+G37-I37 -> 100851.69 | L37: =L36+H37-J37 -> 14918.542 | N37: =N36-J37+H37 -> #REF!
A38: 44940 | B38: 차량 Rent비 | D38: 5 | E38: 지급임차료 | F38: 차량임차료 | I38: 10500 | J38: =I38/'통장내역(환율표)'!$D$73 -> 1553.2136 | K38: =K37+G38-I38 -> 90351.689 | L38: =L37+H38-J38 -> 13365.328 | N38: =N37-J38+H38 -> #REF!
A39: 44940 | B39: 차량 기사비 | D39: 5 | E39: 해외지사비 | I39: 6000 | J39: =I39/'통장내역(환율표)'!$D$73 -> 887.55064 | K39: =K38+G39-I39 -> 84351.689 | L39: =L38+H39-J39 -> 12477.777 | N39: =N38-J39+H39 -> #REF!
A40: 44940 | B40: 은행수수료 | D40: 5 | E40: 해외지사비 | I40: 7.2 | J40: =I40/'통장내역(환율표)'!$D$73 -> 1.0650608 | K40: =K39+G40-I40 -> 84344.489 | L40: =L39+H40-J40 -> 12476.712 | N40: =N39-J40+H40 -> #REF!
A41: 44940 | B41: 세무대행비 | D41: 6 | E41: 해외지사비 | I41: 1000 | J41: =I41/'통장내역(환율표)'!$D$73 -> 147.92511 | K41: =K40+G41-I41 -> 83344.489 | L41: =L40+H41-J41 -> 12328.787 | N41: =N40-J41+H41 -> #REF!
A42: 44940 | B42: 은행수수료 | D42: 6 | E42: 해외지사비 | I42: 3.6 | J42: =I42/'통장내역(환율표)'!$D$73 -> 0.53253039 | K42: =K41+G42-I42 -> 83340.889 | L42: =L41+H42-J42 -> 12328.255 | N42: =N41-J42+H42 -> #REF!
A43: 44940 | B43: 사무실 에어컨, 수도, 전기, 관리비 | D43: 7 | E43: 해외지사비 | I43: 680.17 | J43: 100.61 | K43: =K42+G43-I43 -> 82660.719 | L43: =L42+H43-J43 -> 12227.645 | N43: =N42-J43+H43 -> #REF!
A44: 44940 | B44: 은행수수료 | D44: 7 | E44: 해외지사비 | I44: 3.6 | J44: =I44/'통장내역(환율표)'!$D$73 -> 0.53253039 | K44: =K43+G44-I44 -> 82657.119 | L44: =L43+H44-J44 -> 12227.112 | N44: =N43-J44+H44 -> #REF!
A45: 44946 | B45: 주차비 | D45: 8 | E45: 여비교통비 | F45: 해외 | I45: 900 | J45: =I45/'통장내역(환율표)'!$D$73 -> 133.1326 | K45: =K44+G45-I45 -> 81757.119 | L45: =L44+H45-J45 -> 12093.98 | N45: =N44-J45+H45 -> #REF!
A46: 44946 | B46: 주유비 | D46: 8 | E46: 여비교통비 | F46: 해외 | I46: 1642.5 | J46: 242.965 | K46: =K45+G46-I46 -> 80114.619 | L46: =L45+H46-J46 -> 11851.015 | N46: =N45-J46+H46 -> #REF!
A47: 44946 | B47: 톨비 | D47: 8 | E47: 여비교통비 | F47: 해외 | I47: 210 | J47: =I47/'통장내역(환율표)'!$D$73 -> 31.064273 | K47: =K46+G47-I47 -> 79904.619 | L47: =L46+H47-J47 -> 11819.95 | N47: =N46-J47+H47 -> #REF!
A48: 44946 | B48: 은행수수료 | D48: 8 | E48: 해외지사비 | I48: 3.6 | J48: =I48/'통장내역(환율표)'!$D$73 -> 0.53253039 | K48: =K47+G48-I48 -> 79901.019 | L48: =L47+H48-J48 -> 11819.418 | N48: =N47-J48+H48 -> #REF!
A49: 44946 | B49: 여비교통비_pan책임 | D49: 9 | E49: 여비교통비 | F49: 해외 | I49: 2025.1 | J49: =I49/'통장내역(환율표)'!$D$73 -> 299.56313 | K49: =K48+G49-I49 -> 77875.919 | L49: =L48+H49-J49 -> 11519.855 | N49: =N48-J49+H49 -> #REF!
A50: 44946 | B50: 사무실운영비(물류비)_pan책임 | D50: 9 | E50: 해외지사비 | I50: 1398.11 | J50: =I50/'통장내역(환율표)'!$D$73 -> 206.81557 | K50: =K49+G50-I50 -> 76477.809 | L50: =L49+H50-J50 -> 11313.039 | N50: =N49-J50+H50 -> #REF!
A51: 44946 | B51: 통신비_pan책임 | D51: 9 | E51: 통신비 | F51: 기타 | I51: 197 | J51: =I51/'통장내역(환율표)'!$D$73 -> 29.141246 | K51: =K50+G51-I51 -> 76280.809 | L51: =L50+H51-J51 -> 11283.898 | N51: =N50-J51+H51 -> #REF!
A52: 44946 | B52: 업무추진비_pan책임 | D52: 9 | E52: 업무추진비 | F52: 일반 | I52: 234 | J52: =I52/'통장내역(환율표)'!$D$73 -> 34.614475 | K52: =K51+G52-I52 -> 76046.809 | L52: =L51+H52-J52 -> 11249.283 | N52: =N51-J52+H52 -> #REF!
A53: 44946 | B53: 은행수수료 | D53: 9 | E53: 해외지사비 | I53: 3.6 | J53: =I53/'통장내역(환율표)'!$D$73 -> 0.53253039 | K53: =K52+G53-I53 -> 76043.209 | L53: =L52+H53-J53 -> 11248.751 | N53: =N52-J53+H53 -> #REF!
A54: 44946 | B54: 여비교통비_김명관_HKC H2 출장건 | D54: 10 | E54: 여비교통비 | F54: 해외 | I54: 5768 | J54: =I54/'통장내역(환율표)'!$D$73 -> 853.23202 | K54: =K53+G54-I54 -> 70275.209 | L54: =L53+H54-J54 -> 10395.519 | M54: 항공료 4838, 호텔비 930 | N54: =N53-J54+H54 -> #REF!
A55: 44946 | B55: 은행수수료 | D55: 10 | E55: 해외지사비 | I55: 3.6 | J55: =I55/'통장내역(환율표)'!$D$73 -> 0.53253039 | K55: =K54+G55-I55 -> 70271.609 | L55: =L54+H55-J55 -> 10394.986 | N55: =N54-J55+H55 -> #REF!
A56: 44946 | B56: 업무추진비_김명관 | D56: 11 | E56: 업무추진비 | F56: 일반 | I56: 3794 | J56: 561.225 | K56: =K55+G56-I56 -> 66477.609 | L56: =L55+H56-J56 -> 9833.7613 | N56: =N55-J56+H56 -> #REF!
A57: 44946 | B57: 은행수수료 | D57: 11 | E57: 해외지사비 | I57: 3.6 | J57: =I57/'통장내역(환율표)'!$D$73 -> 0.53253039 | K57: =K56+G57-I57 -> 66474.009 | L57: =L56+H57-J57 -> 9833.2288 | N57: =N56-J57+H57 -> #REF!
A58: 44946 | B58: 통신비_김명관 | D58: 12 | E58: 통신비 | F58: 기타 | I58: 200 | J58: =I58/'통장내역(환율표)'!$D$73 -> 29.585021 | K58: =K57+G58-I58 -> 66274.009 | L58: =L57+H58-J58 -> 9803.6438 | N58: =N57-J58+H58 -> #REF!
A59: 44946 | B59: 은행수수료 | D59: 12 | E59: 해외지사비 | I59: 3.6 | J59: =I59/'통장내역(환율표)'!$D$73 -> 0.53253039 | K59: =K58+G59-I59 -> 66270.409 | L59: =L58+H59-J59 -> 9803.1112 | N59: =N58-J59+H59 -> #REF!
A60: 44946 | B60: 여비교통비_신순연 | D60: 13 | E60: 여비교통비 | F60: 해외 | I60: 6851.87 | J60: =I60/'통장내역(환율표)'!$D$73 -> 1013.5636 | K60: =K59+G60-I60 -> 59418.539 | L60: =L59+H60-J60 -> 8789.5476 | M60: 영수증 6851.89로 합산 / 87로 인출 -> 신순연 책임이 덜 받기로 함 0.2 | N60: =N59-J60+H60 -> #REF!
A61: 44946 | B61: 은행수수료 | D61: 13 | E61: 해외지사비 | I61: 3.6 | J61: =I61/'통장내역(환율표)'!$D$73 -> 0.53253039 | K61: =K60+G61-I61 -> 59414.939 | L61: =L60+H61-J61 -> 8789.0151 | N61: =N60-J61+H61 -> #REF!
A62: 44946 | B62: 통신비_신순연 | D62: 14 | E62: 통신비 | F62: 기타 | I62: 499 | J62: =I62/'통장내역(환율표)'!$D$73 -> 73.814628 | K62: =K61+G62-I62 -> 58915.939 | L62: =L61+H62-J62 -> 8715.2005 | N62: =N61-J62+H62 -> #REF!
A63: 44946 | B63: 사무실 wifi | D63: 14 | E63: 통신비 | F63: 기타 | I63: 394 | J63: =I63/'통장내역(환율표)'!$D$73 -> 58.282492 | K63: =K62+G63-I63 -> 58521.939 | L63: =L62+H63-J63 -> 8656.918 | N63: =N62-J63+H63 -> #REF!
A64: 44946 | B64: 은행수수료 | D64: 14 | E64: 해외지사비 | I64: 3.6 | J64: =I64/'통장내역(환율표)'!$D$73 -> 0.53253039 | K64: =K63+G64-I64 -> 58518.339 | L64: =L63+H64-J64 -> 8656.3854 | N64: =N63-J64+H64 -> #REF!
A65: 44946 | B65: 시내교통비_신순연 | D65: 15 | E65: 여비교통비 | F65: 해외 | I65: 1002.7 | J65: =I65/'통장내역(환율표)'!$D$73 -> 148.3245 | K65: =K64+G65-I65 -> 57515.639 | L65: =L64+H65-J65 -> 8508.0609 | N65: =N64-J65+H65 -> #REF!
A66: 44946 | B66: 은행수수료 | D66: 15 | E66: 해외지사비 | I66: 3.6 | J66: =I66/'통장내역(환율표)'!$D$73 -> 0.53253039 | K66: =K65+G66-I66 -> 57512.039 | L66: =L65+H66-J66 -> 8507.5284 | N66: =N65-J66+H66 -> #REF!
A67: 44946 | B67: 업무추진비_신순연 | D67: 16 | E67: 업무추진비 | F67: 일반 | I67: 2452 | J67: =I67/'통장내역(환율표)'!$D$73 -> 362.71236 | K67: =K66+G67-I67 -> 55060.039 | L67: =L66+H67-J67 -> 8144.816 | N67: =N66-J67+H67 -> #REF!
A68: 44946 | B68: 은행수수료 | D68: 16 | E68: 해외지사비 | I68: 3.6 | J68: =I68/'통장내역(환율표)'!$D$73 -> 0.53253039 | K68: =K67+G68-I68 -> 55056.439 | L68: =L67+H68-J68 -> 8144.2835 | N68: =N67-J68+H68 -> #REF!
A69: 44946 | B69: 사무실 운영비(진단키트, 소독제, 택배비, 청소비) | D69: 17 | E69: 해외지사비 | I69: 848.97 | J69: =I69/'통장내역(환율표)'!$D$73 -> 125.58398 | K69: =K68+G69-I69 -> 54207.469 | L69: =L68+H69-J69 -> 8018.6995 | N69: =N68-J69+H69 -> #REF!
A70: 44946 | B70: 은행수수료 | D70: 17 | E70: 해외지사비 | I70: 3.6 | J70: 0.531 | K70: =K69+G70-I70 -> 54203.869 | L70: =L69+H70-J70 -> 8018.1685 | N70: =N69-J70+H70 -> #REF!

Sheet 내역_23.02
A1: 2월 전도금 사용 내역 | K1: 100007156
A2: 1/10 송금 환율(1,246.8) | E2: 100007151 | G2: 2/10 송금 환율(1,263.1) | K2: 100007160 | L2: 1200000696
A3: 대계정 | B3: 소계정 | C3: 금액 (RMB) | D3: 금액 (USD) | E3: 금액 (KRW) | G3: 대계정 | H3: 소계정 | I3: 금액 (RMB) | J3: 금액 (USD) | K3: 금액 (KRW)
A4: 소모품비 | G4: 소모품비
A5: 업무추진비 | B5: 일반 | F5: 51131050 | G5: 업무추진비 | H5: 일반 | I5: 22783 | J5: 3341.89 | K5: 4221141 | L5: =K5/I5 -> 185.27591
A6: 여비교통비 | B6: 해외 | F6: 51061030 | G6: 여비교통비 | H6: 해외 | I6: 14287.43 | J6: 2095.73 | K6: 2647117 | L6: =K6+E6 -> 2647117
A7: 지급임차료 | B7: 사무실관리 | F7: 51201020 | G7: 지급임차료 | H7: 사무실관리 | I7: 19440 | J7: 2851.523 | K7: 3601755 | L7: =K7+E7 -> 3601755
A8: 지급임차료 | B8: 차량임차료 | F8: 51201030 | G8: 지급임차료 | H8: 차량임차료 | I8: 10500 | J8: 1540.18 | K8: 1945401 | L8: =K8+E8 -> 1945401
A9: 통신비 | B9: 기타 | F9: 51071700 | G9: 통신비 | H9: 기타 | I9: 597.6 | J9: 87.66 | K9: 110723 | L9: =K9+E9 -> 110723
A10: 해외지사비 | C10: 54204.253 | D10: 8018.17 | E10: 9997054 | F10: 51321010 | G10: 해외지사비 | I10: 68929.827 | J10: 10161.87 | K10: 12835458 | L10: =K10+E10 -> 22832512
A11: 보증금 | F11: 13081010 | G11: 보증금
A12: Total | C12: =SUM(C4:C11) -> 54204.253 | D12: =SUM(D4:D11) -> 8018.17 | E12: =SUM(E4:E11) -> 9997054 | F12: 52981010 | G12: Total | I12: =SUM(I4:I11) -> 136537.86 | J12: =SUM(J4:J11) -> 20078.853 | K12: =SUM(K4:K10) -> 25361595
C13: =C12+I12 -> 190742.11 | D13: =D12+J12 -> 28097.023 | E13: =E12+K12 -> 35358649 | L13: 2425.7418
A14: 소모품비 (제품기술팀) | C14: 6800 | D14: 997.45
C15: =SUM(C13:C14) -> 197542.11 | D15: =SUM(D13:D14) -> 29094.473
B16: 13081010 | H16: =SUBTOTAL(9,H19:H147) -> 27612.62 | I16: =SUBTOTAL(9,I19:I162) -> 197542.11 | J16: =SUBTOTAL(9,J19:J160) -> 29094.466
A17: 날짜 | B17: 내역 | D17: 증빙번호 | E17: 대계정 | F17: 소계정 | G17: 입금 | I17: 출금 | K17: 잔액 | M17: 비고
G18: RMB | H18: USD | I18: RMB | J18: USD | K18: RMB | L18: USD
A19: 44957 | B19: 기존 잔고 | K19: 54203.869 | L19: 8018.1685 | N19: 8018.17
A20: 44970 | B20: USD 입금 및 RMB 환전 | G20: 187898.59 | H20: 27612.62 | K20: =K19+G20-I20 -> 242102.46 | L20: =L19+H20-J20 -> 35630.789 | M20: USD 입금 및 RMB 환전
A21: 44970 | B21: 은행수수료 | D21: 1 | E21: 해외지사비 | J21: 51 | K21: =K20+G21-I21 -> 242102.46 | L21: =L20+H21-J21 -> 35579.789
A22: 44980 | B22: 주재원 5대보험 | D22: 2 | E22: 해외지사비 | I22: 7606.18 | J22: =I22/'통장내역(환율표)'!$D$73 -> 1125.145 | K22: =K21+G22-I22 -> 234496.28 | L22: =L21+H22-J22 -> 34454.644 | M22: 신순연 | N22: =N19-J22+H22 -> 6893.025
A23: 44980 | B23: 주재원 개인소득세 | D23: 2 | E23: 해외지사비 | I23: 1818.89 | J23: =I23/'통장내역(환율표)'!$D$73 -> 269.0595 | K23: =K22+G23-I23 -> 232677.39 | L23: =L22+H23-J23 -> 34185.584 | M23: 신순연 | N23: =N22-J23+H23 -> 6623.9655
A24: 44980 | B24: 주재원수당 | D24: 2 | E24: 해외지사비 | I24: 13500 | J24: =I24/'통장내역(환율표)'!$D$73 -> 1996.9889 | K24: =K23+G24-I24 -> 219177.39 | L24: =L23+H24-J24 -> 32188.595 | M24: 신순연 | N24: =N23-J24+H24 -> 4626.9766
A25: 44980 | B25: 주택수당 | D25: 2 | E25: 해외지사비 | I25: 20000 | J25: =I25/'통장내역(환율표)'!$D$73 -> 2958.5021 | K25: =K24+G25-I25 -> 199177.39 | L25: =L24+H25-J25 -> 29230.093 | M25: 신순연 | N25: =N24-J25+H25 -> 1668.4744
A26: 44980 | B26: 주재원 대행 수수료 | D26: 2 | E26: 해외지사비 | I26: 300 | J26: =I26/'통장내역(환율표)'!$D$73 -> 44.377532 | K26: =K25+G26-I26 -> 198877.39 | L26: =L25+H26-J26 -> 29185.715 | M26: 신순연 | N26: =N25-J26+H26 -> 1624.0969
A27: 44980 | B27: 주재원 5대보험 | D27: 2 | E27: 해외지사비 | I27: 4231.18 | J27: =I27/'통장내역(환율표)'!$D$73 -> 625.89775 | K27: =K26+G27-I27 -> 194646.21 | L27: =L26+H27-J27 -> 28559.818 | M27: 김명관 | N27: =N26-J27+H27 -> 998.19913
A28: 44980 | B28: 주재원 개인소득세 | D28: 2 | E28: 해외지사비 | I28: 1074.29 | J28: =I28/'통장내역(환율표)'!$D$73 -> 158.91446 | K28: =K27+G28-I28 -> 193571.92 | L28: =L27+H28-J28 -> 28400.903 | M28: 김명관 | N28: =N27-J28+H28 -> 839.28467
A29: 44980 | B29: 주재원수당_1월 환율 | D29: 2 | E29: 해외지사비 | I29: =J29*'통장내역(환율표)'!$D$73 -> 5673.7135 | J29: 839.28467 | K29: =K28+G29-I29 -> 187898.21 | L29: =L28+H29-J29 -> 27561.619 | M29: 김명관 | N29: =N28-J29+H29 -> 0
A30: 44980 | B30: 주재원수당_2월 환율 | D30: 2 | E30: 해외지사비 | I30: =13500-I29 -> 7826.2865 | J30: =I30/'통장내역(환율표)'!$D$79 -> 1147.987 | K30: =K29+G30-I30 -> 180071.92 | L30: =L29+H30-J30 -> 26413.632 | N30: =27561.62-J30+H30 -> 26413.633
A31: 44980 | B31: 주택수당 | D31: 2 | E31: 해외지사비 | I31: 14000 | J31: =I31/'통장내역(환율표)'!$D$79 -> 2053.5688 | K31: =K30+G31-I31 -> 166071.92 | L31: =L30+H31-J31 -> 24360.063 | M31: 김명관 | N31: =N30-J31+H31 -> 24360.064
A32: 44980 | B32: 주재원 대행 수수료 | D32: 2 | E32: 해외지사비 | I32: 300 | J32: =I32/'통장내역(환율표)'!$D$79 -> 44.005045 | K32: =K31+G32-I32 -> 165771.92 | L32: =L31+H32-J32 -> 24316.058 | M32: 김명관 | N32: =N31-J32+H32 -> 24316.059
A33: 44980 | B33: 현채인 5대보험 | D33: 2 | E33: 해외지사비 | I33: 5043.19 | J33: =I33/'통장내역(환율표)'!$D$79 -> 739.75268 | K33: =K32+G33-I33 -> 160728.73 | L33: =L32+H33-J33 -> 23576.305 | M33: 판책임 | N33: =N32-J33+H33 -> 23576.306
A34: 44980 | B34: 현채인급여 | D34: 2 | E34: 해외지사비 | I34: 25000 | J34: =I34/'통장내역(환율표)'!$D$79 -> 3667.0871 | K34: =K33+G34-I34 -> 135728.73 | L34: =L33+H34-J34 -> 19909.218 | M34: 판책임 | N34: =#REF!-J34+H34 -> #REF!
A35: 44980 | B35: 현채인 대행 수수료 | D35: 2 | E35: 해외지사비 | I35: 300 | J35: =I35/'통장내역(환율표)'!$D$79 -> 44.005045 | K35: =K34+G35-I35 -> 135428.73 | L35: =L34+H35-J35 -> 19865.213 | M35: 판책임 | N35: =N34-J35+H35 -> #REF!
A36: 44980 | B36: 은행수수료 | D36: 2 | E36: 해외지사비 | I36: 12 | J36: =I36/'통장내역(환율표)'!$D$79 -> 1.7602018 | K36: =K35+G36-I36 -> 135416.73 | L36: =L35+H36-J36 -> 19863.453 | N36: =N35-J36+H36 -> #REF!
A37: 44980 | B37: 사무실 임대료 | D37: 3 | E37: 지급임차료 | F37: 사무실 | I37: 19440 | J37: =I37/'통장내역(환율표)'!$D$79 -> 2851.5269 | K37: =K36+G37-I37 -> 115976.73 | L37: =L36+H37-J37 -> 17011.926 | M37: 사무실 임대료 / 영수증 추후 업뎃 | N37: =N36-J37+H37 -> #REF!
A38: 44980 | B38: 은행수수료 | D38: 3 | E38: 해외지사비 | I38: 7.2 | J38: =I38/'통장내역(환율표)'!$D$79 -> 1.0561211 | K38: =K37+G38-I38 -> 115969.53 | L38: =L37+H38-J38 -> 17010.87 | N38: =N37-J38+H38 -> #REF!
A39: 44980 | B39: 사무실 에어컨, 수도, 전기, 관리비 | D39: 4 | E39: 해외지사비 | I39: 172.05 | J39: =I39/'통장내역(환율표)'!$D$79 -> 25.236894 | K39: =K38+G39-I39 -> 115797.48 | L39: =L38+H39-J39 -> 16985.633 | M39: 사무실 에어컨, 수도, 전기, 관리비 | N39: =N38-J39+H39 -> #REF!
A40: 44980 | B40: 은행수수료 | D40: 4 | E40: 해외지사비 | I40: 3.6 | J40: =I40/'통장내역(환율표)'!$D$79 -> 0.52806055 | K40: =K39+G40-I40 -> 115793.88 | L40: =L39+H40-J40 -> 16985.105 | N40: =N39-J40+H40 -> #REF!
A41: 44980 | B41: 차량 Rent비 | D41: 5 | E41: 지급임차료 | F41: 차량임차료 | I41: 10500 | J41: =I41/'통장내역(환율표)'!$D$79 -> 1540.1766 | K41: =K40+G41-I41 -> 105293.88 | L41: =L40+H41-J41 -> 15444.928 | N41: =N40-J41+H41 -> #REF!
A42: 44980 | B42: 차량 기사비 | D42: 5 | E42: 해외지사비 | I42: 6000 | J42: =I42/'통장내역(환율표)'!$D$79 -> 880.10091 | K42: =K41+G42-I42 -> 99293.879 | L42: =L41+H42-J42 -> 14564.827 | N42: =N41-J42+H42 -> #REF!
A43: 44980 | B43: 기사 2월 야근비용 | D43: 5 | E43: 해외지사비 | I43: 280 | J43: =I43/'통장내역(환율표)'!$D$79 -> 41.071376 | K43: =K42+G43-I43 -> 99013.879 | L43: =L42+H43-J43 -> 14523.756 | N43: =N42-J43+H43 -> #REF!
A44: 44980 | B44: 은행수수료 | D44: 5 | E44: 해외지사비 | I44: 7.2 | J44: =I44/'통장내역(환율표)'!$D$79 -> 1.0561211 | K44: =K43+G44-I44 -> 99006.679 | L44: =L43+H44-J44 -> 14522.7 | N44: =N43-J44+H44 -> #REF!
A45: 44980 | B45: 세무대행비 | D45: 6 | E45: 해외지사비 | I45: 1000 | J45: =I45/'통장내역(환율표)'!$D$79 -> 146.68348 | K45: =K44+G45-I45 -> 98006.679 | L45: =L44+H45-J45 -> 14376.016 | M45: 세무대행비 | N45: =N44-J45+H45 -> #REF!
A46: 44980 | B46: 은행수수료 | D46: 6 | E46: 해외지사비 | I46: 3.6 | J46: =I46/'통장내역(환율표)'!$D$79 -> 0.52806055 | K46: =K45+G46-I46 -> 98003.079 | L46: =L45+H46-J46 -> 14375.488 | N46: =N45-J46+H46 -> #REF!
A47: 44980 | B47: 주차비 | D47: 7 | E47: 여비교통비 | F47: 해외 | I47: 918 | J47: =I47/'통장내역(환율표)'!$D$79 -> 134.65544 | K47: =K46+G47-I47 -> 97085.079 | L47: =L46+H47-J47 -> 14240.833 | N47: =N46-J47+H47 -> #REF!
A48: 44980 | B48: 주유비 | D48: 7 | E48: 여비교통비 | F48: 해외 | I48: 2120 | J48: =I48/'통장내역(환율표)'!$D$79 -> 310.96899 | K48: =K47+G48-I48 -> 94965.079 | L48: =L47+H48-J48 -> 13929.864 | N48: =N47-J48+H48 -> #REF!
A49: 44980 | B49: 톨비 | D49: 7 | E49: 여비교통비 | F49: 해외 | I49: 182 | J49: =I49/'통장내역(환율표)'!$D$79 -> 26.696394 | K49: =K48+G49-I49 -> 94783.079 | L49: =L48+H49-J49 -> 13903.167 | N49: =N48-J49+H49 -> #REF!
A50: 44980 | B50: 은행수수료 | D50: 7 | E50: 해외지사비 | I50: 3.6 | J50: =I50/'통장내역(환율표)'!$D$79 -> 0.52806055 | K50: =K49+G50-I50 -> 94779.479 | L50: =L49+H50-J50 -> 13902.639 | N50: =N49-J50+H50 -> #REF!
A51: 44980 | B51: 업무추진비 | D51: 8 | E51: 업무추진비 | F51: 일반 | I51: 227 | J51: =I51/'통장내역(환율표)'!$D$79 -> 33.297151 | K51: =K50+G51-I51 -> 94552.479 | L51: =L50+H51-J51 -> 13869.342 | N51: =N50-J51+H51 -> #REF!
A52: 44980 | B52: 택배비 | D52: 8 | E52: 해외지사비 | I52: 154.9 | J52: =I52/'통장내역(환율표)'!$D$79 -> 22.721272 | K52: =K51+G52-I52 -> 94397.579 | L52: =L51+H52-J52 -> 13846.621 | N52: =N51-J52+H52 -> #REF!
A53: 44980 | B53: 통신비 | D53: 8 | E53: 통신비 | F53: 기타 | I53: 98.6 | J53: =I53/'통장내역(환율표)'!$D$79 -> 14.462992 | K53: =K52+G53-I53 -> 94298.979 | L53: =L52+H53-J53 -> 13832.158 | N53: =N52-J53+H53 -> #REF!
A54: 44980 | B54: 시내교통비 | D54: 8 | E54: 여비교통비 | F54: 해외 | I54: 1497.56 | J54: =I54/'통장내역(환율표)'!$D$79 -> 219.66732 | K54: =K53+G54-I54 -> 92801.419 | L54: =L53+H54-J54 -> 13612.49 | N54: =N53-J54+H54 -> #REF!
A55: 44980 | B55: 은행수수료 | D55: 8 | E55: 해외지사비 | I55: 3.6 | J55: =I55/'통장내역(환율표)'!$D$79 -> 0.52806055 | K55: =K54+G55-I55 -> 92797.819 | L55: =L54+H55-J55 -> 13611.962 | N55: =N54-J55+H55 -> #REF!
A56: 44980 | B56: 여비교통비_김명관_HKC H2 출장건_항공료 | D56: 9 | E56: 여비교통비 | F56: 해외 | I56: 2678 | J56: =I56/'통장내역(환율표)'!$D$79 -> 392.81837 | K56: =K55+G56-I56 -> 90119.819 | L56: =L55+H56-J56 -> 13219.144 | M56: 여비교통비_김명관_HKC H2 출장건_항공료 | N56: =N55-J56+H56 -> #REF!
A57: 44980 | B57: 은행수수료 | D57: 9 | E57: 해외지사비 | I57: 3.6 | J57: =I57/'통장내역(환율표)'!$D$79 -> 0.52806055 | K57: =K56+G57-I57 -> 90116.219 | L57: =L56+H57-J57 -> 13218.616 | N57: =N56-J57+H57 -> #REF!
A58: 44980 | B58: 여비교통비_김명관_HKC H2 출장건_숙박비 | D58: 10 | E58: 여비교통비 | F58: 해외 | I58: 1941.8 | J58: =I58/'통장내역(환율표)'!$D$79 -> 284.82999 | K58: =K57+G58-I58 -> 88174.419 | L58: =L57+H58-J58 -> 12933.786 | M58: 여비교통비_김명관_HKC H2 출장건_숙박비 | N58: =N57-J58+H58 -> #REF!
A59: 44980 | B59: 은행수수료 | D59: 10 | E59: 해외지사비 | I59: 3.6 | J59: =I59/'통장내역(환율표)'!$D$79 -> 0.52806055 | K59: =K58+G59-I59 -> 88170.819 | L59: =L58+H59-J59 -> 12933.258 | N59: =N58-J59+H59 -> #REF!
A60: 44980 | B60: 휴가비_김명관 책임 | D60: 11 | E60: 해외지사비 | I60: 7222 | J60: =I60/'통장내역(환율표)'!$D$79 -> 1059.3481 | K60: =K59+G60-I60 -> 80948.819 | L60: =L59+H60-J60 -> 11873.91 | M60: 휴가비_김명관 책임 | N60: =N59-J60+H60 -> #REF!
A61: 44980 | B61: 은행수수료 | D61: 11 | E61: 해외지사비 | I61: 3.6 | J61: =I61/'통장내역(환율표)'!$D$79 -> 0.52806055 | K61: =K60+G61-I61 -> 80945.219 | L61: =L60+H61-J61 -> 11873.382 | N61: =N60-J61+H61 -> #REF!
A62: 44980 | B62: 여비교통비_신순연_HKC H2 출장건(항공료 + 숙박비) | D62: 12 | E62: 여비교통비 | F62: 해외 | I62: 4651.8 | J62: =I62/'통장내역(환율표)'!$D$79 -> 682.34224 | K62: =K61+G62-I62 -> 76293.419 | L62: =L61+H62-J62 -> 11191.04 | M62: 여비교통비_신순연_HKC H2 출장건(항공료 + 숙박비) | N62: =N61-J62+H62 -> #REF!
A63: 44980 | B63: 은행수수료 | D63: 12 | E63: 해외지사비 | I63: 3.6 | J63: =I63/'통장내역(환율표)'!$D$79 -> 0.52806055 | K63: =K62+G63-I63 -> 76289.819 | L63: =L62+H63-J63 -> 11190.511 | N63: =N62-J63+H63 -> #REF!
A64: 44980 | B64: 택배비 | D64: 13 | E64: 해외지사비 | I64: 236.8 | J64: =I64/'통장내역(환율표)'!$D$79 -> 34.734649 | K64: =K63+G64-I64 -> 76053.019 | L64: =L63+H64-J64 -> 11155.777 | N64: =N63-J64+H64 -> #REF!
A65: 44980 | B65: 청소비 | D65: 13 | E65: 해외지사비 | I65: 300 | J65: =I65/'통장내역(환율표)'!$D$79 -> 44.005045 | K65: =K64+G65-I65 -> 75753.019 | L65: =L64+H65-J65 -> 11111.772 | N65: =N64-J65+H65 -> #REF!
A66: 44980 | B66: 사무실운영비(프린트설치) | D66: 13 | E66: 해외지사비 | I66: 120 | J66: =I66/'통장내역(환율표)'!$D$79 -> 17.602018 | K66: =K65+G66-I66 -> 75633.019 | L66: =L65+H66-J66 -> 11094.17 | N66: =N65-J66+H66 -> #REF!
A67: 44980 | B67: 은행수수료 | D67: 13 | E67: 해외지사비 | I67: 3.6 | J67: =I67/'통장내역(환율표)'!$D$79 -> 0.52806055 | K67: =K66+G67-I67 -> 75629.419 | L67: =L66+H67-J67 -> 11093.642 | N67: =N66-J67+H67 -> #REF!
A68: 44980 | B68: 통신비_신순연(사무실 wifi비용 미포함_차월 정산 예정) | D68: 14 | E68: 통신비 | F68: 기타 | I68: 499 | J68: =I68/'통장내역(환율표)'!$D$79 -> 73.195059 | K68: =K67+G68-I68 -> 75130.419 | L68: =L67+H68-J68 -> 11020.447 | M68: 통신비_신순연(사무실 wifi비용 미포함_차월 정산 예정) | N68: =N67-J68+H68 -> #REF!
A69: 44980 | B69: 은행수수료 | D69: 14 | E69: 해외지사비 | I69: 3.6 | J69: =I69/'통장내역(환율표)'!$D$79 -> 0.52806055 | K69: =K68+G69-I69 -> 75126.819 | L69: =L68+H69-J69 -> 11019.919 | N69: =N68-J69+H69 -> #REF!
A70: 44980 | B70: 시내교통비_신순연 | D70: 15 | E70: 여비교통비 | F70: 해외 | I70: 298.27 | J70: =I70/'통장내역(환율표)'!$D$79 -> 43.751283 | K70: =K69+G70-I70 -> 74828.549 | L70: =L69+H70-J70 -> 10976.167 | M70: 시내교통비_신순연 | N70: =N69-J70+H70 -> #REF!
A71: 44980 | B71: 은행수수료 | D71: 15 | E71: 해외지사비 | I71: 3.6 | J71: =I71/'통장내역(환율표)'!$D$79 -> 0.52806055 | K71: =K70+G71-I71 -> 74824.949 | L71: =L70+H71-J71 -> 10975.639 | N71: =N70-J71+H71 -> #REF!
A72: 44980 | B72: 설 선물(Gift Card) | D72: 16 | E72: 업무추진비 | F72: 일반 | I72: 18000 | J72: =I72/'통장내역(환율표)'!$D$79 -> 2640.3027 | K72: =K71+G72-I72 -> 56824.949 | L72: =L71+H72-J72 -> 8335.3365 | M72: 설 선물(Gift Card) | N72: =N71-J72+H72 -> #REF!
A73: 44980 | B73: 은행수수료 | D73: 16 | E73: 해외지사비 | I73: 7.2 | J73: =I73/'통장내역(환율표)'!$D$79 -> 1.0561211 | K73: =K72+G73-I73 -> 56817.749 | L73: =L72+H73-J73 -> 8334.2804 | N73: =N72-J73+H73 -> #REF!
A74: 44980 | B74: 업무추진비_신순연 | D74: 17 | E74: 업무추진비 | F74: 일반 | I74: 4556 | J74: =I74/'통장내역(환율표)'!$D$79 -> 668.28996 | K74: =K73+G74-I74 -> 52261.749 | L74: =L73+H74-J74 -> 7665.9904 | M74: 업무추진비_신순연 | N74: =N73-J74+H74 -> #REF!
A75: 44980 | B75: 은행수수료 | D75: 17 | E75: 해외지사비 | I75: 3.6 | J75: =I75/'통장내역(환율표)'!$D$79 -> 0.52806055 | K75: =K74+G75-I75 -> 52258.149 | L75: =L74+H75-J75 -> 7665.4623 | N75: =N74-J75+H75 -> #REF!
A76: 44980 | B76: 사무실 운영비 | D76: 18 | E76: 해외지사비 | I76: 387 | J76: =I76/'통장내역(환율표)'!$D$79 -> 56.766509 | K76: =K75+G76-I76 -> 51871.149 | L76: =L75+H76-J76 -> 7608.6958 | M76: 사무실 운영비 | N76: =N75-J76+H76 -> #REF!
A77: 44980 | B77: 은행수수료 | D77: 18 | E77: 해외지사비 | I77: 3.6 | J77: =I77/'통장내역(환율표)'!$D$79 -> 0.52806055 | K77: =K76+G77-I77 -> 51867.549 | L77: =L76+H77-J77 -> 7608.1678 | N77: =N76-J77+H77 -> #REF!
A78: 44980 | B78: OC 구매 비용 | D78: 19 | E78: 소모품비 | I78: 6800 | J78: =I78/'통장내역(환율표)'!$D$79 -> 997.4477 | K78: =K77+G78-I78 -> 45067.549 | L78: =L77+H78-J78 -> 6610.7201 | M78: OC 구매 비용(제품기술팀) / Open cell set 6,000. 구동 보드 800 / 1,259,879원 | N78: =N77-J78+H78 -> #REF!
A79: 44980 | B79: 은행수수료 | D79: 19 | E79: 해외지사비 | I79: 3.6 | J79: =I79/'통장내역(환율표)'!$D$79 -> 0.52806055 | K79: =K78+G79-I79 -> 45063.949 | L79: =L78+H79-J79 -> 6610.192 | N79: =N78-J79+H79 -> #REF!
A80: 44981 | B80: 기사님 1월 야근비 | D80: 20 | E80: 해외지사비 | I80: 500 | J80: =I80/'통장내역(환율표)'!$D$79 -> 73.341742 | K80: =K79+G80-I80 -> 44563.949 | L80: =L79+H80-J80 -> 6536.8503 | M80: 기사님 1월 야근비 | N80: =N79-J80+H80 -> #REF!
A81: 44981 | B81: 은행수수료 | D81: 20 | E81: 해외지사비 | I81: 3.6 | J81: =I81/'통장내역(환율표)'!$D$79 -> 0.52806055 | K81: =K80+G81-I81 -> 44560.349 | L81: =L80+H81-J81 -> 6536.3222 | N81: =N80-J81+H81 -> #REF!

Sheet 내역_23.03
A1: 3월 전도금 사용 내역 | E1: 100013746
A2: 2/10 송금 환율(1,263.1) | E2: 100013742 | G2: 3/10 송금 환율(1,319.7) | K2: 100013747 | L2: 1200000696
A3: 대계정 | B3: 소계정 | C3: 금액 (RMB) | D3: 금액 (USD) | E3: 금액 (KRW) | G3: 대계정 | H3: 소계정 | I3: 금액 (RMB) | J3: 금액 (USD) | K3: 금액 (KRW)
A4: 소모품비 | G4: 소모품비
A5: 업무추진비 | B5: 일반 | F5: 51131050 | G5: 업무추진비 | H5: 일반 | I5: 28814.6 | J5: 4177.6741 | K5: 5513271 | L5: =K5/I5 -> 191.33602
A6: 여비교통비 | B6: 해외 | F6: 51061030 | G6: 여비교통비 | H6: 해외 | I6: 13634.57 | J6: 1976.8003 | K6: 2608783 | L6: =K6+E6 -> 2608783
A7: 지급임차료 | B7: 사무실관리 | C7: 13744.143 | D7: 2016.0389 | E7: 2546460 | F7: 51201020 | G7: 지급임차료 | H7: 사무실관리 | I7: 5695.8565 | J7: 825.81166 | K7: 1089821 | L7: =K7+E7 -> 3636281
A8: 지급임차료 | B8: 차량임차료 | C8: 10500 | D8: 1540.1766 | E8: 1945401 | F8: 51201030 | G8: 지급임차료 | H8: 차량임차료 | L8: =K8+E8 -> 1945401
A9: 통신비 | B9: 기타 | F9: 51071700 | G9: 통신비 | H9: 기타 | I9: 1593 | J9: 230.96052 | K9: 304798 | L9: =K9+E9 -> 304798
A10: 해외지사비 | C10: 7805.2 | D10: 1144.8939 | E10: 1446111 | F10: 51321010 | G10: 해외지사비 | I10: 132486.06 | J10: 19234.442 | K10: 25383690 | L10: =K10+E10 -> 26829801
A11: 보증금 | F11: 13081010 | G11: 보증금 | I11: 40000 | J11: 5799.3852 | K11: 7653455
A12: Total | C12: =SUM(C4:C11) -> 32049.343 | D12: =SUM(D4:D11) -> 4701.1094 | E12: =SUM(E4:E11) -> 5937972 | F12: 52981010 | G12: Total | I12: =SUM(I4:I11) -> 222224.09 | J12: =SUM(J4:J11) -> 32245.074 | K12: =SUM(K4:K11) -> 42553818
C13: =C12+I12 -> 254273.43 | D13: =D12+J12 -> 36946.184 | E13: =E12+K12 -> 48491790 | L13: 2425.7418
A14: 소모품비 (제품기술팀) | C14: 12600 | D14: =C14/'통장내역(환율표)'!$D$79 -> 1848.2119 | E14: 2334474 | F14: D2A240 | G14: 71121010
C15: =SUM(C13:C14) -> 266873.43 | D15: =SUM(D13:D14) -> 38794.395 | N15: =N82 -> 2872.9178
B16: 13081010 | H16: =SUBTOTAL(9,H19:H148) -> 35130.988 | I16: =SUBTOTAL(9,I19:I163) -> 266873.43 | J16: =SUBTOTAL(9,J19:J161) -> 38794.393
A17: 날짜 | B17: 내역 | D17: 증빙번호 | E17: 대계정 | F17: 소계정 | G17: 입금 | I17: 출금 | K17: 잔액 | M17: 비고
G18: RMB | H18: USD | I18: RMB | J18: USD | K18: RMB | L18: USD
A19: 44985 | B19: 기존 잔고 | K19: 44560.349 | L19: 6536.3222 | N19: 6536.3237
A20: 44998 | B20: USD 입금 및 RMB 환전 | G20: 242039.38 | H20: 35117.99 | K20: =K19+G20-I20 -> 286599.73 | L20: =L19+H20-J20 -> 41654.312
A21: 44998 | B21: 은행수수료 | D21: 1 | E21: 해외지사비 | J21: 26 | K21: =K20+G21-I21 -> 286599.73 | L21: =L20+H21-J21 -> 41628.312
A22: 44998 | B22: 은행수수료 | D22: 2 | E22: 해외지사비 | I22: 7.2 | J22: =I22/'통장내역(환율표)'!$D$79 -> 1.0561211 | K22: =K21+G22-I22 -> 286592.53 | L22: =L21+H22-J22 -> 41627.256 | M22: 3/13 60,000 출금 수수료 -> 3/21, 22 회사 통장으로 반환하여 내역 삭제 | N22: =N19-J22 -> 6535.2676
A23: 45005 | B23: DB6T8930 사전 평가 용 75UD OC 4매 구매 금액 | D23: 3 | E23: 소모품비 | I23: 12600 | J23: =I23/'통장내역(환율표)'!$D$79 -> 1848.2119 | K23: =K22+G23-I23 -> 273992.53 | L23: =L22+H23-J23 -> 39779.044 | M23: OC 구매 비용(제품기술팀) | N23: =N22-J23 -> 4687.0556
A24: 45005 | B24: 은행수수료 | D24: 4 | E24: 해외지사비 | I24: 7.2 | J24: =I24/'통장내역(환율표)'!$D$79 -> 1.0561211 | K24: =K23+G24-I24 -> 273985.33 | L24: =L23+H24-J24 -> 39777.988 | N24: =N23-J24 -> 4685.9995
A25: 45006 | B25: 예금이자 | D25: 5 | E25: 잡이익 | G25: 88.61 | H25: =G25/'통장내역(환율표)'!$D$79 -> 12.997624 | J25: =I25/'통장내역(환율표)'!$D$79 -> 0 | K25: =K24+G25-I25 -> 274073.94 | L25: =L24+H25-J25 -> 39790.986 | N25: =N24-J25+H25 -> 4698.9971
A26: 45006 | B26: 세무대행비 | D26: 6 | E26: 해외지사비 | I26: 1030 | J26: =I26/'통장내역(환율표)'!$D$79 -> 151.08399 | K26: =K25+G26-I26 -> 273043.94 | L26: =L25+H26-J26 -> 39639.902 | N26: =N25-J26 -> 4547.9132
A27: 45006 | B27: 은행수수료 | D27: 7 | E27: 해외지사비 | I27: 3.6 | J27: =I27/'통장내역(환율표)'!$D$79 -> 0.52806055 | K27: =K26+G27-I27 -> 273040.34 | L27: =L26+H27-J27 -> 39639.374 | N27: =N26-J27 -> 4547.3851
A28: 45006 | B28: 차량 Rent비 | D28: 8 | E28: 지급임차료 | F28: 차량임차료 | I28: 10500 | J28: =I28/'통장내역(환율표)'!$D$79 -> 1540.1766 | K28: =K27+G28-I28 -> 262540.34 | L28: =L27+H28-J28 -> 38099.197 | N28: =N27-J28 -> 3007.2085
A29: 45006 | B29: 차량 기사비 | D29: 8 | E29: 해외지사비 | I29: 6000 | J29: =I29/'통장내역(환율표)'!$D$79 -> 880.10091 | K29: =K28+G29-I29 -> 256540.34 | L29: =L28+H29-J29 -> 37219.096 | N29: =N28-J29 -> 2127.1076
A30: 45006 | B30: 기사 3월 야근비용 | D30: 9 | E30: 해외지사비 | I30: 750 | J30: =I30/'통장내역(환율표)'!$D$79 -> 110.01261 | K30: =K29+G30-I30 -> 255790.34 | L30: =L29+H30-J30 -> 37109.084 | N30: =N29-J30 -> 2017.095
A31: 45006 | B31: 은행수수료 | D31: 10 | E31: 해외지사비 | I31: 7.2 | J31: =I31/'통장내역(환율표)'!$D$79 -> 1.0561211 | K31: =K30+G31-I31 -> 255783.14 | L31: =L30+H31-J31 -> 37108.027 | N31: =N30-J31 -> 2016.0389
A32: 45006 | B32: 사무실 임대료_2월 환율 | D32: 11 | E32: 지급임차료 | F32: 사무실관리 | I32: =J32*'통장내역(환율표)'!$D$79 -> 13744.143 | J32: 2016.0389 | K32: =K31+G32-I32 -> 242039 | L32: =L31+H32-J32 -> 35091.989 | M32: 3.16~4.15 월세 증가분은 차월에 같이 정산 하기로 협의 함 | N32: =N31-J32 -> 0
A33: 45006 | B33: 사무실 임대료_3월 환율 | D33: 11 | E33: 지급임차료 | F33: 사무실관리 | I33: =19440-I32 -> 5695.8565 | J33: =I33/'통장내역(환율표)'!$D$85 -> 825.81166 | K33: =K32+G33-I33 -> 236343.14 | L33: =L32+H33-J33 -> 34266.177 | N33: =35091.99-J33 -> 34266.178
A34: 45006 | B34: 은행수수료 | D34: 12 | E34: 해외지사비 | I34: 7.2 | J34: =I34/'통장내역(환율표)'!$D$85 -> 1.0438893 | K34: =K33+G34-I34 -> 236335.94 | L34: =L33+H34-J34 -> 34265.133 | N34: =N33-J34 -> 34265.134
A35: 45006 | B35: 사무실 에어컨, 수도, 전기, 관리비 | D35: 13 | E35: 해외지사비 | I35: 822.71 | J35: =I35/'통장내역(환율표)'!$D$85 -> 119.28031 | K35: =K34+G35-I35 -> 235513.23 | L35: =L34+H35-J35 -> 34145.853 | M35: 사무실 에어컨, 수도, 전기, 관리비 | N35: =N34-J35 -> 34145.854
A36: 45006 | B36: 은행수수료 | D36: 14 | E36: 해외지사비 | I36: 3.6 | J36: =I36/'통장내역(환율표)'!$D$85 -> 0.52194467 | K36: =K35+G36-I36 -> 235509.63 | L36: =L35+H36-J36 -> 34145.331 | N36: =N35-J36 -> 34145.332
A37: 45006 | B37: 주재원 5대보험 | D37: 15 | E37: 해외지사비 | I37: 7606.18 | J37: =I37/'통장내역(환율표)'!$D$85 -> 1102.7792 | K37: =K36+G37-I37 -> 227903.45 | L37: =L36+H37-J37 -> 33042.552 | N37: =N36-J37 -> 33042.553
A38: 45006 | B38: 주재원 개인소득세 | D38: 15 | E38: 해외지사비 | I38: 2552.3 | J38: =I38/'통장내역(환율표)'!$D$85 -> 370.04427 | K38: =K37+G38-I38 -> 225351.15 | L38: =L37+H38-J38 -> 32672.507 | N38: =N37-J38 -> 32672.509
A39: 45006 | B39: 주재원수당 | D39: 15 | E39: 해외지사비 | I39: 13500 | J39: =I39/'통장내역(환율표)'!$D$85 -> 1957.2925 | K39: =K38+G39-I39 -> 211851.15 | L39: =L38+H39-J39 -> 30715.215 | N39: =N38-J39 -> 30715.216
A40: 45006 | B40: 주택수당 | D40: 15 | E40: 해외지사비 | I40: 20000 | J40: =I40/'통장내역(환율표)'!$D$85 -> 2899.6926 | K40: =K39+G40-I40 -> 191851.15 | L40: =L39+H40-J40 -> 27815.522 | N40: =N39-J40 -> 27815.524
A41: 45006 | B41: 주재원 대행 수수료 | D41: 16 | E41: 해외지사비 | I41: 300 | J41: =I41/'통장내역(환율표)'!$D$85 -> 43.495389 | K41: =K40+G41-I41 -> 191551.15 | L41: =L40+H41-J41 -> 27772.027 | N41: =N40-J41 -> 27772.028
A42: 45006 | B42: 주재원 5대보험 | D42: 17 | E42: 해외지사비 | I42: 4231.18 | J42: =I42/'통장내역(환율표)'!$D$85 -> 613.45607 | K42: =K41+G42-I42 -> 187319.97 | L42: =L41+H42-J42 -> 27158.571 | N42: =N41-J42 -> 27158.572
A43: 45006 | B43: 주재원 개인소득세 | D43: 17 | E43: 해외지사비 | I43: 7714.3 | J43: =I43/'통장내역(환율표)'!$D$85 -> 1118.4549 | K43: =K42+G43-I43 -> 179605.67 | L43: =L42+H43-J43 -> 26040.116 | N43: =N42-J43 -> 26040.117
A44: 45006 | B44: 주재원수당 | D44: 17 | E44: 해외지사비 | I44: 13500 | J44: =I44/'통장내역(환율표)'!$D$85 -> 1957.2925 | K44: =K43+G44-I44 -> 166105.67 | L44: =L43+H44-J44 -> 24082.823 | N44: =N43-J44 -> 24082.825
A45: 45006 | B45: 주택수당 | D45: 17 | E45: 해외지사비 | I45: 20000 | J45: =I45/'통장내역(환율표)'!$D$85 -> 2899.6926 | K45: =K44+G45-I45 -> 146105.67 | L45: =L44+H45-J45 -> 21183.131 | N45: =N44-J45 -> 21183.132
A46: 45006 | B46: 주택보증금 | D46: 17 | E46: 보증금 | I46: 40000 | J46: =I46/'통장내역(환율표)'!$D$85 -> 5799.3852 | K46: =K45+G46-I46 -> 106105.67 | L46: =L45+H46-J46 -> 15383.745 | N46: =N45-J46 -> 15383.747
A47: 45006 | B47: 부동산중개수수료 | D47: 17 | E47: 해외지사비 | I47: 10000 | J47: =I47/'통장내역(환율표)'!$D$85 -> 1449.8463 | K47: =K46+G47-I47 -> 96105.669 | L47: =L46+H47-J47 -> 13933.899 | N47: =N46-J47 -> 13933.901
... A52: 45006 | B52: 은행수수료 | D52: 21 | E52: 해외지사비 | I52: 12 | J52: =I52/'통장내역(환율표)'!$D$85 -> 1.7398156 | K52: =K51+G52-I52 -> 65450.479 | L52: =L51+H52-J52 -> 9489.3678 | N52: =N51-J52 -> 9489.3692
A53: 45006 | B53: 톨비 | D53: 22 | E53: 여비교통비 | F53: 해외 | I53: 385 | J53: =I53/'통장내역(환율표)'!$D$85 -> 55.819083 | K53: =K52+G53-I53 -> 65065.479 | L53: =L52+H53-J53 -> 9433.5487 | N53: =N52-J53 -> 9433.5502
A54: 45006 | B54: 주차비 | D54: 23 | E54: 여비교통비 | F54: 해외 | I54: 935 | J54: =I54/'통장내역(환율표)'!$D$85 -> 135.56063 | K54: =K53+G54-I54 -> 64130.479 | L54: =L53+H54-J54 -> 9297.9881 | N54: =N53-J54 -> 9297.9895
A55: 45006 | B55: 주유비 | D55: 24 | E55: 여비교통비 | F55: 해외 | I55: 2478.02 | J55: 359.27 | K55: =K54+G55-I55 -> 61652.459 | L55: =L54+H55-J55 -> 8938.7181 | N55: =N54-J55 -> 8938.7195
A56: 45006 | B56: 은행수수료 | D56: 25 | E56: 해외지사비 | I56: 3.6 | J56: =I56/'통장내역(환율표)'!$D$85 -> 0.52194467 | K56: =K55+G56-I56 -> 61648.859 | L56: =L55+H56-J56 -> 8938.1961 | N56: =N55-J56 -> 8938.1976
A57: 45006 | B57: 통신비(판책임) | D57: 26 | E57: 통신비 | F57: 기타 | I57: 98.5 | J57: =I57/'통장내역(환율표)'!$D$85 -> 14.280986 | K57: =K56+G57-I57 -> 61550.359 | L57: =L56+H57-J57 -> 8923.9151 | N57: =N56-J57 -> 8923.9166
A58: 45006 | B58: 택배비 | D58: 27 | E58: 해외지사비 | I58: 237.8 | J58: =I58/'통장내역(환율표)'!$D$85 -> 34.477345 | K58: =K57+G58-I58 -> 61312.559 | L58: =L57+H58-J58 -> 8889.4378 | N58: =N57-J58 -> 8889.4392
A59: 45006 | B59: 시내교통비(판책임) | D59: 28 | E59: 여비교통비 | F59: 해외 | I59: 534.39 | J59: =I59/'통장내역(환율표)'!$D$85 -> 77.478337 | K59: =K58+G59-I59 -> 60778.169 | L59: =L58+H59-J59 -> 8811.9594 | N59: =N58-J59 -> 8811.9609
A60: 45006 | B60: 은행수수료 | D60: 29 | E60: 해외지사비 | I60: 3.6 | J60: =I60/'통장내역(환율표)'!$D$85 -> 0.52194467 | K60: =K59+G60-I60 -> 60774.569 | L60: =L59+H60-J60 -> 8811.4375 | N60: =N59-J60 -> 8811.439
A61: 45008 | B61: 통신비_김명관 책임 | D61: 31 | E61: 통신비 | F61: 기타 | I61: 200 | J61: =I61/'통장내역(환율표)'!$D$85 -> 28.996926 | K61: =K60+G61-I61 -> 60574.569 | L61: =L60+H61-J61 -> 8782.4406 | N61: =N60-J61 -> 8782.442
A62: 45008 | B62: 은행수수료 | D62: 32 | E62: 해외지사비 | I62: 3.6 | J62: =I62/'통장내역(환율표)'!$D$85 -> 0.52194467 | K62: =K61+G62-I62 -> 60570.969 | L62: =L61+H62-J62 -> 8781.9186 | N62: =N61-J62 -> 8781.9201
A63: 45008 | B63: 여비교통비_출장 숙박 및 항공비_김명관 책임 | D63: 33 | E63: 여비교통비 | F63: 해외 | I63: 2717.99 | J63: =I63/'통장내역(환율표)'!$D$85 -> 394.06678 | K63: =K62+G63-I63 -> 57852.979 | L63: =L62+H63-J63 -> 8387.8519 | N63: =N62-J63 -> 8387.8533
A64: 45008 | B64: 은행수수료 | D64: 34 | E64: 해외지사비 | I64: 3.6 | J64: =I64/'통장내역(환율표)'!$D$85 -> 0.52194467 | K64: =K63+G64-I64 -> 57849.379 | L64: =L63+H64-J64 -> 8387.3299 | N64: =N63-J64 -> 8387.3314
A65: 45008 | B65: 업무추진비_김명관 책임 | D65: 35 | E65: 업무추진비 | F65: 일반 | I65: 8709 | J65: =I65/'통장내역(환율표)'!$D$85 -> 1262.6711 | K65: =K64+G65-I65 -> 49140.379 | L65: =L64+H65-J65 -> 7124.6588 | N65: =N64-J65 -> 7124.6602
A66: 45008 | B66: 은행수수료 | D66: 36 | E66: 해외지사비 | I66: 3.6 | J66: =I66/'통장내역(환율표)'!$D$85 -> 0.52194467 | K66: =K65+G66-I66 -> 49136.779 | L66: =L65+H66-J66 -> 7124.1368 | N66: =N65-J66 -> 7124.1383
A67: 45008 | B67: 시내교통비_김명관 책임 | D67: 37 | E67: 여비교통비 | F67: 해외 | I67: 140 | J67: =I67/'통장내역(환율표)'!$D$85 -> 20.297848 | K67: =K66+G67-I67 -> 48996.779 | L67: =L66+H67-J67 -> 7103.839 | N67: =N66-J67 -> 7103.8404
A68: 45008 | B68: 은행수수료 | D68: 38 | E68: 해외지사비 | I68: 3.6 | J68: =I68/'통장내역(환율표)'!$D$85 -> 0.52194467 | K68: =K67+G68-I68 -> 48993.179 | L68: =L67+H68-J68 -> 7103.317 | N68: =N67-J68 -> 7103.3185
A69: 45008 | B69: 시내교통비_신순연 책임 | D69: 39 | E69: 여비교통비 | F69: 해외 | I69: 1365.7 | J69: =I69/'통장내역(환율표)'!$D$85 -> 198.00551 | K69: =K68+G69-I69 -> 47627.479 | L69: =L68+H69-J69 -> 6905.3115 | N69: =N68-J69 -> 6905.313
A70: 45008 | B70: 은행수수료 | D70: 40 | E70: 해외지사비 | I70: 3.6 | J70: =I70/'통장내역(환율표)'!$D$85 -> 0.52194467 | K70: =K69+G70-I70 -> 47623.879 | L70: =L69+H70-J70 -> 6904.7896 | N70: =N69-J70 -> 6904.791
A71: 45008 | B71: 사무실운영비(택배비) | D71: 41 | E71: 해외지사비 | I71: 446.4 | J71: =I71/'통장내역(환율표)'!$D$85 -> 64.721139 | K71: =K70+G71-I71 -> 47177.479 | L71: =L70+H71-J71 -> 6840.0684 | N71: =N70-J71 -> 6840.0699
A72: 45008 | B72: 사무실운영비(Scan) | D72: 42 | E72: 해외지사비 | I72: 184 | J72: =I72/'통장내역(환율표)'!$D$85 -> 26.677172 | K72: =K71+G72-I72 -> 46993.479 | L72: =L71+H72-J72 -> 6813.3913 | N72: =N71-J72 -> 6813.3927
A73: 45008 | B73: 사무실운영비(사무용품) | D73: 43 | E73: 해외지사비 | I73: 382 | J73: =I73/'통장내역(환율표)'!$D$85 -> 55.384129 | K73: =K72+G73-I73 -> 46611.479 | L73: =L72+H73-J73 -> 6758.0071 | N73: =N72-J73 -> 6758.0086
A74: 45008 | B74: 사무실운영비(청소비) | D74: 44 | E74: 해외지사비 | I74: 300 | J74: =I74/'통장내역(환율표)'!$D$85 -> 43.495389 | K74: =K73+G74-I74 -> 46311.479 | L74: =L73+H74-J74 -> 6714.5118 | N74: =N73-J74 -> 6714.5132
A75: 45008 | B75: 은행수수료 | D75: 45 | E75: 해외지사비 | I75: 3.6 | J75: =I75/'통장내역(환율표)'!$D$85 -> 0.52194467 | K75: =K74+G75-I75 -> 46307.879 | L75: =L74+H75-J75 -> 6713.9898 | N75: =N74-J75 -> 6713.9913
A76: 45008 | B76: 통신비_신순연 책임 | D76: 46 | E76: 통신비 | F76: 기타 | I76: 499 | J76: =I76/'통장내역(환율표)'!$D$85 -> 72.34733 | K76: =K75+G76-I76 -> 45808.879 | L76: =L75+H76-J76 -> 6641.6425 | N76: =N75-J76 -> 6641.6439
A77: 45008 | B77: 사무실 Internet비용(1월 & 2월 사용 분) | D77: 47 | E77: 통신비 | F77: 기타 | I77: 795.5 | J77: =I77/'통장내역(환율표)'!$D$85 -> 115.33527 | K77: =K76+G77-I77 -> 45013.379 | L77: =L76+H77-J77 -> 6526.3072 | N77: =N76-J77 -> 6526.3087
A78: 45008 | B78: 은행수수료 | D78: 48 | E78: 해외지사비 | I78: 3.6 | J78: =I78/'통장내역(환율표)'!$D$85 -> 0.52194467 | K78: =K77+G78-I78 -> 45009.779 | L78: =L77+H78-J78 -> 6525.7853 | N78: =N77-J78 -> 6525.7867
A79: 45008 | B79: 여비교통비_출장 숙박 및 항공비_신순연 책임(도시와 도시사이의 장거리 택시비 포함) | D79: 49 | E79: 여비교통비 | F79: 해외 | I79: 5078.47 | J79: =I79/'통장내역(환율표)'!$D$85 -> 736.30009 | K79: =K78+G79-I79 -> 39931.309 | L79: =L78+H79-J79 -> 5789.4852 | N79: =N78-J79 -> 5789.4866
A80: 45008 | B80: 은행수수료 | D80: 50 | E80: 해외지사비 | I80: 3.6 | J80: =I80/'통장내역(환율표)'!$D$85 -> 0.52194467 | K80: =K79+G80-I80 -> 39927.709 | L80: =L79+H80-J80 -> 5788.9632 | N80: =N79-J80 -> 5788.9647
A81: 45008 | B81: 업무추진비_신순연 책임 | D81: 51 | E81: 업무추진비 | F81: 일반 | I81: 20105.6 | J81: =I81/'통장내역(환율표)'!$D$85 -> 2915.003 | K81: =K80+G81-I81 -> 19822.109 | L81: =L80+H81-J81 -> 2873.9602 | N81: =N80-J81 -> 2873.9617
A82: 45008 | B82: 은행수수료 | D82: 52 | E82: 해외지사비 | I82: 7.2 | J82: =I82/'통장내역(환율표)'!$D$85 -> 1.0438893 | K82: =K81+G82-I82 -> 19814.909 | L82: =L81+H82-J82 -> 2872.9163 | N82: =N81-J82 -> 2872.9178

Sheet 내역_23.04
A1: 4월 전도금 사용 내역 | E1: 100021363
A2: 3/10 송금 환율(1,319.7) | E2: 100021362 | G2: 4/10 송금 환율(1,318.9) | K2: 100021364 | L2: 1200000696
A3: 대계정 | B3: 소계정 | C3: 금액 (RMB) | D3: 금액 (USD) | E3: 금액 (KRW) | G3: 대계정 | H3: 소계정 | I3: 금액 (RMB) | J3: 금액 (USD) | K3: 금액 (KRW)
A4: 소모품비 | G4: 소모품비
A5: 업무추진비 | B5: 일반 | F5: 51131050 | G5: 업무추진비 | H5: 일반 | I5: 9868 | J5: 1436.0974 | K5: 1894072 | L5: =K5/I5 -> 191.94082
A6: 여비교통비 | B6: 해외 | F6: 51061030 | G6: 여비교통비 | H6: 해외 | I6: 26965.22 | J6: 3924.2687 | K6: 5175720 | L6: =K6+E6 -> 5175720
A7: 지급임차료 | B7: 사무실관리 | F7: 51201020 | G7: 지급임차료 | H7: 사무실관리 | I7: 20606 | J7: 2998.8066 | K7: 3955131 | L7: =K7+E7 -> 3955131
A8: 지급임차료 | B8: 차량임차료 | F8: 51201030 | G8: 지급임차료 | H8: 차량임차료 | I8: 10500 | J8: 1528.0729 | K8: 2015372 | L8: =K8+E8 -> 2015372
A9: 통신비 | B9: 기타 | F9: 51071700 | G9: 통신비 | H9: 기타 | I9: 992.5 | J9: 144.43927 | K9: 190502 | L9: =K9+E9 -> 190502
A10: 해외지사비 | C10: 19815.313 | D10: 2872.9158 | E10: 3791393 | F10: 51321010 | G10: 해외지사비 | I10: 149443.06 | J10: 21799.56 | K10: 28751440 | L10: =K10+E10 -> 32542833
A11: 보증금 | F11: 13081010 | G11: 보증금
A12: Total | C12: =SUM(C4:C11) -> 19815.313 | D12: =SUM(D4:D11) -> 2872.9158 | E12: =SUM(E4:E11) -> 3791393 | F12: 52981010 | G12: Total | I12: =SUM(I4:I11) -> 218374.78 | J12: =SUM(J4:J11) -> 31831.245 | K12: =SUM(K4:K11) -> 41982237
C13: =C12+I12 -> 238190.09 | D13: =D12+J12 -> 34704.161 | E13: =E12+K12 -> 45773630 | L13: 2425.7418
A14: 소모품비 (제품기술팀) | C14: 2628 | D14: 382.45481 | E14: 504413 | F14: D2A240 | G14: 71121010
C15: =SUM(C13:C14) -> 240818.09 | D15: =SUM(D13:D14) -> 35086.616 | N15: =#REF! -> #REF!
B16: 13081010 | G16: [ | H16: =SUBTOTAL(9,H19:H145) -> 84751 | I16: =SUBTOTAL(9,I19:I160) -> 240818.09 | J16: =SUBTOTAL(9,J19:J158) -> 35086.616
A17: 날짜 | B17: 내역 | D17: 증빙번호 | E17: 대계정 | F17: 소계정 | G17: 입금 | I17: 출금 | K17: 잔액 | M17: 비고
G18: RMB | H18: USD | I18: RMB | J18: USD | K18: RMB | L18: USD
A19: 45016 | B19: 기존 잔고 | K19: 19814.909 | L19: 2872.9163 | N19: 2872.9158
A20: 45027 | B20: USD 입금 및 RMB 환전 | D20: 1 | G20: 582007.58 | H20: 84751 | K20: =K19+G20-I20 -> 601822.49 | L20: =L19+H20-J20 -> 87623.916
A21: 45027 | B21: 은행수수료 | D21: 1 | E21: 해외지사비 | J21: 51 | K21: =K20+G21-I21 -> 601822.49 | L21: =L20+H21-J21 -> 87572.916
A22: 45033 | B22: 사무실 운영 세금(1월~3월 분) | D22: 2 | E22: 해외지사비 | I22: =J22*'통장내역(환율표)'!$D$85 -> 19815.313 | J22: 2872.9158 | K22: =K21+G22-I22 -> 582007.18 | L22: =L21+H22-J22 -> 84700.001 | N22: =N19-J22 -> 0
A23: 45033 | B23: 사무실 운영 세금(1월~3월 분) | D23: 2 | E23: 해외지사비 | I23: =35077.15-I22 -> 15261.837 | J23: =I23/'통장내역(환율표)'!$D$92 -> 2221.0666 | K23: =K22+G23-I23 -> 566745.34 | L23: =L22+H23-J23 -> 82478.934 | N23: =84700-J23 -> 82478.933
A24: 45037 | B24: 주재원 5대보험 | D24: 3 | E24: 해외지사비 | I24: 7606.18 | J24: =I24/'통장내역(환율표)'!$D$92 -> 1106.9331 | K24: =K23+G24-I24 -> 559139.16 | L24: =L23+H24-J24 -> 81372.001 | M24: 신순연 | N24: =N23-J24 -> 81372
A25: 45037 | B25: 주재원 개인소득세 | D25: 3 | E25: 해외지사비 | I25: 2902.29 | J25: =I25/'통장내역(환율표)'!$D$92 -> 422.37244 | K25: =K24+G25-I25 -> 556236.87 | L25: =L24+H25-J25 -> 80949.628 | M25: 신순연 | N25: =N24-J25 -> 80949.628
A26: 45037 | B26: 주재원수당 | D26: 3 | E26: 해외지사비 | I26: 15000 | J26: =I26/'통장내역(환율표)'!$D$92 -> 2182.9613 | K26: =K25+G26-I26 -> 541236.87 | L26: =L25+H26-J26 -> 78766.667 | M26: 신순연 | N26: =N25-J26 -> 78766.667
A27: 45037 | B27: 주택수당 | D27: 3 | E27: 해외지사비 | I27: 22000 | J27: =I27/'통장내역(환율표)'!$D$92 -> 3201.6765 | K27: =K26+G27-I27 -> 519236.87 | L27: =L26+H27-J27 -> 75564.991 | M27: 신순연 | N27: =N26-J27 -> 75564.99
A28: 45037 | B28: 주재원 대행 수수료 | D28: 3 | E28: 해외지사비 | I28: 300 | J28: =I28/'통장내역(환율표)'!$D$92 -> 43.659225 | K28: =K27+G28-I28 -> 518936.87 | L28: =L27+H28-J28 -> 75521.331 | M28: 신순연 | N28: =N27-J28 -> 75521.331
A29: 45037 | B29: 주재원 5대보험 | D29: 3 | E29: 해외지사비 | I29: 4231.18 | J29: =I29/'통장내역(환율표)'!$D$92 -> 615.7668 | K29: =K28+G29-I29 -> 514705.69 | L29: =L28+H29-J29 -> 74905.565 | M29: 김명관 | N29: =N28-J29 -> 74905.564
A30: 45037 | B30: 주재원 개인소득세 | D30: 3 | E30: 해외지사비 | I30: 564.29 | J30: =I30/'통장내역(환율표)'!$D$92 -> 82.121547 | K30: =K29+G30-I30 -> 514141.4 | L30: =L29+H30-J30 -> 74823.443 | M30: 김명관 | N30: =N29-J30 -> 74823.443
A31: 45037 | B31: 주재원수당 | D31: 3 | E31: 해외지사비 | I31: 15000 | J31: =I31/'통장내역(환율표)'!$D$92 -> 2182.9613 | K31: =K30+G31-I31 -> 499141.4 | L31: =L30+H31-J31 -> 72640.482 | M31: 김명관 | N31: =N30-J31 -> 72640.481
A32: 45037 | B32: 주택수당 | D32: 3 | E32: 해외지사비 | I32: 22000 | J32: =I32/'통장내역(환율표)'!$D$92 -> 3201.6765 | K32: =K31+G32-I32 -> 477141.4 | L32: =L31+H32-J32 -> 69438.805 | M32: 김명관 | N32: =N31-J32 -> 69438.805
A33: 45037 | B33: 주재원 대행 수수료 | D33: 3 | E33: 해외지사비 | I33: 300 | J33: =I33/'통장내역(환율표)'!$D$92 -> 43.659225 | K33: =K32+G33-I33 -> 476841.4 | L33: =L32+H33-J33 -> 69395.146 | M33: 김명관 | N33: =N32-J33 -> 69395.146
A34: 45037 | B34: 현채인 5대보험 | D34: 3 | E34: 해외지사비 | I34: 5043.19 | J34: =I34/'통장내역(환율표)'!$D$92 -> 733.93923 | K34: =K33+G34-I34 -> 471798.21 | L34: =L33+H34-J34 -> 68661.207 | M34: 판책임 | N34: =N33-J34 -> 68661.206
A35: 45037 | B35: 현채인급여 | D35: 3 | E35: 해외지사비 | I35: 25000 | J35: =I35/'통장내역(환율표)'!$D$92 -> 3638.2688 | K35: =K34+G35-I35 -> 446798.21 | L35: =L34+H35-J35 -> 65022.938 | M35: 판책임 | N35: =N34-J35 -> 65022.938
A36: 45037 | B36: 현채인 대행 수수료 | D36: 3 | E36: 해외지사비 | I36: 300 | J36: =I36/'통장내역(환율표)'!$D$92 -> 43.659225 | K36: =K35+G36-I36 -> 446498.21 | L36: =L35+H36-J36 -> 64979.279 | M36: 판책임 | N36: =N35-J36 -> 64979.278
A37: 45037 | B37: 은행수수료 | D37: 4 | E37: 해외지사비 | I37: 12 | J37: =I37/'통장내역(환율표)'!$D$92 -> 1.746369 | K37: =K36+G37-I37 -> 446486.21 | L37: =L36+H37-J37 -> 64977.532 | N37: =N36-J37 -> 64977.532
A38: 45037 | B38: 사무실 임대료(3월 임대료 상승 분 차액 추가) | D38: 5 | E38: 지급임차료 | F38: 사무실관리 | I38: 20606 | J38: =I38/'통장내역(환율표)'!$D$92 -> 2998.8066 | K38: =K37+G38-I38 -> 425880.21 | L38: =L37+H38-J38 -> 61978.726 | N38: =N37-J38 -> 61978.725
A39: 45037 | B39: 은행수수료 | D39: 6 | E39: 해외지사비 | I39: 7.2 | J39: =I39/'통장내역(환율표)'!$D$92 -> 1.0478214 | K39: =K38+G39-I39 -> 425873.01 | L39: =L38+H39-J39 -> 61977.678 | N39: =N38-J39 -> 61977.677
A40: 45037 | B40: 사무실 관리비(전기, 수도, 에어컨) | D40: 7 | E40: 해외지사비 | I40: 321.18 | J40: =I40/'통장내역(환율표)'!$D$92 -> 46.741566 | K40: =K39+G40-I40 -> 425551.83 | L40: =L39+H40-J40 -> 61930.936 | N40: =N39-J40 -> 61930.936
A41: 45037 | B41: 은행수수료 | D41: 8 | E41: 해외지사비 | I41: 3.6 | J41: =I41/'통장내역(환율표)'!$D$92 -> 0.5239107 | K41: =K40+G41-I41 -> 425548.23 | L41: =L40+H41-J41 -> 61930.413 | N41: =N40-J41 -> 61930.412
A42: 45037 | B42: 차량 Rent비 | D42: 10 | E42: 지급임차료 | F42: 차량임차료 | I42: 10500 | J42: =I42/'통장내역(환율표)'!$D$92 -> 1528.0729 | K42: =K41+G42-I42 -> 415048.23 | L42: =L41+H42-J42 -> 60402.34 | N42: =N41-J42 -> 60402.339
A43: 45037 | B43: 차량 기사비 | D43: 10 | E43: 해외지사비 | I43: 6000 | J43: =I43/'통장내역(환율표)'!$D$92 -> 873.1845 | K43: =K42+G43-I43 -> 409048.23 | L43: =L42+H43-J43 -> 59529.155 | N43: =N42-J43 -> 59529.155
A44: 45037 | B44: 기사 야근비용 | D44: 10 | E44: 해외지사비 | I44: 720 | J44: =I44/'통장내역(환율표)'!$D$92 -> 104.78214 | K44: =K43+G44-I44 -> 408328.23 | L44: =L43+H44-J44 -> 59424.373 | N44: =N43-J44 -> 59424.372
A45: 45037 | B45: 은행수수료 | D45: 11 | E45: 해외지사비 | I45: 7.2 | J45: =I45/'통장내역(환율표)'!$D$92 -> 1.0478214 | K45: =K44+G45-I45 -> 408321.03 | L45: =L44+H45-J45 -> 59423.325 | N45: =N44-J45 -> 59423.325
A46: 45037 | B46: 세무대행사(3월분기장비, 2023년도장부비, 취업비자연장, 가족비자(2명), 증치세) | D46: 12 | E46: 해외지사비 | I46: 3838 | J46: =I46/'통장내역(환율표)'!$D$92 -> 558.54702 | K46: =K45+G46-I46 -> 404483.03 | L46: =L45+H46-J46 -> 58864.778 | N46: =N45-J46 -> 58864.778
A47: 45037 | B47: 은행수수료 | D47: 13 | E47: 해외지사비 | I47: 3.6 | J47: =I47/'통장내역(환율표)'!$D$92 -> 0.5239107 | K47: =K46+G47-I47 -> 404479.43 | L47: =L46+H47-J47 -> 58864.254 | N47: =N46-J47 -> 58864.254
A48: 45037 | B48: 택배비 | D48: 14 | E48: 해외지사비 | I48: 484.7 | J48: =I48/'통장내역(환율표)'!$D$92 -> 70.538755 | K48: =K47+G48-I48 -> 403994.73 | L48: =L47+H48-J48 -> 58793.715 | N48: =N47-J48 -> 58793.715
A49: 45037 | B49: 통신비_판책임 | D49: 15 | E49: 통신비 | F49: 기타 | I49: 98.5 | J49: =I49/'통장내역(환율표)'!$D$92 -> 14.334779 | K49: =K48+G49-I49 -> 403896.23 | L49: =L48+H49-J49 -> 58779.381 | N49: =N48-J49 -> 58779.38
A50: 45037 | B50: 시내교통비_판책임 | D50: 16 | E50: 여비교통비 | F50: 해외 | I50: 246.77 | J50: =I50/'통장내역(환율표)'!$D$92 -> 35.912623 | K50: =K49+G50-I50 -> 403649.46 | L50: =L49+H50-J50 -> 58743.468 | N50: =N49-J50 -> 58743.468
A51: 45037 | B51: 은행수수료 | D51: 17 | E51: 해외지사비 | I51: 3.6 | J51: =I51/'통장내역(환율표)'!$D$92 -> 0.5239107 | K51: =K50+G51-I51 -> 403645.86 | L51: =L50+H51-J51 -> 58742.944 | N51: =N50-J51 -> 58742.944
A52: 45037 | B52: Liu Ming Liang(주차비) | D52: 18 | E52: 여비교통비 | F52: 해외 | I52: 983 | J52: =I52/'통장내역(환율표)'!$D$92 -> 143.05673 | K52: =K51+G52-I52 -> 402662.86 | L52: =L51+H52-J52 -> 58599.887 | N52: =N51-J52 -> 58599.887
A53: 45037 | B53: Liu Ming Liang(주유비) | D53: 19 | E53: 여비교통비 | F53: 해외 | I53: 2566 | J53: =I53/'통장내역(환율표)'!$D$92 -> 373.43191 | K53: =K52+G53-I53 -> 400096.86 | L53: =L52+H53-J53 -> 58226.456 | N53: =N52-J53 -> 58226.455
A54: 45037 | B54: Liu Ming Liang(톨비) | D54: 20 | E54: 여비교통비 | F54: 해외 | I54: 184 | J54: =I54/'통장내역(환율표)'!$D$92 -> 26.777658 | K54: =K53+G54-I54 -> 399912.86 | L54: =L53+H54-J54 -> 58199.678 | N54: =N53-J54 -> 58199.677
A55: 45037 | B55: 은행수수료 | D55: 21 | E55: 해외지사비 | I55: 3.6 | J55: =I55/'통장내역(환율표)'!$D$92 -> 0.5239107 | K55: =K54+G55-I55 -> 399909.26 | L55: =L54+H55-J55 -> 58199.154 | N55: =N54-J55 -> 58199.153
A56: 45037 | B56: 업무추진비(김명관 책임) | D56: 22 | E56: 업무추진비 | F56: 일반 | I56: 2694 | J56: =I56/'통장내역(환율표)'!$D$92 -> 392.05984 | K56: =K55+G56-I56 -> 397215.26 | L56: =L55+H56-J56 -> 57807.094 | N56: =N55-J56 -> 57807.094
A57: 45037 | B57: 은행수수료 | D57: 23 | E57: 해외지사비 | I57: 3.6 | J57: =I57/'통장내역(환율표)'!$D$92 -> 0.5239107 | K57: =K56+G57-I57 -> 397211.66 | L57: =L56+H57-J57 -> 57806.57 | N57: =N56-J57 -> 57806.57
A58: 45037 | B58: 비자연장용 건강검진비용(김명관 책임) | D58: 24 | E58: 해외지사비 | I58: 717.1 | J58: =I58/'통장내역(환율표)'!$D$92 -> 104.3601 | K58: =K57+G58-I58 -> 396494.56 | L58: =L57+H58-J58 -> 57702.21 | N58: =N57-J58 -> 57702.21
A59: 45037 | B59: 은행수수료 | D59: 25 | E59: 해외지사비 | I59: 3.6 | J59: =I59/'통장내역(환율표)'!$D$92 -> 0.5239107 | K59: =K58+G59-I59 -> 396490.96 | L59: =L58+H59-J59 -> 57701.686 | N59: =N58-J59 -> 57701.686
A60: 45037 | B60: 여비교통비_춟장교통비 및 숙박비(김명관 책임) | D60: 26 | E60: 여비교통비 | F60: 해외 | I60: 11697.31 | J60: =I60/'통장내역(환율표)'!$D$92 -> 1702.3183 | K60: =K59+G60-I60 -> 384793.65 | L60: =L59+H60-J60 -> 55999.368 | N60: =N59-J60 -> 55999.367
A61: 45037 | B61: 은행수수료 | D61: 27 | E61: 해외지사비 | I61: 7.2 | J61: =I61/'통장내역(환율표)'!$D$92 -> 1.0478214 | K61: =K60+G61-I61 -> 384786.45 | L61: =L60+H61-J61 -> 55998.32 | N61: =N60-J61 -> 55998.32
A62: 45037 | B62: 사무실운영비(사무용품) | D62: 28 | E62: 해외지사비 | I62: 753 | J62: =I62/'통장내역(환율표)'!$D$92 -> 109.58466 | K62: =K61+G62-I62 -> 384033.45 | L62: =L61+H62-J62 -> 55888.735 | N62: =N61-J62 -> 55888.735
A63: 45037 | B63: 사무실운영비(청소비) | D63: 29 | E63: 해외지사비 | I63: 300 | J63: =I63/'통장내역(환율표)'!$D$92 -> 43.659225 | K63: =K62+G63-I63 -> 383733.45 | L63: =L62+H63-J63 -> 55845.076 | N63: =N62-J63 -> 55845.076
A64: 45037 | B64: 사무실운영비(택배비) | D64: 30 | E64: 해외지사비 | I64: 444.91 | J64: =I64/'통장내역(환율표)'!$D$92 -> 64.748086 | K64: =K63+G64-I64 -> 383288.54 | L64: =L63+H64-J64 -> 55780.328 | N64: =N63-J64 -> 55780.328
A65: 45037 | B65: 사무실운영비(CSOT 출입증 연장 관련) | D65: 31 | E65: 해외지사비 | I65: 274.8 | J65: =I65/'통장내역(환율표)'!$D$92 -> 39.99185 | K65: =K64+G65-I65 -> 383013.74 | L65: =L64+H65-J65 -> 55740.336 | N65: =N64-J65 -> 55740.336
A66: 45037 | B66: 은행수수료 | D66: 32 | E66: 해외지사비 | I66: 3.6 | J66: =I66/'통장내역(환율표)'!$D$92 -> 0.5239107 | K66: =K65+G66-I66 -> 383010.14 | L66: =L65+H66-J66 -> 55739.812 | N66: =N65-J66 -> 55739.812
A67: 45037 | B67: DB6T8930 사전 평가용 Code Writing기기 구매(본사 응기팀 송부) | D67: 33 | E67: 소모품비 | I67: 1620 | J67: =I67/'통장내역(환율표)'!$D$92 -> 235.75982 | K67: =K66+G67-I67 -> 381390.14 | L67: =L66+H67-J67 -> 55504.053 | M67: 제품기술팀 | N67: =N66-J67 -> 55504.052
A68: 45037 | B68: 은행수수료 | D68: 34 | E68: 해외지사비 | I68: 3.6 | J68: =I68/'통장내역(환율표)'!$D$92 -> 0.5239107 | K68: =K67+G68-I68 -> 381386.54 | L68: =L67+H68-J68 -> 55503.529 | N68: =N67-J68 -> 55503.528
A69: 45037 | B69: DB6T8930 비교 분석 용 경쟁사 IC 구매(본사 응기팀 송부) | D69: 35 | E69: 소모품비 | I69: 1008 | J69: =I69/'통장내역(환율표)'!$D$92 -> 146.695 | K69: =K68+G69-I69 -> 380378.54 | L69: =L68+H69-J69 -> 55356.834 | M69: 제품기술팀 | N69: =N68-J69 -> 55356.833
A70: 45037 | B70: 은행수수료 | D70: 36 | E70: 해외지사비 | I70: 3.6 | J70: =I70/'통장내역(환율표)'!$D$92 -> 0.5239107 | K70: =K69+G70-I70 -> 380374.94 | L70: =L69+H70-J70 -> 55356.31 | N70: =N69-J70 -> 55356.309
A71: 45037 | B71: 여비교통비_춟장교통비 및 숙박비(신순연 책임) | D71: 37 | E71: 여비교통비 | F71: 해외 | I71: 9734.27 | J71: =I71/'통장내역(환율표)'!$D$92 -> 1416.6356 | K71: =K70+G71-I71 -> 370640.67 | L71: =L70+H71-J71 -> 53939.674 | N71: =N70-J71 -> 53939.674
A72: 45037 | B72: 은행수수료 | D72: 38 | E72: 해외지사비 | I72: 3.6 | J72: =I72/'통장내역(환율표)'!$D$92 -> 0.5239107 | K72: =K71+G72-I72 -> 370637.07 | L72: =L71+H72-J72 -> 53939.15 | N72: =N71-J72 -> 53939.15
A73: 45037 | B73: 사무실 Internet비용 | D73: 39 | E73: 통신비 | F73: 기타 | I73: 396.5 | J73: =I73/'통장내역(환율표)'!$D$92 -> 57.702943 | K73: =K72+G73-I73 -> 370240.57 | L73: =L72+H73-J73 -> 53881.447 | N73: =N72-J73 -> 53881.447
A74: 45037 | B74: 통신비_신순연 책임 | D74: 40 | E74: 통신비 | F74: 기타 | I74: 497.5 | J74: =I74/'통장내역(환율표)'!$D$92 -> 72.401548 | K74: =K73+G74-I74 -> 369743.07 | L74: =L73+H74-J74 -> 53809.046 | N74: =N73-J74 -> 53809.045
A75: 45037 | B75: 은행수수료 | D75: 41 | E75: 해외지사비 | I75: 3.6 | J75: =I75/'통장내역(환율표)'!$D$92 -> 0.5239107 | K75: =K74+G75-I75 -> 369739.47 | L75: =L74+H75-J75 -> 53808.522 | N75: =N74-J75 -> 53808.521
A76: 45037 | B76: 업무추진비(신순연 책임) | D76: 42 | E76: 업무추진비 | F76: 일반 | I76: =7177.6-3.6 -> 7174 | J76: =I76/'통장내역(환율표)'!$D$92 -> 1044.0376 | K76: =K75+G76-I76 -> 362565.47 | L76: =L75+H76-J76 -> 52764.484 | M76: 1원 더 적게 인출 | N76: =N75-J76 -> 52764.484
A77: 45037 | B77: 은행수수료 | D77: 43 | E77: 해외지사비 | I77: 3.6 | J77: =I77/'통장내역(환율표)'!$D$92 -> 0.5239107 | K77: =K76+G77-I77 -> 362561.87 | L77: =L76+H77-J77 -> 52763.96 | N77: =N76-J77 -> 52763.96
A78: 45040 | B78: 시내교통비 | D78: 44 | E78: 여비교통비 | F78: 해외 | I78: 1553.87 | J78: =I78/'통장내역(환율표)'!$D$92 -> 226.13587 | K78: =K77+G78-I78 -> 361008 | L78: =L77+H78-J78 -> 52537.824 | N78: =N77-J78 -> 52537.824
A79: 45040 | B79: 은행수수료 | D79: 45 | E79: 해외지사비 | I79: 3.6 | J79: =I79/'통장내역(환율표)'!$D$92 -> 0.5239107 | K79: =K78+G79-I79 -> 361004.4 | L79: =L78+H79-J79 -> 52537.3 | N79: =N78-J79 -> 52537.3

Sheet 내역_23.05
A1: 5월 전도금 사용 내역 | E1: 100021363
A2: 4/10 송금 환율(1,318.9) | E2: 100000031 | L2: 1200000696
A3: 대계정 | B3: 소계정 | C3: 금액 (RMB) | D3: 금액 (USD) | E3: 금액 (KRW)
A4: 소모품비
A5: 업무추진비 | B5: 일반 | C5: 17371.86 | D5: 2528.1398 | E5: 3334364 | F5: =E5/C5 -> 191.94053 | L5: =K5+E5 -> 3334364
A6: 여비교통비 | B6: 해외 | C6: 19002.77 | D6: 2765.4874 | E6: 3647405 | F6: 51061030 | L6: =K6+E6 -> 3647405
A7: 지급임차료 | B7: 사무실관리 | C7: 20023 | D7: 2913.9622 | E7: 3843222 | F7: 51201020 | L7: =K7+E7 -> 3843222
A8: 지급임차료 | B8: 차량임차료 | C8: 10500 | D8: 1528.0729 | E8: 2015372 | F8: 51201030 | L8: =K8+E8 -> 2015372
A9: 통신비 | B9: 기타 | C9: 995.6 | D9: 144.89042 | E9: 191095 | F9: 51071700 | L9: =K9+E9 -> 191095
A10: 해외지사비 | C10: 213718.69 | D10: 31102.641 | E10: 41021272 | F10: 51321010 | L10: =K10+E10 -> 41021272
A11: 보증금 | F11: 13081010
A12: Total | C12: =SUM(C4:C11) -> 281611.92 | D12: =SUM(D4:D11) -> 40983.194 | E12: =SUM(E4:E11) -> 54052730 | F12: 52981010
C13: =C12+I12 -> 281611.92 | D13: =D12+J12 -> 40983.194 | E13: =E12+K12 -> 54052730 | L13: 2425.7418
B16: 13081010 | I16: =SUBTOTAL(9,I19:I163) -> 281611.92 | J16: =SUBTOTAL(9,J19:J161) -> 40983.194
A17: 날짜 | B17: 내역 | D17: 증빙번호 | E17: 대계정 | F17: 소계정 | G17: 입금 | I17: 출금 | K17: 잔액 | M17: 비고
G18: RMB | H18: USD | I18: RMB | J18: USD | K18: RMB | L18: USD
A19: 45046 | B19: 기존 잔고 | K19: 361004.4 | L19: 52537.3 | N19: 52537.3
A20: 45057 | B20: Internet Recruiting 비용 | D20: 1 | E20: 해외지사비 | I20: 2000 | J20: =I20/'통장내역(환율표)'!$D$92 -> 291.0615 | K20: =K19+G20-I20 -> 359004.4 | L20: =L19+H20-J20 -> 52246.239 | N20: =N19-J20+H20 -> 52246.238
A21: 45057 | B21: 은행수수료 | D21: 2 | E21: 해외지사비 | I21: 3.6 | J21: =I21/'통장내역(환율표)'!$D$92 -> 0.5239107 | K21: =K20+G21-I21 -> 359000.8 | L21: =L20+H21-J21 -> 52245.715 | N21: =N20-J21+H21 -> 52245.715
A22: 45063 | B22: Internet Banking 인증서 Download | D22: 3 | E22: 해외지사비 | I22: 80 | J22: =I22/'통장내역(환율표)'!$D$92 -> 11.64246 | K22: =K21+G22-I22 -> 358920.8 | L22: =L21+H22-J22 -> 52234.073 | N22: =N21-J22+H22 -> 52234.072
A23: 45063 | B23: 주재원 5대보험 | D23: 4 | E23: 해외지사비 | I23: 7612.23 | J23: =I23/'통장내역(환율표)'!$D$92 -> 1107.8135 | K23: =K22+G23-I23 -> 351308.57 | L23: =L22+H23-J23 -> 51126.259 | N23: =N22-J23+H23 -> 51126.259
A24: 45063 | B24: 주재원 개인소득세 | D24: 4 | E24: 해외지사비 | I24: 2902.29 | J24: =I24/'통장내역(환율표)'!$D$92 -> 422.37244 | K24: =K23+G24-I24 -> 348406.28 | L24: =L23+H24-J24 -> 50703.887 | N24: =N23-J24+H24 -> 50703.886
A25: 45063 | B25: 주재원수당 | D25: 4 | E25: 해외지사비 | I25: 15000 | J25: =I25/'통장내역(환율표)'!$D$92 -> 2182.9613 | K25: =K24+G25-I25 -> 333406.28 | L25: =L24+H25-J25 -> 48520.925 | N25: =N24-J25+H25 -> 48520.925
A26: 45063 | B26: 주택수당 | D26: 4 | E26: 해외지사비 | I26: 22000 | J26: =I26/'통장내역(환율표)'!$D$92 -> 3201.6765 | K26: =K25+G26-I26 -> 311406.28 | L26: =L25+H26-J26 -> 45319.249 | N26: =N25-J26+H26 -> 45319.248
A27: 45063 | B27: 주재원 대행 수수료 | D27: 4 | E27: 해외지사비 | I27: 300 | J27: =I27/'통장내역(환율표)'!$D$92 -> 43.659225 | K27: =K26+G27-I27 -> 311106.28 | L27: =L26+H27-J27 -> 45275.59 | N27: =N26-J27+H27 -> 45275.589
A28: 45063 | B28: 주재원 5대보험 | D28: 4 | E28: 해외지사비 | I28: 4237.23 | J28: =I28/'통장내역(환율표)'!$D$92 -> 616.64726 | K28: =K27+G28-I28 -> 306869.05 | L28: =L27+H28-J28 -> 44658.942 | N28: =N27-J28+H28 -> 44658.942
A29: 45063 | B29: 주재원 개인소득세 | D29: 4 | E29: 해외지사비 | I29: 564.29 | J29: =I29/'통장내역(환율표)'!$D$92 -> 82.121547 | K29: =K28+G29-I29 -> 306304.76 | L29: =L28+H29-J29 -> 44576.821 | N29: =N28-J29+H29 -> 44576.82
A30: 45063 | B30: 주재원수당 | D30: 4 | E30: 해외지사비 | I30: 15000 | J30: =I30/'통장내역(환율표)'!$D$92 -> 2182.9613 | K30: =K29+G30-I30 -> 291304.76 | L30: =L29+H30-J30 -> 42393.86 | N30: =N29-J30+H30 -> 42393.859
A31: 45063 | B31: 주택수당 | D31: 4 | E31: 해외지사비 | I31: 22000 | J31: =I31/'통장내역(환율표)'!$D$92 -> 3201.6765 | K31: =K30+G31-I31 -> 269304.76 | L31: =L30+H31-J31 -> 39192.183 | N31: =N30-J31+H31 -> 39192.183
... A36: 45063 | B36: 은행수수료 | D36: 5 | E36: 해외지사비 | I36: 12 | J36: =I36/'통장내역(환율표)'!$D$92 -> 1.746369 | K36: =K35+G36-I36 -> 226138.37 | L36: =L35+H36-J36 -> 32910.146 | N36: =N35-J36+H36 -> 32910.145
A37: 45068 | B37: 사무실 임대료 | D37: 6 | E37: 지급임차료 | F37: 사무실관리 | I37: 20023 | J37: =I37/'통장내역(환율표)'!$D$92 -> 2913.9622 | K37: =K36+G37-I37 -> 206115.37 | L37: =L36+H37-J37 -> 29996.184 | N37: =N36-J37+H37 -> 29996.183
A38: 45068 | B38: 은행수수료 | D38: 7 | E38: 해외지사비 | I38: 7.2 | J38: =I38/'통장내역(환율표)'!$D$92 -> 1.0478214 | K38: =K37+G38-I38 -> 206108.17 | L38: =L37+H38-J38 -> 29995.136 | N38: =N37-J38+H38 -> 29995.135
A39: 45068 | B39: 사무실 관리비(전기, 수도, 에어컨) | D39: 8 | E39: 해외지사비 | I39: 617.25 | J39: =I39/'통장내역(환율표)'!$D$92 -> 89.828856 | K39: =K38+G39-I39 -> 205490.92 | L39: =L38+H39-J39 -> 29905.307 | N39: =N38-J39+H39 -> 29905.306
A40: 45068 | B40: 은행수수료 | D40: 9 | E40: 해외지사비 | I40: 3.6 | J40: =I40/'통장내역(환율표)'!$D$92 -> 0.5239107 | K40: =K39+G40-I40 -> 205487.32 | L40: =L39+H40-J40 -> 29904.783 | N40: =N39-J40+H40 -> 29904.783
A41: 45068 | B41: 차량 Rent비 | D41: 10 | E41: 지급임차료 | F41: 차량임차료 | I41: 10500 | J41: =I41/'통장내역(환율표)'!$D$92 -> 1528.0729 | K41: =K40+G41-I41 -> 194987.32 | L41: =L40+H41-J41 -> 28376.71 | N41: =N40-J41+H41 -> 28376.71
A42: 45068 | B42: 차량 기사비 | D42: 10 | E42: 해외지사비 | I42: 6000 | J42: =I42/'통장내역(환율표)'!$D$92 -> 873.1845 | K42: =K41+G42-I42 -> 188987.32 | L42: =L41+H42-J42 -> 27503.526 | N42: =N41-J42+H42 -> 27503.525
A43: 45068 | B43: 기사 야근비용 | D43: 10 | E43: 해외지사비 | I43: 890 | J43: =I43/'통장내역(환율표)'!$D$92 -> 129.52237 | K43: =K42+G43-I43 -> 188097.32 | L43: =L42+H43-J43 -> 27374.003 | M43: .01 더 적게 인출 | N43: =N42-J43+H43 -> 27374.003
A44: 45068 | B44: 은행수수료 | D44: 11 | E44: 해외지사비 | I44: 7.2 | J44: =I44/'통장내역(환율표)'!$D$92 -> 1.0478214 | K44: =K43+G44-I44 -> 188090.12 | L44: =L43+H44-J44 -> 27372.956 | N44: =N43-J44+H44 -> 27372.955
A45: 45068 | B45: 세무대행사 | D45: 12 | E45: 해외지사비 | I45: 1010 | J45: =I45/'통장내역(환율표)'!$D$92 -> 146.98606 | K45: =K44+G45-I45 -> 187080.12 | L45: =L44+H45-J45 -> 27225.969 | N45: =N44-J45+H45 -> 27225.969
A46: 45068 | B46: 은행수수료 | D46: 13 | E46: 해외지사비 | I46: 3.6 | J46: =I46/'통장내역(환율표)'!$D$92 -> 0.5239107 | K46: =K45+G46-I46 -> 187076.52 | L46: =L45+H46-J46 -> 27225.446 | N46: =N45-J46+H46 -> 27225.445
A47: 45068 | B47: 시내교통비 | D47: 14 | E47: 여비교통비 | F47: 해외 | I47: 74.25 | J47: =I47/'통장내역(환율표)'!$D$92 -> 10.805658 | K47: =K46+G47-I47 -> 187002.27 | L47: =L46+H47-J47 -> 27214.64 | M47: Pan Shi Qiang책임 | N47: =N46-J47+H47 -> 27214.639
A48: 45068 | B48: 사무용품비 | D48: 15 | E48: 해외지사비 | I48: 55 | J48: =I48/'통장내역(환율표)'!$D$92 -> 8.0041913 | K48: =K47+G48-I48 -> 186947.27 | L48: =L47+H48-J48 -> 27206.636 | M48: IC담는 작은 박스 구입 | N48: =N47-J48+H48 -> 27206.635
A49: 45068 | B49: 택배비 | D49: 16 | E49: 해외지사비 | I49: 373.22 | J49: =I49/'통장내역(환율표)'!$D$92 -> 54.314987 | K49: =K48+G49-I49 -> 186574.05 | L49: =L48+H49-J49 -> 27152.321 | N49: =N48-J49+H49 -> 27152.32
A50: 45068 | B50: 통신비 | D50: 17 | E50: 통신비 | F50: 기타 | I50: 98.6 | J50: =I50/'통장내역(환율표)'!$D$92 -> 14.349332 | K50: =K49+G50-I50 -> 186475.45 | L50: =L49+H50-J50 -> 27137.971 | M50: Pan Shi Qiang책임 | N50: =N49-J50+H50 -> 27137.971
A51: 45068 | B51: 은행수수료 | D51: 18 | E51: 해외지사비 | I51: 3.6 | J51: =I51/'통장내역(환율표)'!$D$92 -> 0.5239107 | K51: =K50+G51-I51 -> 186471.85 | L51: =L50+H51-J51 -> 27137.447 | N51: =N50-J51+H51 -> 27137.447
A52: 45068 | B52: Liu Ming Liang(주차비) | D52: 19 | E52: 여비교통비 | F52: 해외 | I52: =900+100 -> 1000 | J52: =I52/'통장내역(환율표)'!$D$92 -> 145.53075 | K52: =K51+G52-I52 -> 185471.85 | L52: =L51+H52-J52 -> 26991.917 | N52: =N51-J52+H52 -> 26991.916
A53: 45068 | B53: Liu Ming Liang(주유비) | D53: 20 | E53: 여비교통비 | F53: 해외 | I53: 2520 | J53: =I53/'통장내역(환율표)'!$D$92 -> 366.73749 | K53: =K52+G53-I53 -> 182951.85 | L53: =L52+H53-J53 -> 26625.179 | N53: =N52-J53+H53 -> 26625.179
A54: 45068 | B54: Liu Ming Liang(톨비) | D54: 21 | E54: 여비교통비 | F54: 해외 | I54: 328 | J54: =I54/'통장내역(환율표)'!$D$92 -> 47.734086 | K54: =K53+G54-I54 -> 182623.85 | L54: =L53+H54-J54 -> 26577.445 | N54: =N53-J54+H54 -> 26577.445
A55: 45068 | B55: 은행수수료 | D55: 22 | E55: 해외지사비 | I55: 3.6 | J55: =I55/'통장내역(환율표)'!$D$92 -> 0.5239107 | K55: =K54+G55-I55 -> 182620.25 | L55: =L54+H55-J55 -> 26576.921 | N55: =N54-J55+H55 -> 26576.921
A56: 45068 | B56: 김명관 책임_자녀 학비 | D56: 23 | E56: 해외지사비 | I56: 65910 | J56: =I56/'통장내역(환율표)'!$D$92 -> 9591.9318 | K56: =K55+G56-I56 -> 116710.25 | L56: =L55+H56-J56 -> 16984.989 | N56: =N55-J56+H56 -> 16984.989
A57: 45068 | B57: 은행수수료 | D57: 24 | E57: 해외지사비 | I57: 7.2 | J57: =I57/'통장내역(환율표)'!$D$92 -> 1.0478214 | K57: =K56+G57-I57 -> 116703.05 | L57: =L56+H57-J57 -> 16983.942 | N57: =N56-J57+H57 -> 16983.941
A58: 45068 | B58: 김명관 책임_업무추진비 | D58: 25 | E58: 업무추진비 | F58: 일반 | I58: 5769.66 | J58: =I58/'통장내역(환율표)'!$D$92 -> 839.66295 | K58: =K57+G58-I58 -> 110933.39 | L58: =L57+H58-J58 -> 16144.279 | N58: =N57-J58+H58 -> 16144.278
A59: 45068 | B59: 은행수수료 | D59: 26 | E59: 해외지사비 | I59: 3.6 | J59: =I59/'통장내역(환율표)'!$D$92 -> 0.5239107 | K59: =K58+G59-I59 -> 110929.79 | L59: =L58+H59-J59 -> 16143.755 | N59: =N58-J59+H59 -> 16143.754
A60: 45068 | B60: 김명관 책임_비자 연장용 비용 | D60: 27 | E60: 해외지사비 | I60: 2400 | J60: =I60/'통장내역(환율표)'!$D$92 -> 349.2738 | K60: =K59+G60-I60 -> 108529.79 | L60: =L59+H60-J60 -> 15794.481 | N60: =N59-J60+H60 -> 15794.48
A61: 45068 | B61: 은행수수료 | D61: 28 | E61: 해외지사비 | I61: 3.6 | J61: =I61/'통장내역(환율표)'!$D$92 -> 0.5239107 | K61: =K60+G61-I61 -> 108526.19 | L61: =L60+H61-J61 -> 15793.957 | N61: =N60-J61+H61 -> 15793.957
A62: 45068 | B62: 김명관_시내교통비 | D62: 29 | E62: 여비교통비 | F62: 해외 | I62: 368.29 | J62: =I62/'통장내역(환율표)'!$D$92 -> 53.59752 | K62: =K61+G62-I62 -> 108157.9 | L62: =L61+H62-J62 -> 15740.36 | N62: =N61-J62+H62 -> 15740.359
A63: 45068 | B63: 은행수수료 | D63: 30 | E63: 해외지사비 | I63: 3.6 | J63: =I63/'통장내역(환율표)'!$D$92 -> 0.5239107 | K63: =K62+G63-I63 -> 108154.3 | L63: =L62+H63-J63 -> 15739.836 | N63: =N62-J63+H63 -> 15739.835
A64: 45068 | B64: 김명관_Su Zhou 출장건 | D64: 31 | E64: 여비교통비 | F64: 해외 | I64: 4645.94 | J64: =I64/'통장내역(환율표)'!$D$92 -> 676.12714 | K64: =K63+G64-I64 -> 103508.36 | L64: =L63+H64-J64 -> 15063.708 | N64: =N63-J64+H64 -> 15063.708
A65: 45068 | B65: 은행수수료 | D65: 32 | E65: 해외지사비 | I65: 3.6 | J65: =I65/'통장내역(환율표)'!$D$92 -> 0.5239107 | K65: =K64+G65-I65 -> 103504.76 | L65: =L64+H65-J65 -> 15063.185 | N65: =N64-J65+H65 -> 15063.184
A66: 45068 | B66: 김명관_Bei Jing 출장건 | D66: 33 | E66: 여비교통비 | F66: 해외 | I66: 4848 | J66: =I66/'통장내역(환율표)'!$D$92 -> 705.53308 | K66: =K65+G66-I66 -> 98656.759 | L66: =L65+H66-J66 -> 14357.652 | N66: =N65-J66+H66 -> 14357.651
A67: 45068 | B67: 은행수수료 | D67: 34 | E67: 해외지사비 | I67: 3.6 | J67: =I67/'통장내역(환율표)'!$D$92 -> 0.5239107 | K67: =K66+G67-I67 -> 98653.159 | L67: =L66+H67-J67 -> 14357.128 | N67: =N66-J67+H67 -> 14357.127
A68: 45068 | B68: 사무실운영비_택배비 | D68: 35 | E68: 해외지사비 | I68: 305.79 | J68: =I68/'통장내역(환율표)'!$D$92 -> 44.501848 | K68: =K67+G68-I68 -> 98347.369 | L68: =L67+H68-J68 -> 14312.626 | N68: =N67-J68+H68 -> 14312.625
A69: 45068 | B69: 사무실운영비_사무비품 | D69: 36 | E69: 해외지사비 | I69: 114.8 | J69: =I69/'통장내역(환율표)'!$D$92 -> 16.70693 | K69: =K68+G69-I69 -> 98232.569 | L69: =L68+H69-J69 -> 14295.919 | N69: =N68-J69+H69 -> 14295.918
A70: 45068 | B70: 사무실운영비_청소비 | D70: 37 | E70: 해외지사비 | I70: 300 | J70: =I70/'통장내역(환율표)'!$D$92 -> 43.659225 | K70: =K69+G70-I70 -> 97932.569 | L70: =L69+H70-J70 -> 14252.26 | N70: =N69-J70+H70 -> 14252.259
A71: 45068 | B71: 사무실운영비_스캔, 프린트 | D71: 38 | E71: 해외지사비 | I71: 185 | J71: =I71/'통장내역(환율표)'!$D$92 -> 26.923189 | K71: =K70+G71-I71 -> 97747.569 | L71: =L70+H71-J71 -> 14225.336 | N71: =N70-J71+H71 -> 14225.336
A72: 45068 | B72: 사무실운영비_IC 구입 | D72: 39 | E72: 해외지사비 | I72: 616 | J72: =I72/'통장내역(환율표)'!$D$92 -> 89.646942 | K72: =K71+G72-I72 -> 97131.569 | L72: =L71+H72-J72 -> 14135.689 | N72: =N71-J72+H72 -> 14135.689
A73: 45068 | B73: 은행수수료 | D73: 40 | E73: 해외지사비 | I73: 3.6 | J73: =I73/'통장내역(환율표)'!$D$92 -> 0.5239107 | K73: =K72+G73-I73 -> 97127.969 | L73: =L72+H73-J73 -> 14135.166 | N73: =N72-J73+H73 -> 14135.165
A74: 45068 | B74: 통신비_신순연 책임 | D74: 41 | E74: 통신비 | F74: 기타 | I74: 499 | J74: =I74/'통장내역(환율표)'!$D$92 -> 72.619845 | K74: =K73+G74-I74 -> 96628.969 | L74: =L73+H74-J74 -> 14062.546 | N74: =N73-J74+H74 -> 14062.545
A75: 45068 | B75: 사무실 Internet비용 | D75: 42 | E75: 통신비 | F75: 기타 | I75: 398 | J75: =I75/'통장내역(환율표)'!$D$92 -> 57.921239 | K75: =K74+G75-I75 -> 96230.969 | L75: =L74+H75-J75 -> 14004.624 | N75: =N74-J75+H75 -> 14004.624
A76: 45068 | B76: 은행수수료 | D76: 43 | E76: 해외지사비 | I76: 3.6 | J76: =I76/'통장내역(환율표)'!$D$92 -> 0.5239107 | K76: =K75+G76-I76 -> 96227.369 | L76: =L75+H76-J76 -> 14004.101 | N76: =N75-J76+H76 -> 14004.1
A77: 45068 | B77: 신순연_Bei Jing 출장건 | D77: 44 | E77: 여비교통비 | F77: 해외 | I77: 4798 | J77: =I77/'통장내역(환율표)'!$D$92 -> 698.25654 | K77: =K76+G77-I77 -> 91429.369 | L77: =L76+H77-J77 -> 13305.844 | N77: =N76-J77+H77 -> 13305.843
A78: 45068 | B78: 은행수수료 | D78: 45 | E78: 해외지사비 | I78: 3.6 | J78: =I78/'통장내역(환율표)'!$D$92 -> 0.5239107 | K78: =K77+G78-I78 -> 91425.769 | L78: =L77+H78-J78 -> 13305.32 | N78: =N77-J78+H78 -> 13305.32
A79: 45068 | B79: 신순연_업무추진비 | D79: 46 | E79: 업무추진비 | F79: 일반 | I79: 11602.2 | J79: =I79/'통장내역(환율표)'!$D$92 -> 1688.4769 | K79: =K78+G79-I79 -> 79823.569 | L79: =L78+H79-J79 -> 11616.843 | N79: =N78-J79+H79 -> 11616.843
A80: 45068 | B80: 은행수수료 | D80: 47 | E80: 해외지사비 | I80: 7.2 | J80: =I80/'통장내역(환율표)'!$D$92 -> 1.0478214 | K80: =K79+G80-I80 -> 79816.369 | L80: =L79+H80-J80 -> 11615.795 | N80: =N79-J80+H80 -> 11615.795
A81: 45068 | B81: 신순연_시내교통비 | D81: 48 | E81: 여비교통비 | F81: 해외 | I81: 420.29 | J81: =I81/'통장내역(환율표)'!$D$92 -> 61.165119 | K81: =K80+G81-I81 -> 79396.079 | L81: =L80+H81-J81 -> 11554.63 | N81: =N80-J81+H81 -> 11554.63
A82: 45068 | B82: 은행수수료 | D82: 49 | E82: 해외지사비 | I82: 3.6 | J82: =I82/'통장내역(환율표)'!$D$92 -> 0.5239107 | K82: =K81+G82-I82 -> 79392.479 | L82: =L81+H82-J82 -> 11554.106 | N82: =N81-J82+H82 -> 11554.106

Sheet 6월 업무추진비
B2: ▶ 업무추진비 사용 내역
B4: NO | C4: 정산일자 | D4: 사용일자 | E4: 사용처 | F4: 사용금액 | H4: 사용목적(상세 기재) | I4: 고객명
F5: RMB | G5: KRW | J5: 동부
B6: 1 | C6: 45102 | D6: 45068 | E6: 심천 한 식당 | F6: 1096 | H6: CSOT | I6: CSOT | J6: 심천지사, 강정호 부사장, 이상태 수석, 반영일 부장
B7: 2 | C7: 45102 | D7: 45072 | E7: 심천 중 식당 | F7: 668 | H7: CSOT | I7: CSOT | J7: 김명관 책임, 신순연 책임, 강정호 부사장, 이상태 수석, Sam부장
B8: 3 | C8: 45102 | D8: 45075 | E8: 청두 중 식당 | F8: 589 | H8: BOE | I8: BOE | J8: 신순연 책임, Shen Li Xia, Yu Yong
B9: 4 | C9: 45102 | D9: 45083 | E9: 심천 중 식당 | F9: 683 | H9: CSOT | I9: CSOT | J9: Ji Guo Dong, 신순연 책임, 외 1명
B10: 5 | C10: 45102 | D10: 45084 | E10: 심천 한 식당 | F10: 275 | H10: LSI | I10: LSI | J10: /김명관 책임, 신순연 책임.
B11: 6 | C11: 45102 | D11: 45085 | E11: 심천 한 식당 | F11: 1458 | H11: CSOT/LGE | I11: CSOT/LGE | J11: CSOT(Tony총감, Jed Han전문가, Li Yin Shi), LGE 2명, 김명관 책임, 신순연 책임.
C12: 45102 | D12: 45085 | E12: 심천 한 식당 | F12: 350 | H12: LGE | I12: LGE | J12: LGE 2명 추가 금액 발생
B13: 7 | C13: 45102 | D13: 45085 | E13: 심천 중 식당 | F13: 721 | H13: CSOT | I13: CSOT | J13: Li Yin Shi, 신순연 책임.
B14: 8 | C14: 45102 | D14: 45090 | E14: 심천 중 식당 | F14: 369 | H14: TCL | I14: TCL | J14: Lin Jie Ting, 김명관 책임, 신순연 책임.
B15: 9 | C15: 45102 | D15: 45090 | E15: 심천 coffee shop | F15: 181 | H15: TCL/CSOT | I15: TCL/CSOT | J15: Lin Jie Ting, 김명관 책임, 신순연 책임, 외 2명
B16: 10 | C16: 45102 | D16: 45090 | E16: 심천 중 식당 | F16: 772 | H16: CSOT | I16: CSOT | J16: Huang Lei Jing, 신순연 책임, 외1명
B17: 11 | C17: 45102 | D17: 45091 | E17: 심천 중 식당 | F17: 453 | H17: CSOT | I17: CSOT | J17: Liu Kai Yu, 신순연 책임.
B18: 12 | C18: 45102 | D18: 45092 | E18: 심천 중 식당 | F18: 466 | H18: CSOT | I18: CSOT | J18: Lan Qing Sheng, 신순연 책임.
B19: 13 | C19: 45102 | D19: 45093 | E19: 심천 coffee shop | F19: 109 | H19: Kiwi/ANAX | I19: Kiwi/ANAX | J19: /신순연 책임.
B20: 14 | C20: 45102 | D20: 45093 | E20: 심천 중 식당 | F20: 417 | H20: CSOT | I20: CSOT | J20: Zhao Nian, 신순연 책임.
B21: 15 | C21: 45102 | D21: 45095 | E21: 충칭 중 식당 | F21: 684 | H21: HKC | I21: HKC | J21: Liao Yi Jiang, Li Jing Ru과장, 김명관 책임, 신순연 책임.
B22: 16 | C22: 45102 | D22: 45097 | E22: 충칭 중 식당 | F22: 412 | H22: HKC | I22: HKC | J22: Fu Wei, 김명관 책임, 신순연 책임.
B23: 17 | C23: 45102 | D23: 45101 | E23: 단오 선물 | F23: 299.7 | H23: HKC | I23: HKC | J23: Gu Tao과장, Fu Wei부장
B24: 18 | C24: 45102 | D24: 45101 | E24: 단오 선물 | F24: 416.4 | H24: HKC | I24: HKC | J24: Gu Tao과장, Fu Wei부장
... B28: 22 | C28: 45102 | D28: 45091 | E28: 쑤저우 중 식당 | F28: 1250 | H28: CSOT | I28: CSOT | J28: Meng Xiang대리점 2명, T10 조달 인원, 김명관 책임.
F29: =SUM(F6:F28) -> 20084.7

Sheet 내역_23.06
A1: 6월 전도금 사용 내역 | E1: 100021363 | G1: B2D320
A2: 4/10 송금 환율(1,318.9) | E2: 100000208 | G2: 6/10 송금 환율(1,300.5) | K2: 100000210
A3: 대계정 | B3: 소계정 | C3: 금액 (RMB) | D3: 금액 (USD) | E3: 금액 (KRW) | G3: 대계정 | H3: 소계정 | I3: 금액 (RMB) | J3: 금액 (USD) | K3: 금액 (KRW)
A4: 소모품비 | G4: 소모품비
A5: 업무추진비 | B5: 일반 | F5: 51131050 | G5: 업무추진비 | H5: 일반 | I5: 20078.45 | J5: 2816.574 | K5: 3662949 | L5: =K5/I5 -> 182.43186 | M5: 2182032 | N5: =M5-L5 -> 2181849.6
A6: 여비교통비 | B6: 해외 | F6: 51061030 | G6: 여비교통비 | H6: 해외 | I6: 33959.76 | J6: 4763.8227 | K6: 6195348 | L6: =K6+E6 -> 6195348 | M6: 41016482 | N6: =M6-L6 -> 34821134
A7: 지급임차료 | B7: 사무실관리 | F7: 51201020 | G7: 지급임차료 | H7: 사무실관리 | I7: 20023 | J7: 2808.7955 | K7: 3652844 | L7: =K7+E7 -> 3652844 | M7: 4869534 | N7: =M7-L7 -> 1216690
A8: 지급임차료 | B8: 차량임차료 | F8: 51201030 | G8: 지급임차료 | H8: 차량임차료 | I8: 10500 | J8: 1472.92 | K8: 1915532 | L8: =K8+E8 -> 1915532 | M8: 2830112 | N8: =M8-L8 -> 914580
A9: 통신비 | B9: 기타 | F9: 51071700 | G9: 통신비 | H9: 기타 | I9: 1028.78 | J9: 144.31567 | K9: 187688 | L9: =K9+E9 -> 187688 | M9: 1381768 | N9: =M9-L9 -> 1194080
A10: 해외지사비 | C10: =SUM(I22:I30) -> 79392.911 | D10: =SUM(J22:J30) -> 11554.11 | E10: 15238716 | F10: 51321010 | G10: 해외지사비 | I10: 88057.93 | J10: 12373.79 | K10: 16092114 | L10: =K10+E10 -> 31330830 | M10: 68260263 | N10: =M10-L10 -> 36929433
A11: 보증금 | F11: 13081010 | G11: 보증금 | L11: =K11+E11 -> 0
A12: Total | C12: =SUM(C4:C11) -> 79392.911 | D12: =SUM(D4:D11) -> 11554.11 | E12: =SUM(E4:E11) -> 15238716 | F12: 52981010 | G12: Total | I12: =SUM(I4:I11) -> 173647.92 | J12: =SUM(J4:J11) -> 24380.218 | K12: =SUM(K4:K11) -> 31706475
C13: =C12+I12 -> 253040.83 | D13: =D12+J12 -> 35934.328 | E13: =E12+K12 -> 46945191 | L13: 2425.7418
M14: =N88 -> 23585.138
B16: 13081010 | I16: =SUBTOTAL(9,I19:I168) -> 253040.83 | J16: =SUBTOTAL(9,J19:J166) -> 35934.332
A17: 날짜 | B17: 내역 | D17: 증빙번호 | E17: 대계정 | F17: 소계정 | G17: 입금 | I17: 출금 | K17: 잔액 | M17: 비고
G18: RMB | H18: USD | I18: RMB | J18: USD | K18: RMB | L18: USD
A19: 45077 | B19: 기존 잔고 | K19: 79392.479 | L19: 11554.106 | N19: 11554.11
A20: 45089 | B20: USD 입금 및 RMB 환전 | D20: 1 | G20: 341557.08 | H20: 47933.1 | J20: =I20/'통장내역(환율표)'!$D$92 -> 0 | K20: =K19+G20-I20 -> 420949.56 | L20: =L19+H20-J20 -> 59487.206
A21: 45089 | B21: 은행수수료 | D21: 1 | E21: 해외지사비 | J21: 20 | K21: =K20+G21-I21 -> 420949.56 | L21: =L20+H21-J21 -> 59467.206
A22: 45089 | B22: 사무실 운영 세금(지사 폐쇄로 인한 5월 ~6/12까지 발생 세금 납부) | D22: 2 | E22: 해외지사비 | I22: 21715.98 | J22: =I22/'통장내역(환율표)'!$D$92 -> 3160.3429 | K22: =K21+G22-I22 -> 399233.58 | L22: =L21+H22-J22 -> 56306.864 | N22: =N19-J22+H22 -> 8393.7671
A23: 45098 | B23: 이자 | D23: 3 | E23: 잡이익 | G23: 221.66 | H23: 32.26 | J23: =I23/'통장내역(환율표)'!$D$92 -> 0 | K23: =K22+G23-I23 -> 399455.24 | L23: =L22+H23-J23 -> 56339.124 | N23: =N22-J23+H23 -> 8426.0271
