Workbook
Name Large_scale_classification: [1]Sheet3!$C$4:$C$10

Sheet 통장내역(환율표)
B2: 통장 일자 | C2: 지급 | F2: 송금액 | I2: 입금 | K2: 출금 | M2: 잔액
C3: 지급시 환율 | D3: 환산요율 | E3: 전표번호 | F3: USD | G3: 수수료 | H3: RMB | I3: USD | J3: RMB | K3: USD | L3: RMB | M3: USD | N3: RMB
B4: 45854 | F4: 74022.44 | N4: =H4-L4 -> 0
B5: 45854 | C5: 1373.8 | D5: =-H5/F5 -> 7.1674 | E5: 2000001679 | F5: -73987.44 | H5: 530297.58 | K5: 35 | L5: 73092 | N5: =H5-L5 -> 457205.58
B6: 45855 | L6: 2403.6 | N6: =N5-L6 -> 454801.98
B7: 45860 | L7: 28287.2 | N7: =N6-L7 -> 426514.78
B8: 45862 | L8: 345390.38 | N8: =N7-L8 -> 81124.4
B9: 45863 | L9: 80014.4 | N9: =N8-L9 -> 1110
N10: =N9 -> 1110
B11: 45881 | F11: 66958.93 | N11: =N10+H11-L11 -> 1110
B12: 45881 | C12: 1384.2 | D12: =-H12/F12 -> 7.1783 | E12: 2000001943 | F12: -66933.93 | H12: 480471.83 | K12: 25 | N12: =N11+H12-L12 -> 481581.83
B13: 45883 | L13: 1110.0568 | N13: =N12+H13-L13 -> 480471.77
B14: 45883 | L14: 26430.74 | N14: =N13+H14-L14 -> 454041.03
B15: 45887 | L15: 33.6 | N15: =N14+H15-L15 -> 454007.43
B16: 45888 | L16: 148030.18 | N16: =N15+H16-L16 -> 305977.25
B17: 45889 | L17: 292153.69 | N17: =N16+H17-L17 -> 13823.563
N18: =N17+H18-L18 -> 13823.563
B19: 45910 | L19: 243.6 | N19: =N18+H19-L19 -> 13579.963
B20: 45911 | F20: 58404.05 | N20: =N19+H20-L20 -> 13579.963
B21: 45911 | C21: 1386.6 | D21: =-H21/F21 -> 7.1105999 | E21: 2000002211 | F21: -58379.05 | H21: 415110.07 | K21: 25 | N21: =N20+H21-L21 -> 428690.03
B22: 45915 | L22: 13580.058 | N22: =N21+H22-L22 -> 415109.98
B23: 45915 | L23: 13975.74 | N23: =N22+H23-L23 -> 401134.24
B24: 45921 | J24: 32.36 | N24: =N23+H24-L24+J24 -> 401166.6
B25: 45923 | L25: 399903.2 | N25: =N24+H25-L25 -> 1263.3953
N26: =N25+H26-L26 -> 1263.3953
B27: 45943 | F27: 76124.43 | N27: =N26+H27-L27 -> 1263.3953
B28: 45943 | C28: 1401.9 | D28: =-H28/F28 -> 7.1165 | E28: 2000002505 | F28: -76099.43 | H28: 541561.59 | K28: 25 | N28: =N27+H28-L28 -> 542824.99
B29: 45945 | L29: 1263.4825 | N29: =N28+H29-L29 -> 541561.5
B30: 45945 | L30: 26248.32 | N30: =N29+H30-L30 -> 515313.18
B31: 45952 | L31: 57279.62 | N31: =N30+H31-L31 -> 458033.56
B32: 45953 | L32: 435679.23 | N32: =N31+H32-L32 -> 22354.333
N33: =N32+H33-L33 -> 22354.333
B34: 45974 | F34: 58100.87 | N34: =N33+H34-L34 -> 22354.333
B35: 45974 | C35: 1454 | D35: =-H35/F35 -> 7.0841 | E35: 2000002746 | F35: -58075.87 | H35: 411415.27 | K35: 25 | N35: =N34+H35-L35 -> 433769.6
B36: 45975 | L36: 22335.89 | N36: =N35+H36-L36 -> 411433.71
B37: 45975 | L37: 5111.91 | N37: =N36+H37-L37 -> 406321.8
B38: 45985 | L38: 377571.91 | N38: =N37+H38-L38 -> 28749.893
N39: =N38 -> 28749.893
B40: 46002 | F40: 60766.8 | N40: =N39+H40-L40 -> 28749.893
B41: 46002 | C41: 1470.4 | D41: =-H41/F41 -> 7.0497 | E41: 2000003021 | F41: -60741.8 | H41: 428211.47 | K41: 25 | N41: =N40+H41-L41 -> 456961.36
B42: 46006 | L42: 27509.8 | N42: =N41+H42-L42 -> 429451.56
B43: 46012 | I43: 6.2096808 | J43: 43.99 | N43: =N42+H43-L43+J43 -> 429495.55
B44: 46013 | L44: 1284.14 | N44: =N43+H44-L44 -> 428211.41
B45: 46013 | L45: 146684.94 | N45: =N44+H45-L45 -> 281526.47
B46: 46015 | L46: 251327.53 | N46: =N45+H46-L46 -> 30198.943
N47: =N46 -> 30198.943
B48: 46035 | F48: 63822.55 | N48: =N47+H48-L48 -> 30198.943
B49: 46035 | C49: 1449.4 | D49: =-H49/F49 -> 6.9648001 | E49: 2000000038 | F49: -63797.55 | H49: 444337.18 | K49: 25 | N49: =N48+H49-L49 -> 474536.12
B50: 46035 | L50: 25054.2 | N50: =N49+H50-L50 -> 449481.92
B51: 46037 | L51: 2403.6 | N51: =N50+H51-L51 -> 447078.32
B52: 46038 | L52: 2741.2021 | N52: =N51+H52-L52 -> 444337.12
B53: 46038 | L53: 54391.908 | N53: =N52+H53-L53 -> 389945.21
B54: 46044 | L54: 348537.1 | N54: =N53+H54-L54 -> 41408.113
N55: =N54 -> 41408.113
B56: 46055 | L56: 140 | N56: =N55+H56-L56 -> 41268.113
B57: 46062 | F57: 75630.62 | N57: =N56+H57-L57 -> 41268.113
B58: 46062 | C58: 1451.2 | D58: =-H58/F58 -> 6.9164 | E58: 2000000421 | F58: -75605.62 | H58: 522918.71 | K58: 25 | N58: =N57+H58-L58 -> 564186.82
B59: 46063 | L59: 80846.2 | N59: =N58+H59-L59 -> 483340.62
B60: 46065 | L60: 20007.2 | N60: =N59+H60-L60 -> 463333.42
B61: 46066 | L61: 65112.4 | N61: =N60+H61-L61 -> 398221.02
B62: 46067 | L62: 89777.56 | N62: =N61+H62-L62 -> 308443.46
B63: 46077 | L63: 252472.24 | N63: =N62+H63-L63 -> 55971.223
B64: 46079 | L64: 553.6 | N64: =N63+H64-L64 -> 55417.623
N65: =N64 -> 55417.623
B66: 46093 | I66: 48000 | L66: 612 | N66: =N65+I66-L66 -> 102805.62
B67: 46098 | F67: 73089.83 | N67: =N66+H67-L67 -> 102805.62
B68: 46098 | C68: 1479.8 | D68: =-H68/F68 -> 6.8738999 | E68: 2000000732 | F68: -73064.83 | H68: 502240.33 | K68: 25 | N68: =N67+H68-L68 -> 605045.95
B69: 46102 | I69: 42.57 | J69: 6.1549361 | N69: =N68+I69-L69 -> 605088.52
B70: 46104 | L70: 54848.294 | N70: =N69+I70-L70 -> 550240.23
B71: 46104 | L71: 142377.99 | N71: =N70+I71-L71 -> 407862.24
B72: 46105 | L72: 269648.75 | N72: =N71+I72-L72 -> 138213.49
N73: =N72 -> 138213.49
B74: 46128 | F74: 55078.72 | N74: =N73+H74-L74 -> 138213.49
B75: 46128 | C75: 1479.8 | D75: =-H75/F75 -> 6.806 | E75: 2000000992 | F75: -55053.72 | H75: 374695.62 | K75: 25 | N75: =N74+H75-L75 -> 512909.11
B76: 46129 | L76: 58139.61 | N76: =N75+H76-L76 -> 454769.5
B77: 46132 | L77: 20007.2 | N77: =N76+H77-L77 -> 434762.3
B78: 46135 | L78: 60066.7 | N78: =N77+H78-L78 -> 374695.6
B79: 46135 | L79: 257166.45 | N79: =N78+H79-L79 -> 117529.15
B80: 46136 | L80: 35713.84 | N80: =N79+H80-L80 -> 81815.313
B81: 46137 | L81: 80769.52 | N81: =N80+H81-L81 -> 1045.7928
N82: =N81 -> 1045.7928
B83: 46148 | F83: 5226.93 | N83: =N82+H83-L83 -> 1045.7928
B84: 46148 | C84: 1473.1 | D84: =-H84/F84 -> 6.8025007 | E84: 2000001199 | F84: -5216.93 | H84: 35488.17 | K84: 10 | N84: =N83+H84-L84 -> 36533.963
B85: 46148 | L85: 1045.81 | N85: =N84+H85-L85 -> 35488.153
B86: 46154 | L86: 18396.3 | N86: =N85+H86-L86 -> 17091.853
B87: 46160 | F87: 59269.52 | L87: 471.36 | N87: =N86+H87-L87 -> 16620.493
B88: 46160 | C88: 1484.3 | D88: =-H88/F88 -> 6.7996 | E88: 2000001372 | F88: -59244.52 | H88: 402839.04 | K88: 25 | N88: =N87+H88-L88 -> 419459.53
B89: 46161 | L89: 16620.509 | N89: =N88+H89-L89 -> 402839.02
B90: 46161 | L90: 3386.69 | N90: =N89+H90-L90 -> 399452.33
B91: 46165 | L91: 381501.58 | N91: =N90+H91-L91 -> 17950.754
N92: =N91 -> 17950.754
B93: 46189 | F93: 74959.75 | N93: =N92+H93-L93 -> 17950.754
B94: 46189 | C94: 1527 | D94: =-H94/F94 -> 6.7491 | E94: 2000001534 | F94: -74934.75 | H94: 505742.12 | K94: 25 | N94: =N93+H94-L94 -> 523692.87
B95: 46191 | L95: 17950.74 | N95: =N94+H95-L95 -> 505742.13
B96: 46191 | L96: 186438.42 | N96: =N95+H96-L96 -> 319303.71
B97: 46194 | I97: 5.2984843 | J97: 35.76 | N97: =N96+J97-L97 -> 319339.47
B98: 46197 | L98: 283930.95 | N98: =N97+H98-L98 -> 35408.524
N99: =N98 -> 35408.524

Sheet 내역_25.01
B2: ▶ 25년 1월 전도금 정산 내역 (심천지사)_4000061 (B2F590) | H2: 보증금 입금 내역_1,234.5 (#1900000828 / #1200000234 / #100013313)
B3: 24년 12월 송금_1,433.2(#) | F3: 1433.2 | H3: 25년 1월 송금_1458.2(#) | L3: 1458.2 | N3: 25년 1월 2차 송금_1,434.30 (#) | R3: 1434.3 | X3: 1327.2
B4: 대계정 | C4: 소계정 | D4: 금액 (CNY) | E4: 금액 (USD) | F4: 금액 (KRW) | H4: 대계정 | I4: 소계정 | J4: 금액 (CNY) | K4: 금액 (USD) | L4: 금액 (KRW) | N4: 대계정 | O4: 소계정 | P4: 금액 (CNY) | Q4: 금액 (USD) | R4: 금액 (KRW)
A5: 51131050 | B5: 업무추진비 | C5: 일반 | F5: =ROUND(E5*$F$3,0) -> 0 | H5: 업무추진비 | I5: 일반 | J5: 30124.08 | K5: 4115.82 | L5: =ROUND(K5*$L$3,0) -> 6001689 | M5: =L5+F5 -> 6001689 | N5: 업무추진비 | O5: 일반 | R5: =ROUND(Q5*$R$3,0) -> 0 | S5: =F5+L5+R5 -> 6001689
A6: 51061030 | B6: 여비교통비 | C6: 해외 | D6: 1600 | E6: 220.27 | F6: =ROUND(E6*$F$3,0) -> 315691 | H6: 여비교통비 | I6: 해외 | J6: 23408.08 | K6: 3198.22 | L6: =ROUND(K6*$L$3,0) -> 4663644 | M6: =L6+F6 -> 4979335 | N6: 여비교통비 | O6: 해외 | R6: =ROUND(Q6*$R$3,0) -> 0 | S6: =F6+L6+R6 -> 4979335
A7: 51201020 | B7: 지급임차료 | C7: 사무실임차료 | D7: 24455 | E7: 3366.74 | F7: =ROUND(E7*$F$3,0) -> 4825212 | H7: 지급임차료 | I7: 사무실임차료 | L7: =ROUND(K7*$L$3,0) -> 0 | M7: =L7+F7 -> 4825212 | N7: 지급임차료 | O7: 사무실임차료 | R7: =ROUND(Q7*$R$3,0) -> 0 | S7: =F7+L7+R7 -> 4825212
A8: 51201030 | B8: 지급임차료 | C8: 차량임차료 | D8: 8307.64 | E8: 1143.72 | F8: =ROUND(E8*$F$3,0) -> 1639180 | H8: 지급임차료 | I8: 차량임차료 | J8: 9192.36 | K8: 1255.94 | L8: =ROUND(K8*$L$3,0) -> 1831412 | M8: =L8+F8 -> 3470592 | N8: 지급임차료 | O8: 차량임차료 | R8: =ROUND(Q8*$R$3,0) -> 0 | S8: =F8+L8+R8 -> 3470592
A9: 51071700 | B9: 통신비 | C9: 기타 | F9: =ROUND(E9*$F$3,0) -> 0 | H9: 통신비 | I9: 기타 | J9: 1412.84 | K9: 193.03 | L9: =ROUND(K9*$L$3,0) -> 281476 | M9: =L9+F9 -> 281476 | N9: 통신비 | O9: 기타 | R9: =ROUND(Q9*$R$3,0) -> 0 | S9: =F9+L9+R9 -> 281476
A10: 51321010 | B10: 해외지사비 | D10: 43977.03 | E10: 6054.36 | F10: =ROUND(E10*$F$3,0) -> 8677109 | H10: 해외지사비 | J10: 331930.54 | K10: 45402.28 | L10: =ROUND(K10*$L$3,0) -> 66205605 | M10: =L10+F10 -> 74882714 | N10: 해외지사비 | R10: =ROUND(Q10*$R$3,0) -> 0 | S10: =F10+L10+R10 -> 74882714
A11: 51031020 | B11: 급여(incentive) | C11: 성과급여조정 | F11: =ROUND(E11*$F$3,0) -> 0 | G11: =G13/G12 -> 1433.2038 | H11: 급여(incentive) | I11: 포상금 | L11: =ROUND(K11*$L$3,0) -> 0 | M11: =L11+F11 -> 0 | N11: 급여(incentive) | O11: 포상금 | Q11: 36 | R11: =ROUND(Q11*$R$3,0) -> 51635 | S11: =F11+L11+R11 -> 51635
A12: 52981010 | B12: (-)잡이익(50) | C12: (-)잡이익 | F12: =ROUND(E12*$F$3,0) -> 0 | G12: =E13+Q13+AB13 -> 10821.09 | H12: (-)잡이익(50) | I12: (-)잡이익 | L12: =ROUND(K12*$L$3,0) -> 0 | M12: =L12+F12 -> 0 | N12: (-)잡이익(50) | O12: (-)잡이익 | R12: =ROUND(Q12*$R$3,0) -> 0 | S12: =F12+L12+R12 -> 0
B13: Total | D13: =SUM(D5:D11)-D12 -> 78339.67 | E13: =SUM(E5:E11)-E12 -> 10785.09 | F13: =SUM(F5:F11)-F12 -> 15457192 | G13: =F13+R13+AC13 -> 15508827 | H13: Total | J13: =SUM(J5:J11)-J12 -> 396067.9 | K13: =SUM(K5:K11)-K12 -> 54165.29 | L13: =SUM(L5:L11)-L12 -> 78983826 | M13: =L13+F13 -> 94441018 | N13: Total | P13: =SUM(P5:P11)-P12 -> 0 | Q13: =SUM(Q5:Q11)-Q12 -> 36 | R13: =SUM(R5:R11)-R12 -> 51635 | S13: =F13+L13+R13 -> 94492653 | X13: =F13+R13 -> 15508827
D14: =SUM(D7:D10) -> 76739.67 | E14: =SUM(E7:E10) -> 10564.82 | F14: =SUM(F7:F10) -> 15141501 | J14: =J13+D13+P13 -> 474407.57 | K14: =K13+E13+Q13 -> 64986.38 | L14: =L13+F13+R13 -> 94492653 | M14: =M16-E12 -> 64950.382 | P14: =P13+D13+J13 -> 474407.57 | Q14: =Q13+E13+K13 -> 64986.38 | R14: =R13+F13+L13 -> 94492653
K15: =K16-H85 -> 474407.57 | M15: =M16-J85 -> 64950.382
K16: =SUBTOTAL(9,K19:K103) -> 474407.57 | M16: =SUBTOTAL(9,M19:M103) -> 64950.382
B17: 날짜 | C17: 내역 | D17: 담당자 | E17: 증빙번호 | F17: 대계정 | G17: 소계정 | H17: 입금 | K17: 출금 | N17: 잔액 | R17: 항목
B18: 날짜 | C18: 내역 | D18: 담당자 | E18: 증빙번호 | F18: 대계정 | G18: 소계정 | H18: CNY | I18: 환산요율 | J18: USD | K18: CNY | L18: 환산요율 | M18: USD | N18: CNY | O18: USD | P18: 비고 | R18: 항목
B19: 45657 | N19: 78313.1 | O19: 10785.092 | S19: 10785.091
B20: 45667 | C20: 4분기 세금 비용 | E20: 1 | F20: 해외지사비 | K20: 42812.63 | L20: ='[2]통장내역(환율표)'!$D$238 -> 7.2637 | M20: =K20/L20 -> 5894.0526 | N20: =N19+H20-K20 -> 35500.47 | O20: =O19+J20-M20 -> 4891.0398 | P20: 12월 송금 | S20: =S19-M20 -> 4891.0387
B21: 45670 | C21: USD입금 and RMB 환전 | E21: 2 | H21: 473948.32 | J21: 64806 | N21: =N20+H21-K21 -> 509448.79 | O21: =O20+J21-M21 -> 69697.04
B22: 45670 | C22: 은행수수료 | E22: 2 | F22: 해외지사비 | M22: 51 | N22: =N21+H22-K22 -> 509448.79 | O22: =O21+J22-M22 -> 69646.04
B23: 45672 | C23: DB HITEK조회확인서 수수료 | E23: 3 | F23: 해외지사비 | K23: 140 | L23: ='[2]통장내역(환율표)'!$D$238 -> 7.2637 | M23: =K23/L23 -> 19.273924 | N23: =N22+H23-K23 -> 509308.79 | O23: =O22+J23-M23 -> 69626.766 | P23: 12월 송금 | S23: =S20-M23 -> 4871.7648
B24: 45672 | C24: 사무실 임대료/전기세 관련 | E24: 4 | F24: 지급임차료 | G24: 사무실 | K24: 24455 | L24: ='[2]통장내역(환율표)'!$D$238 -> 7.2637 | M24: =K24/L24 -> 3366.7415 | N24: =N23+H24-K24 -> 484853.79 | O24: =O23+J24-M24 -> 66260.024 | P24: 12월 송금 | S24: =S23-M24 -> 1505.0233
B25: 45672 | C25: 은행수수료 | E25: 5 | F25: 해외지사비 | K25: 7.2 | L25: ='[2]통장내역(환율표)'!$D$238 -> 7.2637 | M25: =K25/L25 -> 0.99123036 | N25: =N24+H25-K25 -> 484846.59 | O25: =O24+J25-M25 -> 66259.033 | P25: 12월 송금 | S25: =S24-M25 -> 1504.0321
B26: 45672 | C26: 사무실 주차비 | E26: 6 | F26: 여비교통비 | G26: 해외 | K26: 1600 | L26: ='[2]통장내역(환율표)'!$D$238 -> 7.2637 | M26: =K26/L26 -> 220.27341 | N26: =N25+H26-K26 -> 483246.59 | O26: =O25+J26-M26 -> 66038.76 | P26: 12월 송금 | S26: =S25-M26 -> 1283.7587
B27: 45672 | C27: 은행수수료 | E27: 7 | F27: 해외지사비 | K27: 3.6 | L27: ='[2]통장내역(환율표)'!$D$238 -> 7.2637 | M27: =K27/L27 -> 0.49561518 | N27: =N26+H27-K27 -> 483242.99 | O27: =O26+J27-M27 -> 66038.264 | P27: 12월 송금 | S27: =S26-M27 -> 1283.2631
B28: 45674 | C28: 세무대행비 | E28: 8 | F28: 해외지사비 | K28: 1010 | L28: ='[2]통장내역(환율표)'!$D$238 -> 7.2637 | M28: =K28/L28 -> 139.04759 | N28: =N27+H28-K28 -> 482232.99 | O28: =O27+J28-M28 -> 65899.217 | P28: 12월 송금 | S28: =S27-M28 -> 1144.2155
B29: 45674 | C29: 은행수수료 | E29: 9 | F29: 해외지사비 | K29: 3.6 | L29: ='[2]통장내역(환율표)'!$D$238 -> 7.2637 | M29: =K29/L29 -> 0.49561518 | N29: =N28+H29-K29 -> 482229.39 | O29: =O28+J29-M29 -> 65898.721 | P29: 12월 송금 | S29: =S28-M29 -> 1143.7198
B30: 45674 | C30: 차량 Rent비 | E30: 10 | F30: 지급임차료 | G30: 차량임차료 | K30: =L30*M30 -> 8307.6379 | L30: ='[2]통장내역(환율표)'!$D$238 -> 7.2637 | M30: 1143.7198 | N30: =N29+H30-K30 -> 473921.75 | O30: =O29+J30-M30 -> 64755.001 | P30: 12월 송금 | S30: =S29-M30 -> -3.4106051e-12
B31: 45674 | C31: 차량 Rent비 | E31: 10 | F31: 지급임차료 | G31: 차량임차료 | K31: =10500-K30 -> 2192.3621 | L31: ='[2]통장내역(환율표)'!$D$246 -> 7.3191 | M31: =K31/L31 -> 299.53985 | N31: =N30+H31-K31 -> 471729.39 | O31: =O30+J31-M31 -> 64455.461 | P31: 1월 송금 | S31: =64755-M31 -> 64455.46
B32: 45674 | C32: 차량 기사비 | E32: 10 | F32: 해외지사비 | K32: 6000 | L32: ='[2]통장내역(환율표)'!$D$246 -> 7.3191 | M32: =K32/L32 -> 819.77292 | N32: =N31+H32-K32 -> 465729.39 | O32: =O31+J32-M32 -> 63635.688 | P32: 1월 송금 | S32: =S31-M32 -> 63635.687
B33: 45674 | C33: 기사 야근비용 | E33: 10 | F33: 해외지사비 | K33: 610 | L33: ='[2]통장내역(환율표)'!$D$246 -> 7.3191 | M33: =K33/L33 -> 83.343581 | N33: =N32+H33-K33 -> 465119.39 | O33: =O32+J33-M33 -> 63552.345 | P33: 1월 송금 | S33: =S32-M33 -> 63552.344
B34: 45674 | C34: 차량 Rent비 | E34: 10 | F34: 지급임차료 | G34: 차량임차료 | K34: 7000 | L34: ='[2]통장내역(환율표)'!$D$246 -> 7.3191 | M34: =K34/L34 -> 956.40174 | N34: =N33+H34-K34 -> 458119.39 | O34: =O33+J34-M34 -> 62595.943 | P34: 1월 송금 | S34: =S33-M34 -> 62595.942
B35: 45674 | C35: 차량 기사비 | E35: 10 | F35: 해외지사비 | K35: 6000 | L35: ='[2]통장내역(환율표)'!$D$246 -> 7.3191 | M35: =K35/L35 -> 819.77292 | N35: =N34+H35-K35 -> 452119.39 | O35: =O34+J35-M35 -> 61776.17 | P35: 1월 송금 | S35: =S34-M35 -> 61776.169
B36: 45674 | C36: 기사 야근비용 | E36: 10 | F36: 해외지사비 | K36: 510 | L36: ='[2]통장내역(환율표)'!$D$246 -> 7.3191 | M36: =K36/L36 -> 69.680699 | N36: =N35+H36-K36 -> 451609.39 | O36: =O35+J36-M36 -> 61706.489 | P36: 1월 송금 | S36: =S35-M36 -> 61706.488
B37: 45674 | C37: 은행수수료 | E37: 11 | F37: 해외지사비 | K37: 7.2 | L37: ='[2]통장내역(환율표)'!$D$246 -> 7.3191 | M37: =K37/L37 -> 0.98372751 | N37: =N36+H37-K37 -> 451602.19 | O37: =O36+J37-M37 -> 61705.506 | P37: 1월 송금 | S37: =S36-M37 -> 61705.505
B38: 45674 | C38: 사무실 WIFI+통신비 | E38: 12 | F38: 통신비 | G38: 기타 | K38: 417.84 | L38: ='[2]통장내역(환율표)'!$D$246 -> 7.3191 | M38: =K38/L38 -> 57.088986 | N38: =N37+H38-K38 -> 451184.35 | O38: =O37+J38-M38 -> 61648.417 | P38: 1월 송금 | R38: 신순연 | S38: =S37-M38 -> 61648.416
B39: 45674 | C39: 은행수수료 | E39: 13 | F39: 해외지사비 | K39: 3.6 | L39: ='[2]통장내역(환율표)'!$D$246 -> 7.3191 | M39: =K39/L39 -> 0.49186375 | N39: =N38+H39-K39 -> 451180.75 | O39: =O38+J39-M39 -> 61647.925 | P39: 1월 송금 | R39: 신순연 | S39: =S38-M39 -> 61647.924
B40: 45674 | C40: 출장비 | E40: 14 | F40: 여비교통비 | G40: 해외 | K40: 2579.69 | L40: ='[2]통장내역(환율표)'!$D$246 -> 7.3191 | M40: =K40/L40 -> 352.46 | N40: =N39+H40-K40 -> 448601.06 | O40: =O39+J40-M40 -> 61295.465 | P40: 1월 송금 | R40: Pan Shi Qiang | S40: =S39-M40 -> 61295.464
B41: 45674 | C41: 시내교통비 | E41: 15 | F41: 여비교통비 | G41: 해외 | K41: 178.26 | L41: ='[2]통장내역(환율표)'!$D$246 -> 7.3191 | M41: =K41/L41 -> 24.355454 | N41: =N40+H41-K41 -> 448422.8 | O41: =O40+J41-M41 -> 61271.109 | P41: 1월 송금 | R41: Pan Shi Qiang | S41: =S40-M41 -> 61271.108
B42: 45674 | C42: 택배비 | E42: 16 | F42: 해외지사비 | K42: 141.7 | L42: ='[2]통장내역(환율표)'!$D$246 -> 7.3191 | M42: =K42/L42 -> 19.360304 | N42: =N41+H42-K42 -> 448281.1 | O42: =O41+J42-M42 -> 61251.749 | P42: 1월 송금 | R42: Pan Shi Qiang | S42: =S41-M42 -> 61251.748
B43: 45674 | C43: 통신비 | E43: 17 | F43: 통신비 | G43: 기타 | K43: 98.8 | L43: ='[2]통장내역(환율표)'!$D$246 -> 7.3191 | M43: =K43/L43 -> 13.498927 | N43: =N42+H43-K43 -> 448182.3 | O43: =O42+J43-M43 -> 61238.25 | P43: 1월 송금 | R43: Pan Shi Qiang | S43: =S42-M43 -> 61238.249
B44: 45674 | C44: 은행수수료 | E44: 18 | F44: 해외지사비 | K44: 3.6 | L44: ='[2]통장내역(환율표)'!$D$246 -> 7.3191 | M44: =K44/L44 -> 0.49186375 | N44: =N43+H44-K44 -> 448178.7 | O44: =O43+J44-M44 -> 61237.758 | P44: 1월 송금 | R44: Pan Shi Qiang | S44: =S43-M44 -> 61237.757
B45: 45674 | C45: 통신비 | E45: 19 | F45: 통신비 | G45: 기타 | K45: 300 | L45: ='[2]통장내역(환율표)'!$D$246 -> 7.3191 | M45: =K45/L45 -> 40.988646 | N45: =N44+H45-K45 -> 447878.7 | O45: =O44+J45-M45 -> 61196.77 | P45: 1월 송금 | R45: Zhang Liang | S45: =S44-M45 -> 61196.769
B46: 45674 | C46: 시내 | E46: 20 | F46: 여비교통비 | G46: 해외 | K46: 133.68 | L46: ='[2]통장내역(환율표)'!$D$246 -> 7.3191 | M46: =K46/L46 -> 18.264541 | N46: =N45+H46-K46 -> 447745.02 | O46: =O45+J46-M46 -> 61178.505 | P46: 1월 송금 | R46: Zhang Liang | S46: =S45-M46 -> 61178.504
B47: 45674 | C47: 택배비 | E47: 21 | F47: 해외지사비 | K47: 436.9 | L47: ='[2]통장내역(환율표)'!$D$246 -> 7.3191 | M47: =K47/L47 -> 59.693132 | N47: =N46+H47-K47 -> 447308.12 | O47: =O46+J47-M47 -> 61118.812 | P47: 1월 송금 | R47: Zhang Liang | S47: =S46-M47 -> 61118.811
B48: 45674 | C48: 사무용픔 | E48: 22 | F48: 해외지사비 | K48: 265.7 | L48: ='[2]통장내역(환율표)'!$D$246 -> 7.3191 | M48: =K48/L48 -> 36.302278 | N48: =N47+H48-K48 -> 447042.42 | O48: =O47+J48-M48 -> 61082.51 | P48: 1월 송금 | R48: Zhang Liang | S48: =S47-M48 -> 61082.509
B49: 45674 | C49: 은행수수료 | E49: 23 | F49: 해외지사비 | K49: 3.6 | L49: ='[2]통장내역(환율표)'!$D$246 -> 7.3191 | M49: =K49/L49 -> 0.49186375 | N49: =N48+H49-K49 -> 447038.82 | O49: =O48+J49-M49 -> 61082.018 | P49: 1월 송금 | R49: Zhang Liang | S49: =S48-M49 -> 61082.017
B50: 45674 | C50: 시내/시외 | E50: 24 | F50: 여비교통비 | G50: 해외 | K50: 175.6 | L50: ='[2]통장내역(환율표)'!$D$246 -> 7.3191 | M50: =K50/L50 -> 23.992021 | N50: =N49+H50-K50 -> 446863.22 | O50: =O49+J50-M50 -> 61058.026 | P50: 1월 송금 | R50: Lin Jie Ting | S50: =S49-M50 -> 61058.025
B51: 45674 | C51: 통신비 | E51: 25 | F51: 통신비 | G51: 기타 | K51: 299.2 | L51: ='[2]통장내역(환율표)'!$D$246 -> 7.3191 | M51: =K51/L51 -> 40.879343 | N51: =N50+H51-K51 -> 446564.02 | O51: =O50+J51-M51 -> 61017.146 | P51: 1월 송금 | R51: Lin Jie Ting | S51: =S50-M51 -> 61017.145
B52: 45674 | C52: 택배비 | E52: 26 | F52: 해외지사비 | K52: 36 | L52: ='[2]통장내역(환율표)'!$D$246 -> 7.3191 | M52: =K52/L52 -> 4.9186375 | N52: =N51+H52-K52 -> 446528.02 | O52: =O51+J52-M52 -> 61012.228 | P52: 1월 송금 | R52: Lin Jie Ting | S52: =S51-M52 -> 61012.227
B53: 45674 | C53: 업무추진비 | E53: 27 | F53: 업무추진비 | G53: 일반 | K53: 16527.08 | L53: ='[2]통장내역(환율표)'!$D$246 -> 7.3191 | M53: =K53/L53 -> 2258.0754 | N53: =N52+H53-K53 -> 430000.94 | O53: =O52+J53-M53 -> 58754.152 | P53: 1월 송금 | R53: Lin Jie Ting | S53: =S52-M53 -> 58754.151
B54: 45674 | C54: 사무실 | E54: 28 | F54: 해외지사비 | K54: 5746.98 | L54: ='[2]통장내역(환율표)'!$D$246 -> 7.3191 | M54: =K54/L54 -> 785.2031 | N54: =N53+H54-K54 -> 424253.96 | O54: =O53+J54-M54 -> 57968.949 | P54: 1월 송금 | R54: Lin Jie Ting / pc. 모니터 | S54: =S53-M54 -> 57968.948
B55: 45674 | C55: 은행수수료 | E55: 29 | F55: 해외지사비 | K55: 7.2 | L55: ='[2]통장내역(환율표)'!$D$246 -> 7.3191 | M55: =K55/L55 -> 0.98372751 | N55: =N54+H55-K55 -> 424246.76 | O55: =O54+J55-M55 -> 57967.965 | P55: 1월 송금 | R55: Lin Jie Ting | S55: =S54-M55 -> 57967.964
B56: 45674 | C56: 주유비 | E56: 30 | F56: 여비교통비 | G56: 해외 | K56: 2151 | L56: ='[2]통장내역(환율표)'!$D$246 -> 7.3191 | M56: =K56/L56 -> 293.88859 | N56: =N55+H56-K56 -> 422095.76 | O56: =O55+J56-M56 -> 57674.077 | P56: 1월 송금 | R56: Chen Guo Liang | S56: =S55-M56 -> 57674.076
B57: 45674 | C57: 주차비 | E57: 31 | F57: 여비교통비 | G57: 해외 | K57: 177 | L57: ='[2]통장내역(환율표)'!$D$246 -> 7.3191 | M57: =K57/L57 -> 24.183301 | N57: =N56+H57-K57 -> 421918.76 | O57: =O56+J57-M57 -> 57649.894 | P57: 1월 송금 | R57: Chen Guo Liang | S57: =S56-M57 -> 57649.893
B58: 45674 | C58: 톨비 | E58: 32 | F58: 여비교통비 | G58: 해외 | K58: 308 | L58: ='[2]통장내역(환율표)'!$D$246 -> 7.3191 | M58: =K58/L58 -> 42.081677 | N58: =N57+H58-K58 -> 421610.76 | O58: =O57+J58-M58 -> 57607.812 | P58: 1월 송금 | R58: Chen Guo Liang | S58: =S57-M58 -> 57607.811
B59: 45674 | C59: 은행수수료 | E59: 33 | F59: 해외지사비 | K59: 3.6 | L59: ='[2]통장내역(환율표)'!$D$246 -> 7.3191 | M59: =K59/L59 -> 0.49186375 | N59: =N58+H59-K59 -> 421607.16 | O59: =O58+J59-M59 -> 57607.32 | P59: 1월 송금 | R59: Chen Guo Liang | S59: =S58-M59 -> 57607.319
B60: 45674 | C60: 주유비 | E60: 34 | F60: 여비교통비 | G60: 해외 | K60: 1050 | L60: ='[2]통장내역(환율표)'!$D$246 -> 7.3191 | M60: =K60/L60 -> 143.46026 | N60: =N59+H60-K60 -> 420557.16 | O60: =O59+J60-M60 -> 57463.86 | P60: 1월 송금 | R60: Liu Ming Liang | S60: =S59-M60 -> 57463.859
B61: 45674 | C61: 톨비 | E61: 35 | F61: 여비교통비 | G61: 해외 | K61: 212 | L61: ='[2]통장내역(환율표)'!$D$246 -> 7.3191 | M61: =K61/L61 -> 28.96531 | N61: =N60+H61-K61 -> 420345.16 | O61: =O60+J61-M61 -> 57434.894 | P61: 1월 송금 | R61: Liu Ming Liang | S61: =S60-M61 -> 57434.893
B62: 45674 | C62: 주차비 | E62: 36 | F62: 여비교통비 | G62: 해외 | K62: 103 | L62: ='[2]통장내역(환율표)'!$D$246 -> 7.3191 | M62: =K62/L62 -> 14.072769 | N62: =N61+H62-K62 -> 420242.16 | O62: =O61+J62-M62 -> 57420.822 | P62: 1월 송금 | R62: Liu Ming Liang | S62: =S61-M62 -> 57420.821
B63: 45674 | C63: 은행수수료 | E63: 37 | F63: 해외지사비 | K63: 3.6 | L63: ='[2]통장내역(환율표)'!$D$246 -> 7.3191 | M63: =K63/L63 -> 0.49186375 | N63: =N62+H63-K63 -> 420238.56 | O63: =O62+J63-M63 -> 57420.33 | P63: 1월 송금 | R63: Liu Ming Liang | S63: =S62-M63 -> 57420.329
B64: 45677 | C64: 출장비 | E64: 38 | F64: 여비교통비 | G64: 해외 | K64: 5580.13 | L64: ='[2]통장내역(환율표)'!$D$246 -> 7.3191 | M64: =K64/L64 -> 762.40658 | N64: =N63+H64-K64 -> 414658.43 | O64: =O63+J64-M64 -> 56657.923 | P64: 1월 송금 | R64: 김명관 | S64: =S63-M64 -> 56657.922
B65: 45677 | C65: 업무추진비 | E65: 39 | F65: 업무추진비 | G65: 일반 | K65: 13597 | L65: ='[2]통장내역(환율표)'!$D$246 -> 7.3191 | M65: =K65/L65 -> 1857.7421 | N65: =N64+H65-K65 -> 401061.43 | O65: =O64+J65-M65 -> 54800.181 | P65: 1월 송금 | R65: 김명관 | S65: =S64-M65 -> 54800.18
B66: 45677 | C66: 통신비 | E66: 40 | F66: 통신비 | G66: 기타 | K66: 297 | L66: ='[2]통장내역(환율표)'!$D$246 -> 7.3191 | M66: =K66/L66 -> 40.57876 | N66: =N65+H66-K66 -> 400764.43 | O66: =O65+J66-M66 -> 54759.602 | P66: 1월 송금 | R66: 김명관 | S66: =S65-M66 -> 54759.601
B67: 45677 | C67: 은행수수료 | E67: 41 | F67: 해외지사비 | K67: 7.2 | L67: ='[2]통장내역(환율표)'!$D$246 -> 7.3191 | M67: =K67/L67 -> 0.98372751 | N67: =N66+H67-K67 -> 400757.23 | O67: =O66+J67-M67 -> 54758.619 | P67: 1월 송금 | R67: 김명관 | S67: =S66-M67 -> 54758.618
B68: 45677 | C68: 출장비 | E68: 42 | F68: 여비교통비 | G68: 해외 | K68: 10595.86 | L68: ='[2]통장내역(환율표)'!$D$246 -> 7.3191 | M68: =K68/L68 -> 1447.6999 | N68: =N67+H68-K68 -> 390161.37 | O68: =O67+J68-M68 -> 53310.919 | P68: 1월 송금 | R68: Piao Mei Ling | S68: =S67-M68 -> 53310.918
B69: 45677 | C69: 시내교통비 | E69: 43 | F69: 여비교통비 | G69: 해외 | K69: 163.86 | L69: ='[2]통장내역(환율표)'!$D$246 -> 7.3191 | M69: =K69/L69 -> 22.387999 | N69: =N68+H69-K69 -> 389997.51 | O69: =O68+J69-M69 -> 53288.531 | P69: 1월 송금 | R69: Piao Mei Ling | S69: =S68-M69 -> 53288.53
B70: 45677 | C70: 사무용품 | E70: 44 | F70: 해외지사비 | K70: 59 | L70: ='[2]통장내역(환율표)'!$D$246 -> 7.3191 | M70: =K70/L70 -> 8.0611004 | N70: =N69+H70-K70 -> 389938.51 | O70: =O69+J70-M70 -> 53280.47 | P70: 1월 송금 | R70: Piao Mei Ling | S70: =S69-M70 -> 53280.469
B71: 45677 | C71: 은행수수료 | E71: 45 | F71: 해외지사비 | K71: 7.2 | L71: ='[2]통장내역(환율표)'!$D$246 -> 7.3191 | M71: =K71/L71 -> 0.98372751 | N71: =N70+H71-K71 -> 389931.31 | O71: =O70+J71-M71 -> 53279.486 | P71: 1월 송금 | R71: Piao Mei Ling | S71: =S70-M71 -> 53279.485
B72: 45679 | C72: 전문법율서비스 | E72: 46 | F72: 해외지사비 | K72: 15000 | L72: ='[2]통장내역(환율표)'!$D$246 -> 7.3191 | M72: =K72/L72 -> 2049.4323 | N72: =N71+H72-K72 -> 374931.31 | O72: =O71+J72-M72 -> 51230.054 | P72: 1월 송금 | S72: =S71-M72 -> 51230.053
B73: 45679 | C73: 은행수수료 | E73: 47 | F73: 해외지사비 | K73: 7.2 | L73: ='[2]통장내역(환율표)'!$D$246 -> 7.3191 | M73: =K73/L73 -> 0.98372751 | N73: =N72+H73-K73 -> 374924.11 | O73: =O72+J73-M73 -> 51229.07 | P73: 1월 송금 | S73: =S72-M73 -> 51229.069
B74: 45680 | C74: 주재원 주재수당 | E74: 48 | F74: 해외지사비 | K74: 16000 | L74: ='[2]통장내역(환율표)'!$D$246 -> 7.3191 | M74: =K74/L74 -> 2186.0611 | N74: =N73+H74-K74 -> 358924.11 | O74: =O73+J74-M74 -> 49043.009 | P74: 1월 송금 | R74: 김명관 | S74: =S73-M74 -> 49043.008
B75: 45680 | C75: 주재원 주택수당 | E75: 48 | F75: 해외지사비 | K75: 24000 | L75: ='[2]통장내역(환율표)'!$D$246 -> 7.3191 | M75: =K75/L75 -> 3279.0917 | N75: =N74+H75-K75 -> 334924.11 | O75: =O74+J75-M75 -> 45763.917 | P75: 1월 송금 | R75: 김명관 | S75: =S74-M75 -> 45763.916
B76: 45680 | C76: 보험(주재원/현채인) | E76: 48 | F76: 해외지사비 | K76: 5305.19 | L76: ='[2]통장내역(환율표)'!$D$246 -> 7.3191 | M76: =K76/L76 -> 724.84185 | N76: =N75+H76-K76 -> 329618.92 | O76: =O75+J76-M76 -> 45039.075 | P76: 1월 송금 | R76: 김명관 | S76: =S75-M76 -> 45039.074
B77: 45680 | C77: 세금(주재원/현채인) | E77: 48 | F77: 해외지사비 | K77: 1001.04 | L77: ='[2]통장내역(환율표)'!$D$246 -> 7.3191 | M77: =K77/L77 -> 136.77091 | N77: =N76+H77-K77 -> 328617.88 | O77: =O76+J77-M77 -> 44902.304 | P77: 1월 송금 | R77: 김명관 | S77: =S76-M77 -> 44902.303
B78: 45680 | C78: 대행수수료 | E78: 48 | F78: 해외지사비 | K78: 300 | L78: ='[2]통장내역(환율표)'!$D$246 -> 7.3191 | M78: =K78/L78 -> 40.988646 | N78: =N77+H78-K78 -> 328317.88 | O78: =O77+J78-M78 -> 44861.316 | P78: 1월 송금 | R78: 김명관 | S78: =S77-M78 -> 44861.315
B79: 45680 | C79: 주재원 주재수당 | E79: 48 | F79: 해외지사비 | K79: 16000 | L79: ='[2]통장내역(환율표)'!$D$246 -> 7.3191 | M79: =K79/L79 -> 2186.0611 | N79: =N78+H79-K79 -> 312317.88 | O79: =O78+J79-M79 -> 42675.255 | P79: 1월 송금 | R79: 신순연 | S79: =S78-M79 -> 42675.254
B80: 45680 | C80: 주재원 주택수당 | E80: 48 | F80: 해외지사비 | K80: 24000 | L80: ='[2]통장내역(환율표)'!$D$246 -> 7.3191 | M80: =K80/L80 -> 3279.0917 | N80: =N79+H80-K80 -> 288317.88 | O80: =O79+J80-M80 -> 39396.163 | P80: 1월 송금 | R80: 신순연 | S80: =S79-M80 -> 39396.162
B81: 45680 | C81: 보험(주재원/현채인) | E81: 48 | F81: 해외지사비 | K81: 8726.19 | L81: ='[2]통장내역(환율표)'!$D$246 -> 7.3191 | M81: =K81/L81 -> 1192.249 | N81: =N80+H81-K81 -> 279591.69 | O81: =O80+J81-M81 -> 38203.914 | P81: 1월 송금 | R81: 신순연 | S81: =S80-M81 -> 38203.913
B82: 45680 | C82: 세금(주재원/현채인) | E82: 48 | F82: 해외지사비 | K82: 950.1 | L82: ='[2]통장내역(환율표)'!$D$246 -> 7.3191 | M82: =K82/L82 -> 129.81104 | N82: =N81+H82-K82 -> 278641.59 | O82: =O81+J82-M82 -> 38074.103 | P82: 1월 송금 | R82: 신순연 | S82: =S81-M82 -> 38074.102
B83: 45680 | C83: 대행수수료 | E83: 48 | F83: 해외지사비 | K83: 300 | L83: ='[2]통장내역(환율표)'!$D$246 -> 7.3191 | M83: =K83/L83 -> 40.988646 | N83: =N82+H83-K83 -> 278341.59 | O83: =O82+J83-M83 -> 38033.114 | P83: 1월 송금 | R83: 신순연 | S83: =S82-M83 -> 38033.113
B84: 45680 | C84: 현채인 월급 | E84: 48 | F84: 해외지사비 | K84: 25750 | L84: ='[2]통장내역(환율표)'!$D$246 -> 7.3191 | M84: =K84/L84 -> 3518.1921 | N84: =N83+H84-K84 -> 252591.59 | O84: =O83+J84-M84 -> 34514.922 | P84: 1월 송금 | R84: FAE (Pan Shi Qiang) | S84: =S83-M84 -> 34514.921
B85: 45680 | C85: 보너스 | E85: 48 | F85: 해외지사비 | K85: 66500 | L85: ='[2]통장내역(환율표)'!$D$246 -> 7.3191 | M85: =K85/L85 -> 9085.8166 | N85: =N84+H85-K85 -> 186091.59 | O85: =O84+J85-M85 -> 25429.105 | P85: 1월 송금 | R85: FAE (Pan Shi Qiang) | S85: =S84-M85 -> 25429.104
... B102: 45680 | C102: 일비 | E102: 48 | F102: 해외지사비 | K102: 600 | L102: ='[2]통장내역(환율표)'!$D$246 -> 7.3191 | M102: =K102/L102 -> 81.977292 | N102: =N101+H102-K102 -> 77865.85 | O102: =O101+J102-M102 -> 10642.35 | P102: 1월 송금 | R102: 朴美玲 박미령 | S102: =S101-M102 -> 10642.349
B103: 45680 | C103: 은행수수료 | E103: 49 | F103: 해외지사비 | K103: 12 | L103: ='[2]통장내역(환율표)'!$D$246 -> 7.3191 | M103: =K103/L103 -> 1.6395458 | N103: =N102+H103-K103 -> 77853.85 | O103: =O102+J103-M103 -> 10640.711 | P103: 1월 송금 | S103: =S102-M103 -> 10640.71
B104: 45682 | C104: USD입금 and RMB 환전 | E104: 50 | F104: 해외지사비 | H104: 56133.42 | J104: 7802 | N104: =N103+H104-K104 -> 133987.27 | O104: =O103+J104-M104 -> 18442.711 | P104: 1월 2차 송금
B105: 45682 | C105: USD입금 and RMB 환전 | E105: 50 | F105: 해외지사비 | M105: 36 | N105: =N104+H105-K105 -> 133987.27 | O105: =O104+J105-M105 -> 18406.711 | P105: 1월 2차 송금

Sheet 내역_25.02
B2: ▶ 25년 2월 전도금 정산 내역 (심천지사)_4000061 (B2F590) | H2: 보증금 입금 내역_1,234.5 (#1900000828 / #1200000234 / #100013313)
B3: 25년 1월 송금_1458.2(#) | F3: 1458.2 | H3: 25년 1월 2차 송금_1,434.30 (#) | L3: 1434.3 | N3: 25년 2월 송금_1447.40 (#) | R3: 1447.4 | X3: 1327.2
B4: 대계정 | C4: 소계정 | D4: 금액 (CNY) | E4: 금액 (USD) | F4: 금액 (KRW) | H4: 대계정 | I4: 소계정 | J4: 금액 (CNY) | K4: 금액 (USD) | L4: 금액 (KRW) | N4: 대계정 | O4: 소계정 | P4: 금액 (CNY) | Q4: 금액 (USD) | R4: 금액 (KRW)
A5: 51131050 | B5: 업무추진비 | C5: 일반 | D5: 13162.8 | E5: 1798.42 | F5: =ROUND(E5*$F$3,0) -> 2622456 | H5: 업무추진비 | I5: 일반 | J5: 3415.36 | K5: 472.51 | L5: =ROUND(K5*$L$3,0) -> 677721 | M5: =L5+F5 -> 3300177 | N5: 업무추진비 | O5: 일반 | R5: =ROUND(Q5*$R$3,0) -> 0 | S5: =F5+L5+R5 -> 3300177
A6: 51061030 | B6: 여비교통비 | C6: 해외 | D6: 7210.07 | E6: 985.1 | F6: =ROUND(E6*$F$3,0) -> 1436473 | H6: 여비교통비 | I6: 해외 | J6: 7124.78 | K6: 985.71 | L6: =ROUND(K6*$L$3,0) -> 1413804 | M6: =L6+F6 -> 2850277 | N6: 여비교통비 | O6: 해외 | R6: =ROUND(Q6*$R$3,0) -> 0 | S6: =F6+L6+R6 -> 2850277
A7: 51201020 | B7: 지급임차료 | C7: 사무실임차료 | D7: 24224 | E7: 3309.7 | F7: =ROUND(E7*$F$3,0) -> 4826205 | H7: 지급임차료 | I7: 사무실임차료 | L7: =ROUND(K7*$L$3,0) -> 0 | M7: =L7+F7 -> 4826205 | N7: 지급임차료 | O7: 사무실임차료 | R7: =ROUND(Q7*$R$3,0) -> 0 | S7: =F7+L7+R7 -> 4826205
A8: 51201030 | B8: 지급임차료 | C8: 차량임차료 | D8: 17500 | E8: 2391 | F8: =ROUND(E8*$F$3,0) -> 3486556 | H8: 지급임차료 | I8: 차량임차료 | L8: =ROUND(K8*$L$3,0) -> 0 | M8: =L8+F8 -> 3486556 | N8: 지급임차료 | O8: 차량임차료 | R8: =ROUND(Q8*$R$3,0) -> 0 | S8: =F8+L8+R8 -> 3486556
A9: 51071700 | B9: 통신비 | C9: 기타 | D9: 1155.8 | E9: 157.92 | F9: =ROUND(E9*$F$3,0) -> 230279 | H9: 통신비 | I9: 기타 | J9: 93.06 | K9: 12.87 | L9: =ROUND(K9*$L$3,0) -> 18459 | M9: =L9+F9 -> 248738 | N9: 통신비 | O9: 기타 | R9: =ROUND(Q9*$R$3,0) -> 0 | S9: =F9+L9+R9 -> 248738
A10: 51321010 | B10: 해외지사비 | D10: 14627.75 | E10: 1998.57 | F10: =ROUND(E10*$F$3,0) -> 2914315 | H10: 해외지사비 | J10: 45500.22 | K10: 6294.91 | L10: =ROUND(K10*$L$3,0) -> 9028789 | M10: =L10+F10 -> 11943104 | N10: 해외지사비 | P10: 167290.76 | Q10: 22984.82 | R10: =ROUND(Q10*$R$3,0) -> 33268228 | S10: =F10+L10+R10 -> 45211332
A11: 51031020 | B11: 급여(incentive) | C11: 성과급여조정 | F11: =ROUND(E11*$F$3,0) -> 0 | G11: =G13/G12 -> 1450.1752 | H11: 급여(incentive) | I11: 포상금 | L11: =ROUND(K11*$L$3,0) -> 0 | M11: =L11+F11 -> 0 | N11: 급여(incentive) | O11: 포상금 | P11: 56779 | Q11: 7783.81 | R11: =ROUND(Q11*$R$3,0) -> 11266287 | S11: =F11+L11+R11 -> 11266287
A12: 52981010 | B12: (-)잡이익(50) | C12: (-)잡이익 | F12: =ROUND(E12*$F$3,0) -> 0 | G12: =E13+Q13+AB13 -> 41409.34 | H12: (-)잡이익(50) | I12: (-)잡이익 | L12: =ROUND(K12*$L$3,0) -> 0 | M12: =L12+F12 -> 0 | N12: (-)잡이익(50) | O12: (-)잡이익 | R12: =ROUND(Q12*$R$3,0) -> 0 | S12: =F12+L12+R12 -> 0
B13: Total | D13: =SUM(D5:D11)-D12 -> 77880.42 | E13: =SUM(E5:E11)-E12 -> 10640.71 | F13: =SUM(F5:F11)-F12 -> 15516284 | G13: =F13+R13+AC13 -> 60050799 | H13: Total | J13: =SUM(J5:J11)-J12 -> 56133.42 | K13: =SUM(K5:K11)-K12 -> 7766 | L13: =SUM(L5:L11)-L12 -> 11138773 | M13: =L13+F13 -> 26655057 | N13: Total | P13: =SUM(P5:P11)-P12 -> 224069.76 | Q13: =SUM(Q5:Q11)-Q12 -> 30768.63 | R13: =SUM(R5:R11)-R12 -> 44534515 | S13: =F13+L13+R13 -> 71189572 | X13: =F13+R13 -> 60050799
D14: =SUM(D7:D10) -> 57507.55 | E14: =SUM(E7:E10) -> 7857.19 | F14: =SUM(F7:F10) -> 11457355 | J14: =J13+D13+P13 -> 358083.6 | K14: =K13+E13+Q13 -> 49175.34 | L14: =L13+F13+R13 -> 71189572 | M14: =M16-E12 -> #REF! | P14: =P13+D13+J13 -> 358083.6 | Q14: =Q13+E13+K13 -> 49175.34 | R14: =R13+F13+L13 -> 71189572
K15: =K16-H95 -> #REF! | M15: =M16-J95 -> #REF!
K16: =SUBTOTAL(9,K19:K97) -> #REF! | M16: =SUBTOTAL(9,M19:M97) -> #REF!
B17: 날짜 | C17: 내역 | D17: 담당자 | E17: 증빙번호 | F17: 대계정 | G17: 소계정 | H17: 입금 | K17: 출금 | N17: 잔액 | R17: 항목
B18: 날짜 | C18: 내역 | D18: 담당자 | E18: 증빙번호 | F18: 대계정 | G18: 소계정 | H18: CNY | I18: 환산요율 | J18: USD | K18: CNY | L18: 환산요율 | M18: USD | N18: CNY | O18: USD | P18: 비고 | R18: 항목
B19: 45688 | N19: 133987.27 | O19: 18406.711 | S19: 10640.71
B20: 45699 | C20: USD입금 and RMB 환전 | E20: 1 | H20: 324926.21 | J20: 44595 | N20: =N19+H20-K20 -> 458913.48 | O20: =O19+J20-M20 -> 63001.711 | S20: =S19-M20 -> 10640.71
C21: 은행수수료 | F21: 해외지사비 | M21: 51 | N21: =N20+H21-K21 -> 458913.48 | O21: =O20+J21-M21 -> 62950.711 | P21: 2월 송금
B22: 45702 | C22: 사무실 임대료/전기세 관련 | E22: 2 | F22: 지급임차료 | G22: 사무실임차료 | K22: 24224 | L22: =#REF! -> #REF! | M22: =K22/L22 -> #REF! | N22: =N21+H22-K22 -> 434689.48 | O22: =O21+J22-M22 -> #REF! | P22: 1월 송금 | S22: =S20-M22 -> #REF!
B23: 45702 | C23: 은행수수료 | E23: 3 | F23: 해외지사비 | K23: 7.2 | L23: =#REF! -> #REF! | M23: =K23/L23 -> #REF! | N23: =N22+H23-K23 -> 434682.28 | O23: =O22+J23-M23 -> #REF! | P23: 1월 송금 | S23: =S22-M23 -> #REF!
B24: 45702 | C24: 사무실 주차비 | E24: 4 | F24: 여비교통비 | G24: 해외 | K24: 1600 | L24: =#REF! -> #REF! | M24: =K24/L24 -> #REF! | N24: =N23+H24-K24 -> 433082.28 | O24: =O23+J24-M24 -> #REF! | P24: 1월 송금 | S24: =S23-M24 -> #REF!
B25: 45702 | C25: 은행수수료 | E25: 5 | F25: 해외지사비 | K25: 3.6 | L25: =#REF! -> #REF! | M25: =K25/L25 -> #REF! | N25: =N24+H25-K25 -> 433078.68 | O25: =O24+J25-M25 -> #REF! | P25: 1월 송금 | S25: =S24-M25 -> #REF!
B26: 45708 | C26: 세무대행비 | E26: 6 | F26: 해외지사비 | K26: 1010 | L26: =#REF! -> #REF! | M26: =K26/L26 -> #REF! | N26: =N25+H26-K26 -> 432068.68 | O26: =O25+J26-M26 -> #REF! | P26: 1월 송금 | S26: =S25-M26 -> #REF!
B27: 45708 | C27: 은행수수료 | E27: 7 | F27: 해외지사비 | K27: 3.6 | L27: =#REF! -> #REF! | M27: =K27/L27 -> #REF! | N27: =N26+H27-K27 -> 432065.08 | O27: =O26+J27-M27 -> #REF! | P27: 1월 송금 | S27: =S26-M27 -> #REF!
B28: 45708 | C28: 차량 Rent비 | E28: 8 | F28: 지급임차료 | G28: 차량임차료 | K28: 10500 | L28: =#REF! -> #REF! | M28: =K28/L28 -> #REF! | N28: =N27+H28-K28 -> 421565.08 | O28: =O27+J28-M28 -> #REF! | P28: 1월 송금 | S28: =S27-M28 -> #REF!
B29: 45708 | C29: 차량 기사비 | E29: 8 | F29: 해외지사비 | K29: 6000 | L29: =#REF! -> #REF! | M29: =K29/L29 -> #REF! | N29: =N28+H29-K29 -> 415565.08 | O29: =O28+J29-M29 -> #REF! | P29: 1월 송금 | S29: =S28-M29 -> #REF!
B30: 45708 | C30: 기사 야근비용 | E30: 8 | F30: 해외지사비 | K30: 680 | L30: =#REF! -> #REF! | M30: =K30/L30 -> #REF! | N30: =N29+H30-K30 -> 414885.08 | O30: =O29+J30-M30 -> #REF! | P30: 1월 송금 | S30: =S29-M30 -> #REF!
B31: 45708 | C31: 차량 Rent비 | E31: 8 | F31: 지급임차료 | G31: 차량임차료 | K31: 7000 | L31: =#REF! -> #REF! | M31: =K31/L31 -> #REF! | N31: =N30+H31-K31 -> 407885.08 | O31: =O30+J31-M31 -> #REF! | P31: 1월 송금 | S31: =S30-M31 -> #REF!
B32: 45708 | C32: 차량 기사비 | E32: 8 | F32: 해외지사비 | K32: 6000 | L32: =#REF! -> #REF! | M32: =K32/L32 -> #REF! | N32: =N31+H32-K32 -> 401885.08 | O32: =O31+J32-M32 -> #REF! | P32: 1월 송금 | S32: =S31-M32 -> #REF!
B33: 45708 | C33: 기사 야근비용 | E33: 8 | F33: 해외지사비 | K33: 230 | L33: =#REF! -> #REF! | M33: =K33/L33 -> #REF! | N33: =N32+H33-K33 -> 401655.08 | O33: =O32+J33-M33 -> #REF! | P33: 1월 송금 | S33: =S32-M33 -> #REF!
B34: 45708 | C34: 은행수수료 | E34: 9 | F34: 해외지사비 | K34: 7.2 | L34: =#REF! -> #REF! | M34: =K34/L34 -> #REF! | N34: =N33+H34-K34 -> 401647.88 | O34: =O33+J34-M34 -> #REF! | P34: 1월 송금 | S34: =S33-M34 -> #REF!
B35: 45708 | C35: 신순연_사무실 wfi, 통신비 | E35: 10 | F35: 통신비 | G35: 기타 | K35: 397.8 | L35: =#REF! -> #REF! | M35: =K35/L35 -> #REF! | N35: =N34+H35-K35 -> 401250.08 | O35: =O34+J35-M35 -> #REF! | P35: 1월 송금 | S35: =S34-M35 -> #REF!
B36: 45708 | C36: 은행수수료 | E36: 11 | F36: 해외지사비 | K36: 3.6 | L36: =#REF! -> #REF! | M36: =K36/L36 -> #REF! | N36: =N35+H36-K36 -> 401246.48 | O36: =O35+J36-M36 -> #REF! | P36: 1월 송금 | S36: =S35-M36 -> #REF!
B37: 45708 | C37: Pan Shi Qiang_출장비 | E37: 12 | F37: 여비교통비 | G37: 해외 | K37: 1231.33 | L37: =#REF! -> #REF! | M37: =K37/L37 -> #REF! | N37: =N36+H37-K37 -> 400015.15 | O37: =O36+J37-M37 -> #REF! | P37: 1월 송금 | S37: =S36-M37 -> #REF!
B38: 45708 | C38: Pan Shi Qiang_통신비 | E38: 13 | F38: 통신비 | G38: 기타 | K38: 108.9 | L38: =#REF! -> #REF! | M38: =K38/L38 -> #REF! | N38: =N37+H38-K38 -> 399906.25 | O38: =O37+J38-M38 -> #REF! | P38: 1월 송금 | S38: =S37-M38 -> #REF!
B39: 45708 | C39: 은행수수료 | E39: 14 | F39: 해외지사비 | K39: 3.6 | L39: =#REF! -> #REF! | M39: =K39/L39 -> #REF! | N39: =N38+H39-K39 -> 399902.65 | O39: =O38+J39-M39 -> #REF! | P39: 1월 송금 | S39: =S38-M39 -> #REF!
B40: 45708 | C40: Zhang Liang_시내교통비 | E40: 15 | F40: 여비교통비 | G40: 해외 | K40: 503.6 | L40: =#REF! -> #REF! | M40: =K40/L40 -> #REF! | N40: =N39+H40-K40 -> 399399.05 | O40: =O39+J40-M40 -> #REF! | P40: 1월 송금 | S40: =S39-M40 -> #REF!
B41: 45708 | C41: Zhang Liang_출장비 | E41: 16 | F41: 여비교통비 | G41: 해외 | K41: 617.75 | L41: =#REF! -> #REF! | M41: =K41/L41 -> #REF! | N41: =N40+H41-K41 -> 398781.3 | O41: =O40+J41-M41 -> #REF! | P41: 1월 송금 | S41: =S40-M41 -> #REF!
B42: 45708 | C42: Zhang Liang_통신비 | E42: 17 | F42: 통신비 | G42: 기타 | K42: 350 | L42: =#REF! -> #REF! | M42: =K42/L42 -> #REF! | N42: =N41+H42-K42 -> 398431.3 | O42: =O41+J42-M42 -> #REF! | P42: 1월 송금 | S42: =S41-M42 -> #REF!
B43: 45708 | C43: Zhang Liang_택배비 | E43: 18 | F43: 해외지사비 | K43: 133.15 | L43: =#REF! -> #REF! | M43: =K43/L43 -> #REF! | N43: =N42+H43-K43 -> 398298.15 | O43: =O42+J43-M43 -> #REF! | P43: 1월 송금 | S43: =S42-M43 -> #REF!
B44: 45708 | C44: Zhang Liang_사무용품 | E44: 19 | F44: 해외지사비 | K44: 369.6 | L44: =#REF! -> #REF! | M44: =K44/L44 -> #REF! | N44: =N43+H44-K44 -> 397928.55 | O44: =O43+J44-M44 -> #REF! | P44: 1월 송금 | S44: =S43-M44 -> #REF!
B45: 45708 | C45: 은행수수료 | E45: 20 | F45: 해외지사비 | K45: 3.6 | L45: =#REF! -> #REF! | M45: =K45/L45 -> #REF! | N45: =N44+H45-K45 -> 397924.95 | O45: =O44+J45-M45 -> #REF! | P45: 1월 송금 | S45: =S44-M45 -> #REF!
B46: 45708 | C46: Lin Jie Ting_시내/시외교통비 | E46: 21 | F46: 여비교통비 | G46: 해외 | K46: 292.46 | L46: =#REF! -> #REF! | M46: =K46/L46 -> #REF! | N46: =N45+H46-K46 -> 397632.49 | O46: =O45+J46-M46 -> #REF! | P46: 1월 송금 | S46: =S45-M46 -> #REF!
B47: 45708 | C47: Lin Jie Ting_통신비 | E47: 22 | F47: 통신비 | G47: 기타 | K47: 299.1 | L47: =#REF! -> #REF! | M47: =K47/L47 -> #REF! | N47: =N46+H47-K47 -> 397333.39 | O47: =O46+J47-M47 -> #REF! | P47: 1월 송금 | S47: =S46-M47 -> #REF!
B48: 45708 | C48: Lin Jie Ting_택배비 | E48: 23 | F48: 해외지사비 | K48: 24 | L48: =#REF! -> #REF! | M48: =K48/L48 -> #REF! | N48: =N47+H48-K48 -> 397309.39 | O48: =O47+J48-M48 -> #REF! | P48: 1월 송금 | S48: =S47-M48 -> #REF!
B49: 45708 | C49: Lin Jie Ting_사무용품비 | E49: 24 | F49: 해외지사비 | K49: 145 | L49: =#REF! -> #REF! | M49: =K49/L49 -> #REF! | N49: =N48+H49-K49 -> 397164.39 | O49: =O48+J49-M49 -> #REF! | P49: 1월 송금 | S49: =S48-M49 -> #REF!
B50: 45708 | C50: Lin Jie Ting_업무추진비 | E50: 25 | F50: 업무추진비 | G50: 일반 | K50: 2929.16 | L50: =#REF! -> #REF! | M50: =K50/L50 -> #REF! | N50: =N49+H50-K50 -> 394235.23 | O50: =O49+J50-M50 -> #REF! | P50: 1월 송금 | S50: =S49-M50 -> #REF!
B51: 45708 | C51: 은행수수료 | E51: 26 | F51: 해외지사비 | K51: 3.6 | L51: =#REF! -> #REF! | M51: =K51/L51 -> #REF! | N51: =N50+H51-K51 -> 394231.63 | O51: =O50+J51-M51 -> #REF! | P51: 1월 송금 | S51: =S50-M51 -> #REF!
B52: 45708 | C52: 김명관_출장비 | E52: 27 | F52: 여비교통비 | G52: 해외 | K52: 2964.93 | L52: =#REF! -> #REF! | M52: =K52/L52 -> #REF! | N52: =N51+H52-K52 -> 391266.7 | O52: =O51+J52-M52 -> #REF! | P52: 1월 송금 | S52: =S51-M52 -> #REF!
B53: 45708 | C53: 김명관_업무추진비 | E53: 28 | F53: 업무추진비 | G53: 일반 | K53: =L53*M53 -> #REF! | L53: =#REF! -> #REF! | M53: 1398.2099 | N53: =N52+H53-K53 -> #REF! | O53: =O52+J53-M53 -> #REF! | P53: 1월 송금 | S53: =S52-M53 -> #REF!
B54: 45708 | C54: 김명관_업무추진비 | E54: 28 | F54: 업무추진비 | G54: 일반 | K54: =13575-K53 -> #REF! | L54: =#REF! -> #REF! | M54: =K54/L54 -> #REF! | N54: =N53+H54-K54 -> #REF! | O54: =O53+J54-M54 -> #REF! | P54: 1월 2차 송금 | S54: =7766-M54 -> #REF!
B55: 45708 | C55: 은행수수료 | E55: 29 | F55: 해외지사비 | K55: 7.2 | L55: =#REF! -> #REF! | M55: =K55/L55 -> #REF! | N55: =N54+H55-K55 -> #REF! | O55: =O54+J55-M55 -> #REF! | P55: 1월 2차 송금 | S55: =S54-M55 -> #REF!
B56: 45708 | C56: Piao Mei Ling_업무추진비 | E56: 30 | F56: 업무추진비 | G56: 일반 | K56: 74 | L56: =#REF! -> #REF! | M56: =K56/L56 -> #REF! | N56: =N55+H56-K56 -> #REF! | O56: =O55+J56-M56 -> #REF! | P56: 1월 2차 송금 | S56: =S55-M56 -> #REF!
B57: 45708 | C57: Piao Mei Ling_통신비 | E57: 31 | F57: 통신비 | G57: 기타 | K57: 93.06 | L57: =#REF! -> #REF! | M57: =K57/L57 -> #REF! | N57: =N56+H57-K57 -> #REF! | O57: =O56+J57-M57 -> #REF! | P57: 1월 2차 송금 | S57: =S56-M57 -> #REF!
B58: 45708 | C58: Piao Mei Ling_출장비 | E58: 32 | F58: 여비교통비 | G58: 해외 | K58: 1970.3 | L58: =#REF! -> #REF! | M58: =K58/L58 -> #REF! | N58: =N57+H58-K58 -> #REF! | O58: =O57+J58-M58 -> #REF! | P58: 1월 2차 송금 | S58: =S57-M58 -> #REF!
B59: 45708 | C59: Piao Mei Ling_시내교통비 | E59: 33 | F59: 여비교통비 | G59: 해외 | K59: 93.48 | L59: =#REF! -> #REF! | M59: =K59/L59 -> #REF! | N59: =N58+H59-K59 -> #REF! | O59: =O58+J59-M59 -> #REF! | P59: 1월 2차 송금 | S59: =S58-M59 -> #REF!
B60: 45708 | C60: Piao Mei Ling_사무실운영비 | E60: 34 | F60: 해외지사비 | K60: 137.4 | L60: =#REF! -> #REF! | M60: =K60/L60 -> #REF! | N60: =N59+H60-K60 -> #REF! | O60: =O59+J60-M60 -> #REF! | P60: 1월 2차 송금 | S60: =S59-M60 -> #REF!
B61: 45708 | C61: 은행수수료 | E61: 35 | F61: 해외지사비 | K61: 3.6 | L61: =#REF! -> #REF! | M61: =K61/L61 -> #REF! | N61: =N60+H61-K61 -> #REF! | O61: =O60+J61-M61 -> #REF! | P61: 1월 2차 송금 | S61: =S60-M61 -> #REF!
B62: 45708 | C62: Chen Guo Liang_주차비 | E62: 36 | F62: 여비교통비 | G62: 해외 | K62: 270 | L62: =#REF! -> #REF! | M62: =K62/L62 -> #REF! | N62: =N61+H62-K62 -> #REF! | O62: =O61+J62-M62 -> #REF! | P62: 1월 2차 송금 | S62: =S61-M62 -> #REF!
B63: 45708 | C63: Chen Guo Liang_주유비 | E63: 37 | F63: 여비교통비 | G63: 해외 | K63: 2380 | L63: =#REF! -> #REF! | M63: =K63/L63 -> #REF! | N63: =N62+H63-K63 -> #REF! | O63: =O62+J63-M63 -> #REF! | P63: 1월 2차 송금 | S63: =S62-M63 -> #REF!
B64: 45708 | C64: Chen Guo Liang_톨비 | E64: 38 | F64: 여비교통비 | G64: 해외 | K64: 381 | L64: =#REF! -> #REF! | M64: =K64/L64 -> #REF! | N64: =N63+H64-K64 -> #REF! | O64: =O63+J64-M64 -> #REF! | P64: 1월 2차 송금 | S64: =S63-M64 -> #REF!
B65: 45708 | C65: 은행수수료 | E65: 39 | F65: 해외지사비 | K65: 3.6 | L65: =#REF! -> #REF! | M65: =K65/L65 -> #REF! | N65: =N64+H65-K65 -> #REF! | O65: =O64+J65-M65 -> #REF! | P65: 1월 2차 송금 | S65: =S64-M65 -> #REF!
B66: 45708 | C66: Liu Ming Liang_톨비 | E66: 40 | F66: 여비교통비 | G66: 해외 | K66: 497 | L66: =#REF! -> #REF! | M66: =K66/L66 -> #REF! | N66: =N65+H66-K66 -> #REF! | O66: =O65+J66-M66 -> #REF! | P66: 1월 2차 송금 | S66: =S65-M66 -> #REF!
B67: 45708 | C67: Liu Ming Liang_주유비 | E67: 41 | F67: 여비교통비 | G67: 해외 | K67: 1488 | L67: =#REF! -> #REF! | M67: =K67/L67 -> #REF! | N67: =N66+H67-K67 -> #REF! | O67: =O66+J67-M67 -> #REF! | P67: 1월 2차 송금 | S67: =S66-M67 -> #REF!
B68: 45708 | C68: Liu Ming Liang_주차비 | E68: 42 | F68: 여비교통비 | G68: 해외 | K68: 45 | L68: =#REF! -> #REF! | M68: =K68/L68 -> #REF! | N68: =N67+H68-K68 -> #REF! | O68: =O67+J68-M68 -> #REF! | P68: 1월 2차 송금 | S68: =S67-M68 -> #REF!
B69: 45708 | C69: 은행수수료 | E69: 43 | F69: 해외지사비 | K69: 3.6 | L69: =#REF! -> #REF! | M69: =K69/L69 -> #REF! | N69: =N68+H69-K69 -> #REF! | O69: =O68+J69-M69 -> #REF! | P69: 1월 2차 송금 | S69: =S68-M69 -> #REF!
B70: 45708 | C70: 주재원 주재수당 | E70: 44 | F70: 해외지사비 | K70: 16000 | L70: =#REF! -> #REF! | M70: =K70/L70 -> #REF! | N70: =N69+H70-K70 -> #REF! | O70: =O69+J70-M70 -> #REF! | P70: 1월 2차 송금 | S70: =S69-M70 -> #REF!
B71: 45708 | C71: 주재원 주택수당 | E71: 44 | F71: 해외지사비 | K71: 24000 | L71: =#REF! -> #REF! | M71: =K71/L71 -> #REF! | N71: =N70+H71-K71 -> #REF! | O71: =O70+J71-M71 -> #REF! | P71: 1월 2차 송금 | S71: =S70-M71 -> #REF!
B72: 45708 | C72: 보험(주재원/현채인) | E72: 44 | F72: 해외지사비 | K72: 5305.19 | L72: =#REF! -> #REF! | M72: =K72/L72 -> #REF! | N72: =N71+H72-K72 -> #REF! | O72: =O71+J72-M72 -> #REF! | P72: 1월 2차 송금 | S72: =S71-M72 -> #REF!
B73: 45708 | C73: 세금(주재원/현채인) | E73: 44 | F73: 해외지사비 | K73: =L73*M73 -> #REF! | L73: =#REF! -> #REF! | M73: 5.4824733 | N73: =N72+H73-K73 -> #REF! | O73: =O72+J73-M73 -> #REF! | P73: 1월 2차 송금 | S73: =S72-M73 -> #REF!
B74: 45708 | C74: 세금(주재원/현채인) | E74: 44 | F74: 해외지사비 | K74: =3152.56-K73 -> #REF! | L74: =#REF! -> #REF! | M74: =K74/L74 -> #REF! | N74: =N73+H74-K74 -> #REF! | O74: =O73+J74-M74 -> #REF! | P74: 2월 송금 | S74: =44544-M74 -> #REF!
B75: 45708 | C75: 대행수수료 | E75: 44 | F75: 해외지사비 | K75: 300 | L75: =#REF! -> #REF! | M75: =K75/L75 -> #REF! | N75: =N74+H75-K75 -> #REF! | O75: =O74+J75-M75 -> #REF! | P75: 2월 송금 | S75: =S74-M75 -> #REF!
B76: 45708 | C76: 주재원 주재수당 | E76: 44 | F76: 해외지사비 | K76: 16000 | L76: =#REF! -> #REF! | M76: =K76/L76 -> #REF! | N76: =N75+H76-K76 -> #REF! | O76: =O75+J76-M76 -> #REF! | P76: 2월 송금 | S76: =S75-M76 -> #REF!
B77: 45708 | C77: 주재원 주택수당 | E77: 44 | F77: 해외지사비 | K77: 24000 | L77: =#REF! -> #REF! | M77: =K77/L77 -> #REF! | N77: =N76+H77-K77 -> #REF! | O77: =O76+J77-M77 -> #REF! | P77: 2월 송금 | S77: =S76-M77 -> #REF!
B78: 45708 | C78: 보험(주재원/현채인) | E78: 44 | F78: 해외지사비 | K78: 8726.19 | L78: =#REF! -> #REF! | M78: =K78/L78 -> #REF! | N78: =N77+H78-K78 -> #REF! | O78: =O77+J78-M78 -> #REF! | P78: 2월 송금 | S78: =S77-M78 -> #REF!
B79: 45708 | C79: 세금(주재원/현채인) | E79: 44 | F79: 해외지사비 | K79: 2863.9 | L79: =#REF! -> #REF! | M79: =K79/L79 -> #REF! | N79: =N78+H79-K79 -> #REF! | O79: =O78+J79-M79 -> #REF! | P79: 2월 송금 | S79: =S78-M79 -> #REF!
B80: 45708 | C80: 대행수수료 | E80: 44 | F80: 해외지사비 | K80: 300 | L80: =#REF! -> #REF! | M80: =K80/L80 -> #REF! | N80: =N79+H80-K80 -> #REF! | O80: =O79+J80-M80 -> #REF! | P80: 2월 송금 | S80: =S79-M80 -> #REF!
B81: 45708 | C81: 현채인 월급 | E81: 44 | F81: 해외지사비 | K81: 25750 | L81: =#REF! -> #REF! | M81: =K81/L81 -> #REF! | N81: =N80+H81-K81 -> #REF! | O81: =O80+J81-M81 -> #REF! | P81: 2월 송금 | S81: =S80-M81 -> #REF!
B82: 45708 | C82: 보험비(회사납부) 公司缴纳部分合计 | E82: 44 | F82: 해외지사비 | K82: 7431.44 | L82: =#REF! -> #REF! | M82: =K82/L82 -> #REF! | N82: =N81+H82-K82 -> #REF! | O82: =O81+J82-M82 -> #REF! | P82: 2월 송금 | S82: =S81-M82 -> #REF!
B83: 45708 | C83: 대행수수료 | E83: 44 | F83: 해외지사비 | K83: 300 | L83: =#REF! -> #REF! | M83: =K83/L83 -> #REF! | N83: =N82+H83-K83 -> #REF! | O83: =O82+J83-M83 -> #REF! | P83: 2월 송금 | S83: =S82-M83 -> #REF!
B84: 45708 | C84: 일비 | E84: 44 | F84: 해외지사비 | K84: 300 | L84: =#REF! -> #REF! | M84: =K84/L84 -> #REF! | N84: =N83+H84-K84 -> #REF! | O84: =O83+J84-M84 -> #REF! | P84: 2월 송금 | S84: =S83-M84 -> #REF!
B85: 45708 | C85: 현채인 월급 | E85: 44 | F85: 해외지사비 | K85: 13390 | L85: =#REF! -> #REF! | M85: =K85/L85 -> #REF! | N85: =N84+H85-K85 -> #REF! | O85: =O84+J85-M85 -> #REF! | P85: 2월 송금 | S85: =S84-M85 -> #REF!
B86: 45708 | C86: 보너스 | E86: 44 | F86: 급여 | G86: 포상금 | K86: 19074 | L86: =#REF! -> #REF! | M86: =K86/L86 -> #REF! | N86: =N85+H86-K86 -> #REF! | O86: =O85+J86-M86 -> #REF! | P86: 2월 송금 | S86: =S85-M86 -> #REF!
B87: 45708 | C87: 보험비(회사납부) 公司缴纳部分合计 | E87: 44 | F87: 해외지사비 | K87: 3281.57 | L87: =#REF! -> #REF! | M87: =K87/L87 -> #REF! | N87: =N86+H87-K87 -> #REF! | O87: =O86+J87-M87 -> #REF! | P87: 2월 송금 | S87: =S86-M87 -> #REF!
B88: 45708 | C88: 대행수수료 | E88: 44 | F88: 해외지사비 | K88: 300 | L88: =#REF! -> #REF! | M88: =K88/L88 -> #REF! | N88: =N87+H88-K88 -> #REF! | O88: =O87+J88-M88 -> #REF! | P88: 2월 송금 | S88: =S87-M88 -> #REF!
B89: 45708 | C89: 현채인 월급 | E89: 44 | F89: 해외지사비 | K89: 25750 | L89: =#REF! -> #REF! | M89: =K89/L89 -> #REF! | N89: =N88+H89-K89 -> #REF! | O89: =O88+J89-M89 -> #REF! | P89: 2월 송금 | S89: =S88-M89 -> #REF!
B90: 45708 | C90: 보너스 | E90: 44 | F90: 급여 | G90: 포상금 | K90: 37705 | L90: =#REF! -> #REF! | M90: =K90/L90 -> #REF! | N90: =N89+H90-K90 -> #REF! | O90: =O89+J90-M90 -> #REF! | P90: 2월 송금 | S90: =S89-M90 -> #REF!
B91: 45708 | C91: 보험비(회사납부) 公司缴纳部分合计 | E91: 44 | F91: 해외지사비 | K91: 7431.44 | L91: =#REF! -> #REF! | M91: =K91/L91 -> #REF! | N91: =N90+H91-K91 -> #REF! | O91: =O90+J91-M91 -> #REF! | P91: 2월 송금 | S91: =S90-M91 -> #REF!
B92: 45708 | C92: 대행수수료 | E92: 44 | F92: 해외지사비 | K92: 300 | L92: =#REF! -> #REF! | M92: =K92/L92 -> #REF! | N92: =N91+H92-K92 -> #REF! | O92: =O91+J92-M92 -> #REF! | P92: 2월 송금 | S92: =S91-M92 -> #REF!
B93: 45708 | C93: 현채인 월급 | E93: 44 | F93: 해외지사비 | K93: 21300 | L93: =#REF! -> #REF! | M93: =K93/L93 -> #REF! | N93: =N92+H93-K93 -> #REF! | O93: =O92+J93-M93 -> #REF! | P93: 2월 송금 | S93: =S92-M93 -> #REF!
B94: 45708 | C94: 보험비(회사납부) 公司缴纳部分合计 | E94: 44 | F94: 해외지사비 | K94: 5941.29 | L94: =#REF! -> #REF! | M94: =K94/L94 -> #REF! | N94: =N93+H94-K94 -> #REF! | O94: =O93+J94-M94 -> #REF! | P94: 2월 송금 | S94: =S93-M94 -> #REF!
B95: 45708 | C95: 대행수수료 | E95: 44 | F95: 해외지사비 | K95: 300 | L95: =#REF! -> #REF! | M95: =K95/L95 -> #REF! | N95: =N94+H95-K95 -> #REF! | O95: =O94+J95-M95 -> #REF! | P95: 2월 송금 | S95: =S94-M95 -> #REF!
B96: 45708 | C96: 일비 | E96: 44 | F96: 해외지사비 | K96: 200 | L96: =#REF! -> #REF! | M96: =K96/L96 -> #REF! | N96: =N95+H96-K96 -> #REF! | O96: =O95+J96-M96 -> #REF! | P96: 2월 송금 | S96: =S95-M96 -> #REF!
B97: 45708 | C97: 은행수수료 | E97: 45 | F97: 해외지사비 | K97: 12 | L97: =#REF! -> #REF! | M97: =K97/L97 -> #REF! | N97: =N96+H97-K97 -> #REF! | O97: =O96+J97-M97 -> #REF! | P97: 2월 송금 | S97: =S96-M97 -> #REF!

Sheet 내역_25.03
B2: ▶ 25년 3월 전도금 정산 내역 (심천지사)_4000061 (B2F590) | H2: 보증금 입금 내역_1,234.5 (#1900000828 / #1200000234 / #100013313)
B3: 25년 2월 송금_1447.40 (#) | F3: 1447.4 | H3: 25년 3월 송금_1,446.30 (#) | L3: 1446.3 | X3: 1327.2
B4: 대계정 | C4: 소계정 | D4: 금액 (CNY) | E4: 금액 (USD) | F4: 금액 (KRW) | H4: 대계정 | I4: 소계정 | J4: 금액 (CNY) | K4: 금액 (USD) | L4: 금액 (KRW)
A5: 51131050 | B5: 업무추진비 | C5: 일반 | D5: 14845.68 | E5: 2035.1825 | F5: =ROUND(E5*$F$3,0) -> 2945723 | H5: 업무추진비 | I5: 일반 | L5: =ROUND(K5*$L$3,0) -> 0 | M5: =L5+F5 -> 2945723 | S5: =F5+L5+R5 -> 2945723
A6: 51061030 | B6: 여비교통비 | C6: 해외 | D6: 18459.27 | E6: 2530.5737 | F6: =ROUND(E6*$F$3,0) -> 3662752 | H6: 여비교통비 | I6: 해외 | J6: 18692.93 | K6: 2589.84 | L6: =ROUND(K6*$L$3,0) -> 3745686 | M6: =L6+F6 -> 7408438 | S6: =F6+L6+R6 -> 7408438
A7: 51201020 | B7: 지급임차료 | C7: 사무실임차료 | D7: 25272 | E7: 3464.53 | F7: =ROUND(E7*$F$3,0) -> 5014561 | H7: 지급임차료 | I7: 사무실임차료 | L7: =ROUND(K7*$L$3,0) -> 0 | M7: =L7+F7 -> 5014561 | S7: =F7+L7+R7 -> 5014561
A8: 51201030 | B8: 지급임차료 | C8: 차량임차료 | D8: 17500 | E8: 2399.07 | F8: =ROUND(E8*$F$3,0) -> 3472414 | H8: 지급임차료 | I8: 차량임차료 | L8: =ROUND(K8*$L$3,0) -> 0 | M8: =L8+F8 -> 3472414 | S8: =F8+L8+R8 -> 3472414
A9: 51071700 | B9: 통신비 | C9: 기타 | D9: 1453.59 | E9: 199.27205 | F9: =ROUND(E9*$F$3,0) -> 288426 | H9: 통신비 | I9: 기타 | J9: 169 | K9: 23.41 | L9: =ROUND(K9*$L$3,0) -> 33858 | M9: =L9+F9 -> 322284 | S9: =F9+L9+R9 -> 322284
A10: 51321010 | B10: 해외지사비 | D10: 23429.319 | E10: 3211.9156 | F10: =ROUND(E10*$F$3,0) -> 4648927 | H10: 해외지사비 | J10: 274853 | K10: 38130.88 | L10: =ROUND(K10*$L$3,0) -> 55148692 | M10: =L10+F10 -> 59797619 | S10: =F10+L10+R10 -> 59797619
A11: 51031020 | B11: 급여(incentive) | C11: 성과급여조정 | G11: =G13/G12 -> 1447.4 | H11: 급여(incentive) | I11: 포상금 | L11: =ROUND(K11*$L$3,0) -> 0 | M11: =L11+F11 -> 0 | S11: =F11+L11+R11 -> 0
A12: 52981010 | B12: (-)잡이익(50) | C12: (-)잡이익 | D12: 103.37 | E12: 14.17 | F12: =ROUND(E12*$F$3,0) -> 20510 | G12: =E13+Q13+AB13 -> 13826.374 | H12: (-)잡이익(50) | I12: (-)잡이익 | L12: =ROUND(K12*$L$3,0) -> 0 | M12: =L12+F12 -> 20510 | S12: =F12+L12+R12 -> 20510
B13: Total | D13: =SUM(D5:D11)-D12 -> 100856.49 | E13: =SUM(E5:E11)-E12 -> 13826.374 | F13: =SUM(F5:F11)-F12 -> 20012293 | G13: =F13+R13+AC13 -> 20012293 | H13: Total | J13: =SUM(J5:J11)-J12 -> 293714.93 | K13: =SUM(K5:K11)-K12 -> 40744.13 | L13: =SUM(L5:L11)-L12 -> 58928236 | M13: =L13+F13 -> 78940529 | S13: =F13+L13+R13 -> 78940529 | X13: =F13+R13 -> 20012293
J14: =J13+D13+P13 -> 394571.42 | K14: =K13+E13+Q13 -> 54570.504 | L14: =L13+F13+R13 -> 78940529 | M14: =M16-E12 -> #REF!
J15: =J16-G96 -> 0 | K15: =K16-H96 -> #REF! | L15: =L16-I96 -> 0 | M15: =M16-J96 -> #REF!
K16: =SUBTOTAL(9,K19:K105) -> #REF! | M16: =SUBTOTAL(9,M19:M105) -> #REF!
B17: 날짜 | C17: 내역 | D17: 담당자 | E17: 증빙번호 | F17: 대계정 | G17: 소계정 | H17: 입금 | K17: 출금 | N17: 잔액 | R17: 항목
B18: 날짜 | C18: 내역 | D18: 담당자 | E18: 증빙번호 | F18: 대계정 | G18: 소계정 | H18: CNY | I18: 환산요율 | J18: USD | K18: CNY | L18: 환산요율 | M18: USD | N18: CNY | O18: USD | P18: 비고 | R18: 항목
B19: 45716 | N19: 100829.88 | O19: 13826.37 | S19: 13826.369
B20: 45727 | C20: USD입금 and RMB 환전 | E20: 1 | H20: 346107.95 | J20: 48003 | N20: =N19+H20-K20 -> 446937.83 | O20: =O19+J20-M20 -> 61829.37 | P20: 2월 송금
B21: 45727 | C21: 은행수수료 | F21: 해외지사비 | M21: 51 | N21: =N20+H21-K21 -> 446937.83 | O21: =O20+J21-M21 -> 61778.37 | P21: 2월 송금
B22: 45733 | C22: 사무실 임대료/전기세 관련 | E22: 2 | F22: 지급임차료 | G22: 사무실 | K22: 25272 | L22: =#REF! -> #REF! | M22: =K22/L22 -> #REF! | N22: =N21+H22-K22 -> 421665.83 | O22: =O21+J22-M22 -> #REF! | P22: 2월 송금 | S22: =S19-M22+J22 -> #REF!
B23: 45733 | C23: 은행수수료 | E23: 3 | F23: 해외지사비 | K23: 7.2 | L23: =#REF! -> #REF! | M23: =K23/L23 -> #REF! | N23: =N22+H23-K23 -> 421658.63 | O23: =O22+J23-M23 -> #REF! | P23: 2월 송금 | S23: =S22-M23+J23 -> #REF!
B24: 45733 | C24: 사무실 주차비 | E24: 4 | F24: 여비교통비 | G24: 해외 | K24: 1600 | L24: =#REF! -> #REF! | M24: =K24/L24 -> #REF! | N24: =N23+H24-K24 -> 420058.63 | O24: =O23+J24-M24 -> #REF! | P24: 2월 송금 | S24: =S23-M24+J24 -> #REF!
B25: 45733 | C25: 은행수수료 | E25: 5 | F25: 해외지사비 | K25: 3.6 | L25: =#REF! -> #REF! | M25: =K25/L25 -> #REF! | N25: =N24+H25-K25 -> 420055.03 | O25: =O24+J25-M25 -> #REF! | P25: 2월 송금 | S25: =S24-M25+J25 -> #REF!
B26: 45737 | C26: 이자 | E26: 6 | F26: 잡이익 | H26: 103.37 | I26: =#REF! -> #REF! | J26: 14.17 | L26: =#REF! -> #REF! | M26: =K26/L26 -> #REF! | N26: =N25+H26-K26 -> 420158.4 | O26: =O25+J26-M26 -> #REF! | P26: 2월 송금 | S26: =S25-M26+J26 -> #REF!
B27: 45737 | C27: 세무대행비 | E27: 7 | F27: 해외지사비 | K27: 1010 | L27: =#REF! -> #REF! | M27: =K27/L27 -> #REF! | N27: =N26+H27-K27 -> 419148.4 | O27: =O26+J27-M27 -> #REF! | P27: 2월 송금 | S27: =S26-M27+J27 -> #REF!
B28: 45737 | C28: 은행수수료 | E28: 8 | F28: 해외지사비 | K28: 3.6 | L28: =#REF! -> #REF! | M28: =K28/L28 -> #REF! | N28: =N27+H28-K28 -> 419144.8 | O28: =O27+J28-M28 -> #REF! | P28: 2월 송금 | S28: =S27-M28+J28 -> #REF!
B29: 45737 | C29: 차량 Rent비 | E29: 9 | F29: 지급임차료 | G29: 차량임차료 | K29: 10500 | L29: =#REF! -> #REF! | M29: =K29/L29 -> #REF! | N29: =N28+H29-K29 -> 408644.8 | O29: =O28+J29-M29 -> #REF! | P29: 2월 송금 | S29: =S28-M29+J29 -> #REF!
B30: 45737 | C30: 차량 기사비 | E30: 9 | F30: 해외지사비 | K30: 6000 | L30: =#REF! -> #REF! | M30: =K30/L30 -> #REF! | N30: =N29+H30-K30 -> 402644.8 | O30: =O29+J30-M30 -> #REF! | P30: 2월 송금 | S30: =S29-M30+J30 -> #REF!
B31: 45737 | C31: 기사 야근비용 | E31: 9 | F31: 해외지사비 | K31: 760 | L31: =#REF! -> #REF! | M31: =K31/L31 -> #REF! | N31: =N30+H31-K31 -> 401884.8 | O31: =O30+J31-M31 -> #REF! | P31: 2월 송금 | S31: =S30-M31+J31 -> #REF!
B32: 45737 | C32: 차량 Rent비 | E32: 9 | F32: 지급임차료 | G32: 차량임차료 | K32: 7000 | L32: =#REF! -> #REF! | M32: =K32/L32 -> #REF! | N32: =N31+H32-K32 -> 394884.8 | O32: =O31+J32-M32 -> #REF! | P32: 2월 송금 | S32: =S31-M32+J32 -> #REF!
B33: 45737 | C33: 차량 기사비 | E33: 9 | F33: 해외지사비 | K33: 6000 | L33: =#REF! -> #REF! | M33: =K33/L33 -> #REF! | N33: =N32+H33-K33 -> 388884.8 | O33: =O32+J33-M33 -> #REF! | P33: 2월 송금 | S33: =S32-M33+J33 -> #REF!
B34: 45737 | C34: 기사 야근비용 | E34: 9 | F34: 해외지사비 | K34: 900 | L34: =#REF! -> #REF! | M34: =K34/L34 -> #REF! | N34: =N33+H34-K34 -> 387984.8 | O34: =O33+J34-M34 -> #REF! | P34: 2월 송금 | S34: =S33-M34+J34 -> #REF!
B35: 45737 | C35: 은행수수료 | E35: 10 | F35: 해외지사비 | K35: 7.2 | L35: =#REF! -> #REF! | M35: =K35/L35 -> #REF! | N35: =N34+H35-K35 -> 387977.6 | O35: =O34+J35-M35 -> #REF! | P35: 2월 송금 | S35: =S34-M35+J35 -> #REF!
B36: 45737 | C36: 신순연_사무실 wfi, 통신비 | E36: 11 | F36: 통신비 | G36: 기타 | K36: 419 | L36: =#REF! -> #REF! | M36: 57.44 | N36: =N35+H36-K36 -> 387558.6 | O36: =O35+J36-M36 -> #REF! | P36: 2월 송금 | R36: 신순연 | S36: =S35-M36+J36 -> #REF!
B37: 45737 | C37: 은행수수료 | E37: 12 | F37: 해외지사비 | K37: 3.6 | L37: =#REF! -> #REF! | M37: =K37/L37 -> #REF! | N37: =N36+H37-K37 -> 387555 | O37: =O36+J37-M37 -> #REF! | P37: 2월 송금 | R37: 신순연 | S37: =S36-M37+J37 -> #REF!
B38: 45737 | C38: 시내교통비 | E38: 13 | F38: 여비교통비 | G38: 해외 | K38: 428.18 | L38: =#REF! -> #REF! | M38: =K38/L38 -> #REF! | N38: =N37+H38-K38 -> 387126.82 | O38: =O37+J38-M38 -> #REF! | P38: 2월 송금 | R38: Pan Shi Qiang | S38: =S37-M38+J38 -> #REF!
B39: 45737 | C39: 출장비 | E39: 14 | F39: 여비교통비 | G39: 해외 | K39: 2164.32 | L39: =#REF! -> #REF! | M39: =K39/L39 -> #REF! | N39: =N38+H39-K39 -> 384962.5 | O39: =O38+J39-M39 -> #REF! | P39: 2월 송금 | R39: Pan Shi Qiang | S39: =S38-M39+J39 -> #REF!
B40: 45737 | C40: 택배비 | E40: 15 | F40: 해외지사비 | K40: 142.4 | L40: =#REF! -> #REF! | M40: =K40/L40 -> #REF! | N40: =N39+H40-K40 -> 384820.1 | O40: =O39+J40-M40 -> #REF! | P40: 2월 송금 | R40: Pan Shi Qiang | S40: =S39-M40+J40 -> #REF!
B41: 45737 | C41: 통신비 | E41: 16 | F41: 통신비 | G41: 기타 | K41: 118.8 | L41: =#REF! -> #REF! | M41: =K41/L41 -> #REF! | N41: =N40+H41-K41 -> 384701.3 | O41: =O40+J41-M41 -> #REF! | P41: 2월 송금 | R41: Pan Shi Qiang | S41: =S40-M41+J41 -> #REF!
B42: 45737 | C42: 은행수수료 | E42: 17 | F42: 해외지사비 | K42: 3.6 | L42: =#REF! -> #REF! | M42: =K42/L42 -> #REF! | N42: =N41+H42-K42 -> 384697.7 | O42: =O41+J42-M42 -> #REF! | P42: 2월 송금 | R42: Pan Shi Qiang | S42: =S41-M42+J42 -> #REF!
B43: 45737 | C43: 출장비 | E43: 18 | F43: 여비교통비 | G43: 해외 | K43: 6566.89 | L43: =#REF! -> #REF! | M43: =K43/L43 -> #REF! | N43: =N42+H43-K43 -> 378130.81 | O43: =O42+J43-M43 -> #REF! | P43: 2월 송금 | R43: Zhang Liang | S43: =S42-M43+J43 -> #REF!
B44: 45737 | C44: 시내교통비 | E44: 19 | F44: 여비교통비 | G44: 해외 | K44: 385.71 | L44: =#REF! -> #REF! | M44: =K44/L44 -> #REF! | N44: =N43+H44-K44 -> 377745.1 | O44: =O43+J44-M44 -> #REF! | P44: 2월 송금 | R44: Zhang Liang | S44: =S43-M44+J44 -> #REF!
B45: 45737 | C45: 통신비 | E45: 20 | F45: 통신비 | G45: 기타 | K45: 316.79 | L45: =#REF! -> #REF! | M45: =K45/L45 -> #REF! | N45: =N44+H45-K45 -> 377428.31 | O45: =O44+J45-M45 -> #REF! | P45: 2월 송금 | R45: Zhang Liang | S45: =S44-M45+J45 -> #REF!
B46: 45737 | C46: 업무추진비 | E46: 21 | F46: 업무추진비 | G46: 일반 | K46: 97 | L46: =#REF! -> #REF! | M46: =K46/L46 -> #REF! | N46: =N45+H46-K46 -> 377331.31 | O46: =O45+J46-M46 -> #REF! | P46: 2월 송금 | R46: Zhang Liang | S46: =S45-M46+J46 -> #REF!
B47: 45737 | C47: 사무용픔 | E47: 22 | F47: 해외지사비 | K47: 100.4 | L47: =#REF! -> #REF! | M47: =K47/L47 -> #REF! | N47: =N46+H47-K47 -> 377230.91 | O47: =O46+J47-M47 -> #REF! | P47: 2월 송금 | R47: Zhang Liang | S47: =S46-M47+J47 -> #REF!
B48: 45737 | C48: 은행수수료 | E48: 23 | F48: 해외지사비 | K48: 3.6 | L48: =#REF! -> #REF! | M48: =K48/L48 -> #REF! | N48: =N47+H48-K48 -> 377227.31 | O48: =O47+J48-M48 -> #REF! | P48: 2월 송금 | R48: Zhang Liang | S48: =S47-M48+J48 -> #REF!
B49: 45737 | C49: 시내/시외교통비 | E49: 24 | F49: 여비교통비 | G49: 해외 | K49: 677.37 | L49: =#REF! -> #REF! | M49: =K49/L49 -> #REF! | N49: =N48+H49-K49 -> 376549.94 | O49: =O48+J49-M49 -> #REF! | P49: 2월 송금 | R49: Lin Jie Ting | S49: =S48-M49+J49 -> #REF!
B50: 45737 | C50: 통신비 | E50: 25 | F50: 통신비 | G50: 기타 | K50: 299 | L50: =#REF! -> #REF! | M50: =K50/L50 -> #REF! | N50: =N49+H50-K50 -> 376250.94 | O50: =O49+J50-M50 -> #REF! | P50: 2월 송금 | R50: Lin Jie Ting | S50: =S49-M50+J50 -> #REF!
B51: 45737 | C51: 택배비 | E51: 26 | F51: 해외지사비 | K51: 12 | L51: =#REF! -> #REF! | M51: =K51/L51 -> #REF! | N51: =N50+H51-K51 -> 376238.94 | O51: =O50+J51-M51 -> #REF! | P51: 2월 송금 | R51: Lin Jie Ting | S51: =S50-M51+J51 -> #REF!
B52: 45737 | C52: 출장비 | E52: 27 | F52: 여비교통비 | G52: 해외 | K52: 255 | L52: =#REF! -> #REF! | M52: =K52/L52 -> #REF! | N52: =N51+H52-K52 -> 375983.94 | O52: =O51+J52-M52 -> #REF! | P52: 2월 송금 | R52: Lin Jie Ting | S52: =S51-M52+J52 -> #REF!
B53: 45737 | C53: 사무용품 | E53: 28 | F53: 해외지사비 | K53: 912.7 | L53: =#REF! -> #REF! | M53: =K53/L53 -> #REF! | N53: =N52+H53-K53 -> 375071.24 | O53: =O52+J53-M53 -> #REF! | P53: 2월 송금 | R53: Lin Jie Ting | S53: =S52-M53+J53 -> #REF!
B54: 45737 | C54: 업무추진비 | E54: 29 | F54: 업무추진비 | G54: 일반 | K54: 6325.68 | L54: =#REF! -> #REF! | M54: =K54/L54 -> #REF! | N54: =N53+H54-K54 -> 368745.56 | O54: =O53+J54-M54 -> #REF! | P54: 2월 송금 | R54: Lin Jie Ting | S54: =S53-M54+J54 -> #REF!
B55: 45737 | C55: 은행수수료 | E55: 30 | F55: 해외지사비 | K55: 3.6 | L55: =#REF! -> #REF! | M55: =K55/L55 -> #REF! | N55: =N54+H55-K55 -> 368741.96 | O55: =O54+J55-M55 -> #REF! | P55: 2월 송금 | R55: Lin Jie Ting | S55: =S54-M55+J55 -> #REF!
B56: 45737 | C56: 출장비 | E56: 31 | F56: 여비교통비 | G56: 해외 | K56: 6381.8 | L56: =#REF! -> #REF! | M56: =K56/L56 -> #REF! | N56: =N55+H56-K56 -> 362360.16 | O56: =O55+J56-M56 -> #REF! | P56: 2월 송금 | R56: 김명관 | S56: =S55-M56+J56 -> #REF!
B57: 45737 | C57: 업무추진비 | E57: 32 | F57: 업무추진비 | G57: 일반 | K57: 8423 | L57: =#REF! -> #REF! | M57: 1154.7 | N57: =N56+H57-K57 -> 353937.16 | O57: =O56+J57-M57 -> #REF! | P57: 2월 송금 | R57: 김명관 | S57: =S56-M57+J57 -> #REF!
B58: 45737 | C58: 통신비 | E58: 33 | F58: 통신비 | G58: 기타 | K58: 300 | L58: =#REF! -> #REF! | M58: 41.126 | N58: =N57+H58-K58 -> 353637.16 | O58: =O57+J58-M58 -> #REF! | P58: 2월 송금 | R58: 김명관 | S58: =S57-M58+J58 -> #REF!
B59: 45737 | C59: 학자금 | E59: 34 | F59: 해외지사비 | K59: =L59*M59 -> #REF! | L59: =#REF! -> #REF! | M59: 1035.8241 | N59: =N58+H59-K59 -> #REF! | O59: =O58+J59-M59 -> #REF! | P59: 2월 송금 | R59: 김명관 | S59: =S58-M59+J59 -> #REF!
B60: 45737 | C60: 학자금 | E60: 34 | F60: 해외지사비 | K60: =65100-K59 -> #REF! | L60: =#REF! -> #REF! | M60: =K60/L60 -> #REF! | N60: =N59+H60-K60 -> #REF! | O60: =O59+J60-M60 -> #REF! | P60: 3월 송금 | R60: 김명관 | S60: =47952-M60 -> #REF!
B61: 45737 | C61: 은행수수료 | E61: 35 | F61: 해외지사비 | K61: 14.4 | L61: =#REF! -> #REF! | M61: =K61/L61 -> #REF! | N61: =N60+H61-K61 -> #REF! | O61: =O60+J61-M61 -> #REF! | P61: 3월 송금 | R61: 김명관 | S61: =S60-M61 -> #REF!
B62: 45737 | C62: 택배비 | E62: 36 | F62: 해외지사비 | K62: 413.9 | L62: =#REF! -> #REF! | M62: =K62/L62 -> #REF! | N62: =N61+H62-K62 -> #REF! | O62: =O61+J62-M62 -> #REF! | P62: 3월 송금 | R62: Piao Mei Ling | S62: =S61-M62 -> #REF!
B63: 45737 | C63: 사무용품 | E63: 37 | F63: 해외지사비 | K63: 13.8 | L63: =#REF! -> #REF! | M63: =K63/L63 -> #REF! | N63: =N62+H63-K63 -> #REF! | O63: =O62+J63-M63 -> #REF! | P63: 3월 송금 | R63: Piao Mei Ling | S63: =S62-M63 -> #REF!
B64: 45737 | C64: 사무실 운영비 | E64: 38 | F64: 해외지사비 | K64: 359 | L64: =#REF! -> #REF! | M64: =K64/L64 -> #REF! | N64: =N63+H64-K64 -> #REF! | O64: =O63+J64-M64 -> #REF! | P64: 3월 송금 | R64: Piao Mei Ling | S64: =S63-M64 -> #REF!
B65: 45737 | C65: 통신비 | E65: 39 | F65: 통신비 | G65: 기타 | K65: 169 | L65: =#REF! -> #REF! | M65: =K65/L65 -> #REF! | N65: =N64+H65-K65 -> #REF! | O65: =O64+J65-M65 -> #REF! | P65: 3월 송금 | R65: Piao Mei Ling | S65: =S64-M65 -> #REF!
B66: 45737 | C66: 시내교통비 | E66: 40 | F66: 여비교통비 | G66: 해외 | K66: 432.12 | L66: =#REF! -> #REF! | M66: =K66/L66 -> #REF! | N66: =N65+H66-K66 -> #REF! | O66: =O65+J66-M66 -> #REF! | P66: 3월 송금 | R66: Piao Mei Ling | S66: =S65-M66 -> #REF!
B67: 45737 | C67: 출장비 | E67: 41 | F67: 여비교통비 | G67: 해외 | K67: 10460.81 | L67: =#REF! -> #REF! | M67: =K67/L67 -> #REF! | N67: =N66+H67-K67 -> #REF! | O67: =O66+J67-M67 -> #REF! | P67: 3월 송금 | R67: Piao Mei Ling | S67: =S66-M67 -> #REF!
B68: 45737 | C68: 은행수수료 | E68: 42 | F68: 해외지사비 | K68: 7.2 | L68: =#REF! -> #REF! | M68: =K68/L68 -> #REF! | N68: =N67+H68-K68 -> #REF! | O68: =O67+J68-M68 -> #REF! | P68: 3월 송금 | R68: Piao Mei Ling | S68: =S67-M68 -> #REF!
B69: 45737 | C69: 주유비 | E69: 43 | F69: 여비교통비 | G69: 해외 | K69: 2800 | L69: =#REF! -> #REF! | M69: =K69/L69 -> #REF! | N69: =N68+H69-K69 -> #REF! | O69: =O68+J69-M69 -> #REF! | P69: 3월 송금 | R69: Chen Guo Liang | S69: =S68-M69 -> #REF!
B70: 45737 | C70: 주차비 | E70: 44 | F70: 여비교통비 | G70: 해외 | K70: 191 | L70: =#REF! -> #REF! | M70: =K70/L70 -> #REF! | N70: =N69+H70-K70 -> #REF! | O70: =O69+J70-M70 -> #REF! | P70: 3월 송금 | R70: Chen Guo Liang | S70: =S69-M70 -> #REF!
B71: 45737 | C71: 세차비 | E71: 45 | F71: 여비교통비 | G71: 해외 | K71: 98 | L71: =#REF! -> #REF! | M71: =K71/L71 -> #REF! | N71: =N70+H71-K71 -> #REF! | O71: =O70+J71-M71 -> #REF! | P71: 3월 송금 | R71: Chen Guo Liang | S71: =S70-M71 -> #REF!
B72: 45737 | C72: 톨비 | E72: 46 | F72: 여비교통비 | G72: 해외 | K72: 800 | L72: =#REF! -> #REF! | M72: =K72/L72 -> #REF! | N72: =N71+H72-K72 -> #REF! | O72: =O71+J72-M72 -> #REF! | P72: 3월 송금 | R72: Chen Guo Liang | S72: =S71-M72 -> #REF!
B73: 45737 | C73: 은행수수료 | E73: 47 | F73: 해외지사비 | K73: 3.6 | L73: =#REF! -> #REF! | M73: =K73/L73 -> #REF! | N73: =N72+H73-K73 -> #REF! | O73: =O72+J73-M73 -> #REF! | P73: 3월 송금 | R73: Chen Guo Liang | S73: =S72-M73 -> #REF!
B74: 45737 | C74: 주유비 | E74: 48 | F74: 여비교통비 | G74: 해외 | K74: 2779 | L74: =#REF! -> #REF! | M74: =K74/L74 -> #REF! | N74: =N73+H74-K74 -> #REF! | O74: =O73+J74-M74 -> #REF! | P74: 3월 송금 | R74: Liu Ming Liang | S74: =S73-M74 -> #REF!
B75: 45737 | C75: 세차비 | E75: 49 | F75: 여비교통비 | G75: 해외 | K75: 98 | L75: =#REF! -> #REF! | M75: =K75/L75 -> #REF! | N75: =N74+H75-K75 -> #REF! | O75: =O74+J75-M75 -> #REF! | P75: 3월 송금 | R75: Liu Ming Liang | S75: =S74-M75 -> #REF!
B76: 45737 | C76: 톨비 | E76: 50 | F76: 여비교통비 | G76: 해외 | K76: 743 | L76: =#REF! -> #REF! | M76: =K76/L76 -> #REF! | N76: =N75+H76-K76 -> #REF! | O76: =O75+J76-M76 -> #REF! | P76: 3월 송금 | R76: Liu Ming Liang | S76: =S75-M76 -> #REF!
B77: 45737 | C77: 주차비 | E77: 51 | F77: 여비교통비 | G77: 해외 | K77: 291 | L77: =#REF! -> #REF! | M77: =K77/L77 -> #REF! | N77: =N76+H77-K77 -> #REF! | O77: =O76+J77-M77 -> #REF! | P77: 3월 송금 | R77: Liu Ming Liang | S77: =S76-M77 -> #REF!
B78: 45737 | C78: 은행수수료 | E78: 52 | F78: 해외지사비 | K78: 3.6 | L78: =#REF! -> #REF! | M78: =K78/L78 -> #REF! | N78: =N77+H78-K78 -> #REF! | O78: =O77+J78-M78 -> #REF! | P78: 3월 송금 | R78: Liu Ming Liang | S78: =S77-M78 -> #REF!
B79: 45740 | C79: 주재원 주재수당 | E79: 53 | F79: 해외지사비 | K79: 16000 | L79: =#REF! -> #REF! | M79: =K79/L79 -> #REF! | N79: =N78+H79-K79 -> #REF! | O79: =O78+J79-M79 -> #REF! | P79: 3월 송금 | R79: 김명관 | S79: =S78-M79 -> #REF!
B80: 45740 | C80: 주재원 주택수당 | E80: 53 | F80: 해외지사비 | K80: 24000 | L80: =#REF! -> #REF! | M80: =K80/L80 -> #REF! | N80: =N79+H80-K80 -> #REF! | O80: =O79+J80-M80 -> #REF! | P80: 3월 송금 | R80: 김명관 | S80: =S79-M80 -> #REF!
B81: 45740 | C81: 보험(주재원/현채인) | E81: 53 | F81: 해외지사비 | K81: 5305.19 | L81: =#REF! -> #REF! | M81: =K81/L81 -> #REF! | N81: =N80+H81-K81 -> #REF! | O81: =O80+J81-M81 -> #REF! | P81: 3월 송금 | R81: 김명관 | S81: =S80-M81 -> #REF!
B82: 45740 | C82: 세금(주재원/현채인) | E82: 53 | F82: 해외지사비 | K82: 3336.8 | L82: =#REF! -> #REF! | M82: =K82/L82 -> #REF! | N82: =N81+H82-K82 -> #REF! | O82: =O81+J82-M82 -> #REF! | P82: 3월 송금 | R82: 김명관 | S82: =S81-M82 -> #REF!
B83: 45740 | C83: 대행수수료 | E83: 53 | F83: 해외지사비 | K83: 300 | L83: =#REF! -> #REF! | M83: =K83/L83 -> #REF! | N83: =N82+H83-K83 -> #REF! | O83: =O82+J83-M83 -> #REF! | P83: 3월 송금 | R83: 김명관 | S83: =S82-M83 -> #REF!
B84: 45740 | C84: 주재원 주재수당 | E84: 53 | F84: 해외지사비 | K84: 16000 | L84: =#REF! -> #REF! | M84: =K84/L84 -> #REF! | N84: =N83+H84-K84 -> #REF! | O84: =O83+J84-M84 -> #REF! | P84: 3월 송금 | R84: 신순연 | S84: =S83-M84 -> #REF!
B85: 45740 | C85: 주재원 주택수당 | E85: 53 | F85: 해외지사비 | K85: 24000 | L85: =#REF! -> #REF! | M85: =K85/L85 -> #REF! | N85: =N84+H85-K85 -> #REF! | O85: =O84+J85-M85 -> #REF! | P85: 3월 송금 | R85: 신순연 | S85: =S84-M85 -> #REF!
B86: 45740 | C86: 보험(주재원/현채인) | E86: 53 | F86: 해외지사비 | K86: 10463.19 | L86: =#REF! -> #REF! | M86: =K86/L86 -> #REF! | N86: =N85+H86-K86 -> #REF! | O86: =O85+J86-M86 -> #REF! | P86: 3월 송금 | R86: 신순연 | S86: =S85-M86 -> #REF!
B87: 45740 | C87: 세금(주재원/현채인) | E87: 53 | F87: 해외지사비 | K87: 3100.4 | L87: =#REF! -> #REF! | M87: =K87/L87 -> #REF! | N87: =N86+H87-K87 -> #REF! | O87: =O86+J87-M87 -> #REF! | P87: 3월 송금 | R87: 신순연 | S87: =S86-M87 -> #REF!
B88: 45740 | C88: 대행수수료 | E88: 53 | F88: 해외지사비 | K88: 300 | L88: =#REF! -> #REF! | M88: =K88/L88 -> #REF! | N88: =N87+H88-K88 -> #REF! | O88: =O87+J88-M88 -> #REF! | P88: 3월 송금 | R88: 신순연 | S88: =S87-M88 -> #REF!
B89: 45740 | C89: 현채인 월급 | E89: 53 | F89: 해외지사비 | K89: 25750 | L89: =#REF! -> #REF! | M89: =K89/L89 -> #REF! | N89: =N88+H89-K89 -> #REF! | O89: =O88+J89-M89 -> #REF! | P89: 3월 송금 | R89: Pan Shi Qiang | S89: =S88-M89 -> #REF!
... B94: 45740 | C94: 보험비(회사납부) 公司缴纳部分合计 | E94: 53 | F94: 해외지사비 | K94: 3281.57 | L94: =#REF! -> #REF! | M94: =K94/L94 -> #REF! | N94: =N93+H94-K94 -> #REF! | O94: =O93+J94-M94 -> #REF! | P94: 3월 송금 | R94: Zhang Liang | S94: =S93-M94 -> #REF!
B95: 45740 | C95: 대행수수료 | E95: 53 | F95: 해외지사비 | K95: 300 | L95: =#REF! -> #REF! | M95: 41.56 | N95: =N94+H95-K95 -> #REF! | O95: =O94+J95-M95 -> #REF! | P95: 3월 송금 | R95: Zhang Liang | S95: =S94-M95 -> #REF!
B96: 45740 | C96: 일비 | E96: 53 | F96: 해외지사비 | K96: 900 | L96: =#REF! -> #REF! | M96: =K96/L96 -> #REF! | N96: =N95+H96-K96 -> #REF! | O96: =O95+J96-M96 -> #REF! | P96: 3월 송금 | R96: Zhang Liang | S96: =S95-M96 -> #REF!
B97: 45740 | C97: 현채인 월급 | E97: 53 | F97: 해외지사비 | K97: 25750 | L97: =#REF! -> #REF! | M97: =K97/L97 -> #REF! | N97: =N96+H97-K97 -> #REF! | O97: =O96+J97-M97 -> #REF! | P97: 3월 송금 | R97: 임결정 | S97: =S96-M97 -> #REF!
B98: 45740 | C98: 보험비(회사납부) 公司缴纳部分合计 | E98: 53 | F98: 해외지사비 | K98: 7431.44 | L98: =#REF! -> #REF! | M98: =K98/L98 -> #REF! | N98: =N97+H98-K98 -> #REF! | O98: =O97+J98-M98 -> #REF! | P98: 3월 송금 | R98: 임결정 | S98: =S97-M98 -> #REF!
B99: 45740 | C99: 대행수수료 | E99: 53 | F99: 해외지사비 | K99: 300 | L99: =#REF! -> #REF! | M99: =K99/L99 -> #REF! | N99: =N98+H99-K99 -> #REF! | O99: =O98+J99-M99 -> #REF! | P99: 3월 송금 | R99: 임결정 | S99: =S98-M99 -> #REF!
B100: 45740 | C100: 현채인 월급 | E100: 53 | F100: 해외지사비 | K100: 21300 | L100: =#REF! -> #REF! | M100: =K100/L100 -> #REF! | N100: =N99+H100-K100 -> #REF! | O100: =O99+J100-M100 -> #REF! | P100: 3월 송금 | R100: 박미령 | S100: =S99-M100 -> #REF!
B101: 45740 | C101: 보험비(회사납부) 公司缴纳部分合计 | E101: 53 | F101: 해외지사비 | K101: 5941.29 | L101: =#REF! -> #REF! | M101: =K101/L101 -> #REF! | N101: =N100+H101-K101 -> #REF! | O101: =O100+J101-M101 -> #REF! | P101: 3월 송금 | R101: 박미령 | S101: =S100-M101 -> #REF!
B102: 45740 | C102: 대행수수료 | E102: 53 | F102: 해외지사비 | K102: 300 | L102: =#REF! -> #REF! | M102: =K102/L102 -> #REF! | N102: =N101+H102-K102 -> #REF! | O102: =O101+J102-M102 -> #REF! | P102: 3월 송금 | R102: 박미령 | S102: =S101-M102 -> #REF!
B103: 45740 | C103: 일비 | E103: 53 | F103: 해외지사비 | K103: 1000 | L103: =#REF! -> #REF! | M103: =K103/L103 -> #REF! | N103: =N102+H103-K103 -> #REF! | O103: =O102+J103-M103 -> #REF! | P103: 3월 송금 | R103: 박미령 | S103: =S102-M103 -> #REF!
B104: 45740 | C104: 은행수수료 | E104: 54 | F104: 해외지사비 | K104: 12 | L104: =#REF! -> #REF! | M104: =K104/L104 -> #REF! | N104: =N103+H104-K104 -> #REF! | O104: =O103+J104-M104 -> #REF! | P104: 3월 송금 | S104: =S103-M104 -> #REF!

Sheet 내역_25.04
B2: ▶ 25년 4월 전도금 정산 내역 (심천지사)_4000061 (B2F590) | H2: 보증금 입금 내역_1,234.5 (#1900000828 / #1200000234 / #100013313)
B3: 25년 3월 송금_1,446.30 (#) | F3: 1446.3 | H3: 25년 4월 송금_1,482.90 (#) | L3: 1482.9 | X3: 1327.2
B4: 대계정 | C4: 소계정 | D4: 금액 (CNY) | E4: 금액 (USD) | F4: 금액 (KRW) | H4: 대계정 | I4: 소계정 | J4: 금액 (CNY) | K4: 금액 (USD) | L4: 금액 (KRW)
A5: 51131050 | B5: 업무추진비 | C5: 일반 | F5: =ROUND(E5*$F$3,0) -> 0 | H5: 업무추진비 | I5: 일반 | J5: 19195.4 | K5: 2619.03 | L5: =ROUND(K5*$L$3,0) -> 3883760 | M5: =L5+F5 -> 3883760 | S5: =F5+L5+R5 -> 3883760
A6: 51061030 | B6: 여비교통비 | C6: 해외 | F6: =ROUND(E6*$F$3,0) -> 0 | H6: 여비교통비 | I6: 해외 | J6: 30648.81 | K6: 4181.74 | L6: =ROUND(K6*$L$3,0) -> 6201102 | M6: =L6+F6 -> 6201102 | S6: =F6+L6+R6 -> 6201102
A7: 51201020 | B7: 지급임차료 | C7: 사무실임차료 | D7: 142.17 | E7: 19.7 | F7: =ROUND(E7*$F$3,0) -> 28492 | H7: 지급임차료 | I7: 사무실임차료 | J7: 24914.83 | K7: 3399.39 | L7: =ROUND(K7*$L$3,0) -> 5040955 | M7: =L7+F7 -> 5069447 | S7: =F7+L7+R7 -> 5069447
A8: 51201030 | B8: 지급임차료 | C8: 차량임차료 | F8: =ROUND(E8*$F$3,0) -> 0 | H8: 지급임차료 | I8: 차량임차료 | J8: 17500 | K8: 2387.71 | L8: =ROUND(K8*$L$3,0) -> 3540735 | M8: =L8+F8 -> 3540735 | S8: =F8+L8+R8 -> 3540735
A9: 51071700 | B9: 통신비 | C9: 기타 | F9: =ROUND(E9*$F$3,0) -> 0 | H9: 통신비 | I9: 기타 | J9: 1469.1 | K9: 200.44 | L9: =ROUND(K9*$L$3,0) -> 297232 | M9: =L9+F9 -> 297232 | S9: =F9+L9+R9 -> 297232
A10: 51321010 | B10: 해외지사비 | D10: 52250.88 | E10: 7239.17 | F10: =ROUND(E10*$F$3,0) -> 10470012 | H10: 해외지사비 | J10: 265516.81 | K10: 36252.26 | L10: =ROUND(K10*$L$3,0) -> 53758476 | M10: =L10+F10 -> 64228488 | S10: =F10+L10+R10 -> 64228488
A11: 51031020 | B11: 급여(incentive) | C11: 성과급여조정 | G11: =G13/G12 -> 1446.3 | H11: 급여(incentive) | I11: 포상금 | L11: =ROUND(K11*$L$3,0) -> 0 | M11: =L11+F11 -> 0 | S11: =F11+L11+R11 -> 0
A12: 52981010 | B12: (-)잡이익(50) | C12: (-)잡이익 | F12: =ROUND(E12*$F$3,0) -> 0 | G12: =E13+Q13+AB13 -> 7258.87 | H12: (-)잡이익(50) | I12: (-)잡이익 | L12: =ROUND(K12*$L$3,0) -> 0 | M12: =L12+F12 -> 0 | S12: =F12+L12+R12 -> 0
B13: Total | D13: =SUM(D5:D11)-D12 -> 52393.05 | E13: =SUM(E5:E11)-E12 -> 7258.87 | F13: =SUM(F5:F11)-F12 -> 10498504 | G13: =F13+R13+AC13 -> 10498504 | H13: Total | J13: =SUM(J5:J11)-J12 -> 359244.95 | K13: =SUM(K5:K11)-K12 -> 49040.57 | L13: =SUM(L5:L11)-L12 -> 72722260 | M13: =L13+F13 -> 83220764 | S13: =F13+L13+R13 -> 83220764 | X13: =F13+R13 -> 10498504
J14: =J13+D13+P13 -> 411638 | K14: =K13+E13+Q13 -> 56299.44 | L14: =L13+F13+R13 -> 83220764 | M14: =M16-E12 -> #REF!
J15: =J16-#REF! -> #REF! | K15: =K16-#REF! -> #REF! | L15: =L16-#REF! -> #REF! | M15: =M16-#REF! -> #REF!
K16: =SUBTOTAL(9,K19:K105) -> 123285 | M16: =SUBTOTAL(9,M19:M105) -> #REF!
B17: 날짜 | C17: 내역 | D17: 담당자 | E17: 증빙번호 | F17: 대계정 | G17: 소계정 | H17: 입금 | K17: 출금 | N17: 잔액 | R17: 항목
B18: 날짜 | C18: 내역 | D18: 담당자 | E18: 증빙번호 | F18: 대계정 | G18: 소계정 | H18: CNY | I18: 환산요율 | J18: USD | K18: CNY | L18: 환산요율 | M18: USD | N18: CNY | O18: USD | P18: 비고 | R18: 항목
B19: 45747 | N19: 52366.41 | O19: 7258.868 | S19: 7258.8664
B20: 45757 | C20: 1분기 기업 소득세 | E20: 1 | F20: 해외지사비 | K20: 52250.88 | L20: =#REF! -> #REF! | M20: =K20/L20 -> #REF! | N20: =N19+H20-K20 -> 115.53 | O20: =O19+J20-M20 -> #REF! | P20: 3월 송금 | S20: =S19-M20+J20 -> #REF!
B21: 45757 | C21: USD입금 and RMB 환전 | E21: 2 | H21: 404322.65 | J21: 55191 | N21: =N20+H21-K21 -> 404438.18 | O21: =O20+J21-M21 -> #REF!
B22: 45757 | C22: 은행수수료 | F22: 해외지사비 | M22: 25 | N22: =N21+H22-K22 -> 404438.18 | O22: =O21+J22-M22 -> #REF! | P22: 4월 송금
B23: 45762 | C23: 사무실 임대료/전기세 관련 | E23: 3 | F23: 지급임차료 | G23: 사무실임차료 | K23: =L23*M23 -> #REF! | L23: =#REF! -> #REF! | M23: 19.696706 | N23: =N22+H23-K23 -> #REF! | O23: =O22+J23-M23 -> #REF! | P23: 3월 송금
B24: 45762 | C24: 사무실 임대료/전기세 관련 | E24: 3 | F24: 지급임차료 | G24: 사무실임차료 | K24: =25057-K23 -> #REF! | L24: =#REF! -> #REF! | M24: =K24/L24 -> #REF! | N24: =N23+H24-K24 -> #REF! | O24: =O23+J24-M24 -> #REF! | P24: 4월 송금 | S24: =55166-M24 -> #REF!
B25: 45762 | C25: 은행수수료 | E25: 4 | F25: 해외지사비 | K25: 7.2 | L25: =#REF! -> #REF! | M25: =K25/L25 -> #REF! | N25: =N24+H25-K25 -> #REF! | O25: =O24+J25-M25 -> #REF! | P25: 4월 송금 | S25: =S24-M25+J25 -> #REF!
B26: 45762 | C26: 사무실 주차비 | E26: 5 | F26: 여비교통비 | G26: 해외 | K26: 1600 | L26: =#REF! -> #REF! | M26: =K26/L26 -> #REF! | N26: =N25+H26-K26 -> #REF! | O26: =O25+J26-M26 -> #REF! | P26: 4월 송금 | S26: =S25-M26+J26 -> #REF!
B27: 45762 | C27: 은행수수료 | E27: 6 | F27: 해외지사비 | K27: 3.6 | L27: =#REF! -> #REF! | M27: =K27/L27 -> #REF! | N27: =N26+H27-K27 -> #REF! | O27: =O26+J27-M27 -> #REF! | P27: 4월 송금 | S27: =S26-M27+J27 -> #REF!
B28: 45768 | C28: 세무대행비 | E28: 7 | F28: 해외지사비 | K28: 1010 | L28: =#REF! -> #REF! | M28: =K28/L28 -> #REF! | N28: =N27+H28-K28 -> #REF! | O28: =O27+J28-M28 -> #REF! | P28: 4월 송금 | S28: =S27-M28+J28 -> #REF!
B29: 45768 | C29: 은행수수료 | E29: 8 | F29: 해외지사비 | K29: 3.6 | L29: =#REF! -> #REF! | M29: =K29/L29 -> #REF! | N29: =N28+H29-K29 -> #REF! | O29: =O28+J29-M29 -> #REF! | P29: 4월 송금 | S29: =S28-M29+J29 -> #REF!
B30: 45768 | C30: 차량 Rent비 | E30: 9 | F30: 지급임차료 | G30: 차량임차료 | K30: 10500 | L30: =#REF! -> #REF! | M30: =K30/L30 -> #REF! | N30: =N29+H30-K30 -> #REF! | O30: =O29+J30-M30 -> #REF! | P30: 4월 송금 | S30: =S29-M30+J30 -> #REF!
B31: 45768 | C31: 차량 기사비 | E31: 9 | F31: 해외지사비 | K31: 6000 | L31: =#REF! -> #REF! | M31: =K31/L31 -> #REF! | N31: =N30+H31-K31 -> #REF! | O31: =O30+J31-M31 -> #REF! | P31: 4월 송금 | S31: =S30-M31+J31 -> #REF!
B32: 45768 | C32: 기사 야근비용 | E32: 9 | F32: 해외지사비 | K32: 470 | L32: =#REF! -> #REF! | M32: =K32/L32 -> #REF! | N32: =N31+H32-K32 -> #REF! | O32: =O31+J32-M32 -> #REF! | P32: 4월 송금 | S32: =S31-M32+J32 -> #REF!
B33: 45768 | C33: 차량 Rent비 | E33: 9 | F33: 지급임차료 | G33: 차량임차료 | K33: 7000 | L33: =#REF! -> #REF! | M33: =K33/L33 -> #REF! | N33: =N32+H33-K33 -> #REF! | O33: =O32+J33-M33 -> #REF! | P33: 4월 송금 | S33: =S32-M33+J33 -> #REF!
B34: 45768 | C34: 차량 기사비 | E34: 9 | F34: 해외지사비 | K34: 6000 | L34: =#REF! -> #REF! | M34: =K34/L34 -> #REF! | N34: =N33+H34-K34 -> #REF! | O34: =O33+J34-M34 -> #REF! | P34: 4월 송금 | S34: =S33-M34+J34 -> #REF!
B35: 45768 | C35: 기사 야근비용 | E35: 9 | F35: 해외지사비 | K35: 400 | L35: =#REF! -> #REF! | M35: =K35/L35 -> #REF! | N35: =N34+H35-K35 -> #REF! | O35: =O34+J35-M35 -> #REF! | P35: 4월 송금 | S35: =S34-M35+J35 -> #REF!
B36: 45768 | C36: 은행수수료 | E36: 10 | F36: 해외지사비 | K36: 7.2 | L36: =#REF! -> #REF! | M36: =K36/L36 -> #REF! | N36: =N35+H36-K36 -> #REF! | O36: =O35+J36-M36 -> #REF! | P36: 4월 송금 | S36: =S35-M36+J36 -> #REF!
B37: 45768 | C37: 신순연_사무실 wfi, 통신비 | E37: 11 | F37: 통신비 | G37: 기타 | K37: 418 | L37: =#REF! -> #REF! | M37: =K37/L37 -> #REF! | N37: =N36+H37-K37 -> #REF! | O37: =O36+J37-M37 -> #REF! | P37: 4월 송금 | R37: 신순연 | S37: =S36-M37+J37 -> #REF!
B38: 45768 | C38: 은행수수료 | E38: 12 | F38: 해외지사비 | K38: 3.6 | L38: =#REF! -> #REF! | M38: =K38/L38 -> #REF! | N38: =N37+H38-K38 -> #REF! | O38: =O37+J38-M38 -> #REF! | P38: 4월 송금 | R38: 신순연 | S38: =S37-M38+J38 -> #REF!
B39: 45768 | C39: Pan Shi Qiang_시내교통비 | E39: 13 | F39: 여비교통비 | G39: 해외 | K39: 128.41 | L39: =#REF! -> #REF! | M39: =K39/L39 -> #REF! | N39: =N38+H39-K39 -> #REF! | O39: =O38+J39-M39 -> #REF! | P39: 4월 송금 | R39: Pan Shi Qiang | S39: =S38-M39+J39 -> #REF!
B40: 45768 | C40: Pan Shi Qiang_출장비 | E40: 14 | F40: 여비교통비 | G40: 해외 | K40: 4365.36 | L40: =#REF! -> #REF! | M40: =K40/L40 -> #REF! | N40: =N39+H40-K40 -> #REF! | O40: =O39+J40-M40 -> #REF! | P40: 4월 송금 | R40: Pan Shi Qiang | S40: =S39-M40+J40 -> #REF!
B41: 45768 | C41: Pan Shi Qiang_통신비 | E41: 15 | F41: 통신비 | G41: 기타 | K41: 153.6 | L41: =#REF! -> #REF! | M41: =K41/L41 -> #REF! | N41: =N40+H41-K41 -> #REF! | O41: =O40+J41-M41 -> #REF! | P41: 4월 송금 | R41: Pan Shi Qiang | S41: =S40-M41+J41 -> #REF!
B42: 45768 | C42: Pan Shi Qiang_택배비 | E42: 16 | F42: 해외지사비 | K42: 135 | L42: =#REF! -> #REF! | M42: =K42/L42 -> #REF! | N42: =N41+H42-K42 -> #REF! | O42: =O41+J42-M42 -> #REF! | P42: 4월 송금 | R42: Pan Shi Qiang | S42: =S41-M42+J42 -> #REF!
B43: 45768 | C43: 은행수수료 | E43: 17 | F43: 해외지사비 | K43: 3.6 | L43: =#REF! -> #REF! | M43: =K43/L43 -> #REF! | N43: =N42+H43-K43 -> #REF! | O43: =O42+J43-M43 -> #REF! | P43: 4월 송금 | R43: Pan Shi Qiang | S43: =S42-M43+J43 -> #REF!
B44: 45768 | C44: 시내교통비 | E44: 18 | F44: 여비교통비 | G44: 해외 | K44: 207.37 | L44: =#REF! -> #REF! | M44: =K44/L44 -> #REF! | N44: =N43+H44-K44 -> #REF! | O44: =O43+J44-M44 -> #REF! | P44: 4월 송금 | R44: Zhang Liang | S44: =S43-M44+J44 -> #REF!
B45: 45768 | C45: 출장비 | E45: 19 | F45: 여비교통비 | G45: 해외 | K45: 941.79 | L45: =#REF! -> #REF! | M45: =K45/L45 -> #REF! | N45: =N44+H45-K45 -> #REF! | O45: =O44+J45-M45 -> #REF! | P45: 4월 송금 | R45: Zhang Liang | S45: =S44-M45+J45 -> #REF!
B46: 45768 | C46: 통신비 | E46: 20 | F46: 통신비 | G46: 기타 | K46: 400 | L46: =#REF! -> #REF! | M46: =K46/L46 -> #REF! | N46: =N45+H46-K46 -> #REF! | O46: =O45+J46-M46 -> #REF! | P46: 4월 송금 | R46: Zhang Liang | S46: =S45-M46+J46 -> #REF!
B47: 45768 | C47: 업무추진비 | E47: 21 | F47: 업무추진비 | G47: 일반 | K47: 179 | L47: =#REF! -> #REF! | M47: =K47/L47 -> #REF! | N47: =N46+H47-K47 -> #REF! | O47: =O46+J47-M47 -> #REF! | P47: 4월 송금 | R47: Zhang Liang | S47: =S46-M47+J47 -> #REF!
B48: 45768 | C48: 택배비 | E48: 22 | F48: 해외지사비 | K48: 424.55 | L48: =#REF! -> #REF! | M48: =K48/L48 -> #REF! | N48: =N47+H48-K48 -> #REF! | O48: =O47+J48-M48 -> #REF! | P48: 4월 송금 | R48: Zhang Liang | S48: =S47-M48+J48 -> #REF!
B49: 45768 | C49: 사무용픔 | E49: 23 | F49: 해외지사비 | K49: 127.56 | L49: =#REF! -> #REF! | M49: =K49/L49 -> #REF! | N49: =N48+H49-K49 -> #REF! | O49: =O48+J49-M49 -> #REF! | P49: 4월 송금 | R49: Zhang Liang | S49: =S48-M49+J49 -> #REF!
B50: 45768 | C50: 은행수수료 | E50: 24 | F50: 해외지사비 | K50: 3.6 | L50: =#REF! -> #REF! | M50: =K50/L50 -> #REF! | N50: =N49+H50-K50 -> #REF! | O50: =O49+J50-M50 -> #REF! | P50: 4월 송금 | R50: Zhang Liang | S50: =S49-M50+J50 -> #REF!
B51: 45768 | C51: 시내/시외교통비 | E51: 25 | F51: 여비교통비 | G51: 해외 | K51: 663.95 | L51: =#REF! -> #REF! | M51: =K51/L51 -> #REF! | N51: =N50+H51-K51 -> #REF! | O51: =O50+J51-M51 -> #REF! | P51: 4월 송금 | R51: Lin Jie Ting | S51: =S50-M51+J51 -> #REF!
B52: 45768 | C52: 통신비 | E52: 26 | F52: 통신비 | G52: 기타 | K52: 299.4 | L52: =#REF! -> #REF! | M52: =K52/L52 -> #REF! | N52: =N51+H52-K52 -> #REF! | O52: =O51+J52-M52 -> #REF! | P52: 4월 송금 | R52: Lin Jie Ting | S52: =S51-M52+J52 -> #REF!
B53: 45768 | C53: 택배비 | E53: 27 | F53: 해외지사비 | K53: 36 | L53: =#REF! -> #REF! | M53: =K53/L53 -> #REF! | N53: =N52+H53-K53 -> #REF! | O53: =O52+J53-M53 -> #REF! | P53: 4월 송금 | R53: Lin Jie Ting | S53: =S52-M53+J53 -> #REF!
B54: 45768 | C54: 출장비 | E54: 28 | F54: 여비교통비 | G54: 해외 | K54: 4536.3 | L54: =#REF! -> #REF! | M54: =K54/L54 -> #REF! | N54: =N53+H54-K54 -> #REF! | O54: =O53+J54-M54 -> #REF! | P54: 4월 송금 | R54: Lin Jie Ting | S54: =S53-M54+J54 -> #REF!
B55: 45768 | C55: 사무용품 | E55: 29 | F55: 해외지사비 | K55: 172.98 | L55: =#REF! -> #REF! | M55: =K55/L55 -> #REF! | N55: =N54+H55-K55 -> #REF! | O55: =O54+J55-M55 -> #REF! | P55: 4월 송금 | R55: Lin Jie Ting | S55: =S54-M55+J55 -> #REF!
B56: 45768 | C56: 업무추진비 | E56: 30 | F56: 업무추진비 | G56: 일반 | K56: 3310.7 | L56: =#REF! -> #REF! | M56: =K56/L56 -> #REF! | N56: =N55+H56-K56 -> #REF! | O56: =O55+J56-M56 -> #REF! | P56: 4월 송금 | R56: Lin Jie Ting | S56: =S55-M56+J56 -> #REF!
B57: 45768 | C57: 사무실운영비 | E57: 31 | F57: 해외지사비 | K57: 399 | L57: =#REF! -> #REF! | M57: =K57/L57 -> #REF! | N57: =N56+H57-K57 -> #REF! | O57: =O56+J57-M57 -> #REF! | P57: 4월 송금 | R57: Lin Jie Ting | S57: =S56-M57+J57 -> #REF!
B58: 45768 | C58: 은행수수료 | E58: 32 | F58: 해외지사비 | K58: 3.6 | L58: =#REF! -> #REF! | M58: =K58/L58 -> #REF! | N58: =N57+H58-K58 -> #REF! | O58: =O57+J58-M58 -> #REF! | P58: 4월 송금 | R58: Lin Jie Ting | S58: =S57-M58+J58 -> #REF!
B59: 45768 | C59: 업무추진비 | E59: 33 | F59: 업무추진비 | G59: 일반 | K59: 15594.7 | L59: =#REF! -> #REF! | M59: =K59/L59 -> #REF! | N59: =N58+H59-K59 -> #REF! | O59: =O58+J59-M59 -> #REF! | P59: 4월 송금 | R59: 김명관 | S59: =S58-M59+J59 -> #REF!
B60: 45768 | C60: 출장비 | E60: 34 | F60: 여비교통비 | G60: 해외 | K60: 12341.06 | L60: =#REF! -> #REF! | M60: =K60/L60 -> #REF! | N60: =N59+H60-K60 -> #REF! | O60: =O59+J60-M60 -> #REF! | P60: 4월 송금 | R60: 김명관 | S60: =S59-M60+J60 -> #REF!
B61: 45768 | C61: 수수료 | E61: 35 | F61: 해외지사비 | K61: 7.2 | L61: =#REF! -> #REF! | M61: =K61/L61 -> #REF! | N61: =N60+H61-K61 -> #REF! | O61: =O60+J61-M61 -> #REF! | P61: 4월 송금 | R61: 김명관 | S61: =S60-M61+J61 -> #REF!
B62: 45768 | C62: 시내교통비 | E62: 36 | F62: 여비교통비 | G62: 해외 | K62: 15.97 | L62: =#REF! -> #REF! | M62: =K62/L62 -> #REF! | N62: =N61+H62-K62 -> #REF! | O62: =O61+J62-M62 -> #REF! | P62: 4월 송금 | R62: Piao Mei Ling | S62: =S61-M62+J62 -> #REF!
B63: 45768 | C63: 업무추진비 | E63: 37 | F63: 업무추진비 | G63: 일반 | K63: 111 | L63: =#REF! -> #REF! | M63: =K63/L63 -> #REF! | N63: =N62+H63-K63 -> #REF! | O63: =O62+J63-M63 -> #REF! | P63: 4월 송금 | R63: Piao Mei Ling | S63: =S62-M63+J63 -> #REF!
B64: 45768 | C64: 통신비 | E64: 38 | F64: 통신비 | G64: 기타 | K64: 198.1 | L64: =#REF! -> #REF! | M64: =K64/L64 -> #REF! | N64: =N63+H64-K64 -> #REF! | O64: =O63+J64-M64 -> #REF! | P64: 4월 송금 | R64: Piao Mei Ling | S64: =S63-M64+J64 -> #REF!
B65: 45768 | C65: 택배비 | E65: 39 | F65: 해외지사비 | K65: 13 | L65: =#REF! -> #REF! | M65: =K65/L65 -> #REF! | N65: =N64+H65-K65 -> #REF! | O65: =O64+J65-M65 -> #REF! | P65: 4월 송금 | R65: Piao Mei Ling | S65: =S64-M65+J65 -> #REF!
B66: 45768 | C66: 은행수수료 | E66: 40 | F66: 해외지사비 | K66: 3.6 | L66: =#REF! -> #REF! | M66: =K66/L66 -> #REF! | N66: =N65+H66-K66 -> #REF! | O66: =O65+J66-M66 -> #REF! | P66: 4월 송금 | R66: Piao Mei Ling | S66: =S65-M66+J66 -> #REF!
B67: 45768 | C67: 주유비 | E67: 41 | F67: 여비교통비 | G67: 해외 | K67: 2331 | L67: =#REF! -> #REF! | M67: =K67/L67 -> #REF! | N67: =N66+H67-K67 -> #REF! | O67: =O66+J67-M67 -> #REF! | P67: 4월 송금 | R67: Chen Guo Liang_주유비_주차비_톨비 | S67: =S66-M67+J67 -> #REF!
B68: 45768 | C68: 주차비 | E68: 42 | F68: 여비교통비 | G68: 해외 | K68: 163.6 | L68: =#REF! -> #REF! | M68: =K68/L68 -> #REF! | N68: =N67+H68-K68 -> #REF! | O68: =O67+J68-M68 -> #REF! | P68: 4월 송금 | R68: Chen Guo Liang_주유비_주차비_톨비 | S68: =S67-M68+J68 -> #REF!
B69: 45768 | C69: 톨비 | E69: 43 | F69: 여비교통비 | G69: 해외 | K69: 369 | L69: =#REF! -> #REF! | M69: =K69/L69 -> #REF! | N69: =N68+H69-K69 -> #REF! | O69: =O68+J69-M69 -> #REF! | P69: 4월 송금 | R69: Chen Guo Liang_주유비_주차비_톨비 | S69: =S68-M69+J69 -> #REF!
B70: 45768 | C70: 은행수수료 | E70: 44 | F70: 해외지사비 | K70: 3.6 | L70: =#REF! -> #REF! | M70: =K70/L70 -> #REF! | N70: =N69+H70-K70 -> #REF! | O70: =O69+J70-M70 -> #REF! | P70: 4월 송금 | R70: Chen Guo Liang_주유비_주차비_톨비 | S70: =S69-M70+J70 -> #REF!
B71: 45768 | C71: 톨비 | E71: 45 | F71: 여비교통비 | G71: 해외 | K71: 529 | L71: =#REF! -> #REF! | M71: =K71/L71 -> #REF! | N71: =N70+H71-K71 -> #REF! | O71: =O70+J71-M71 -> #REF! | P71: 4월 송금 | R71: Liu Ming Liang_주유비_주차비_톨비 | S71: =S70-M71+J71 -> #REF!
B72: 45768 | C72: 주유비 | E72: 46 | F72: 여비교통비 | G72: 해외 | K72: 2255 | L72: =#REF! -> #REF! | M72: =K72/L72 -> #REF! | N72: =N71+H72-K72 -> #REF! | O72: =O71+J72-M72 -> #REF! | P72: 4월 송금 | R72: Liu Ming Liang_주유비_주차비_톨비 | S72: =S71-M72+J72 -> #REF!
B73: 45768 | C73: 주차비 | E73: 47 | F73: 여비교통비 | G73: 해외 | K73: 201 | L73: =#REF! -> #REF! | M73: =K73/L73 -> #REF! | N73: =N72+H73-K73 -> #REF! | O73: =O72+J73-M73 -> #REF! | P73: 4월 송금 | R73: Liu Ming Liang_주유비_주차비_톨비 | S73: =S72-M73+J73 -> #REF!
B74: 45768 | C74: 은행수수료 | E74: 48 | F74: 해외지사비 | K74: 3.6 | L74: =#REF! -> #REF! | M74: =K74/L74 -> #REF! | N74: =N73+H74-K74 -> #REF! | O74: =O73+J74-M74 -> #REF! | P74: 4월 송금 | R74: Liu Ming Liang_주유비_주차비_톨비 | S74: =S73-M74+J74 -> #REF!
B75: 45768 | C75: 주재원 주재수당 | E75: 49 | F75: 해외지사비 | K75: 16000 | L75: =#REF! -> #REF! | M75: =K75/L75 -> #REF! | N75: =N74+H75-K75 -> #REF! | O75: =O74+J75-M75 -> #REF! | P75: 4월 송금 | R75: 김명관 프로 | S75: =S74-M75+J75 -> #REF!
B76: 45768 | C76: 주재원 주택수당 | E76: 49 | F76: 해외지사비 | K76: 24000 | L76: =#REF! -> #REF! | M76: =K76/L76 -> #REF! | N76: =N75+H76-K76 -> #REF! | O76: =O75+J76-M76 -> #REF! | P76: 4월 송금 | R76: 김명관 프로 | S76: =S75-M76+J76 -> #REF!
B77: 45768 | C77: 보험(주재원/현채인) | E77: 49 | F77: 해외지사비 | K77: 5305.19 | L77: =#REF! -> #REF! | M77: =K77/L77 -> #REF! | N77: =N76+H77-K77 -> #REF! | O77: =O76+J77-M77 -> #REF! | P77: 4월 송금 | R77: 김명관 프로 | S77: =S76-M77+J77 -> #REF!
B78: 45768 | C78: 세금(주재원/현채인) | E78: 49 | F78: 해외지사비 | K78: 3336.8 | L78: =#REF! -> #REF! | M78: =K78/L78 -> #REF! | N78: =N77+H78-K78 -> #REF! | O78: =O77+J78-M78 -> #REF! | P78: 4월 송금 | R78: 김명관 프로 | S78: =S77-M78+J78 -> #REF!
B79: 45768 | C79: 대행수수료 | E79: 49 | F79: 해외지사비 | K79: 300 | L79: =#REF! -> #REF! | M79: =K79/L79 -> #REF! | N79: =N78+H79-K79 -> #REF! | O79: =O78+J79-M79 -> #REF! | P79: 4월 송금 | R79: 김명관 프로 | S79: =S78-M79+J79 -> #REF!
B80: 45772 | C80: 주재원 주재수당 | E80: 49 | F80: 해외지사비 | K80: 16000 | L80: =#REF! -> #REF! | M80: =K80/L80 -> #REF! | N80: =N79+H80-K80 -> #REF! | O80: =O79+J80-M80 -> #REF! | P80: 4월 송금 | R80: 신순연 프로 | S80: =S79-M80+J80 -> #REF!
B81: 45772 | C81: 주재원 주택수당 | E81: 49 | F81: 해외지사비 | K81: 24000 | L81: =#REF! -> #REF! | M81: =K81/L81 -> #REF! | N81: =N80+H81-K81 -> #REF! | O81: =O80+J81-M81 -> #REF! | P81: 4월 송금 | R81: 신순연 프로 | S81: =S80-M81+J81 -> #REF!
B82: 45772 | C82: 보험(주재원/현채인) | E82: 49 | F82: 해외지사비 | K82: 9305.19 | L82: =#REF! -> #REF! | M82: =K82/L82 -> #REF! | N82: =N81+H82-K82 -> #REF! | O82: =O81+J82-M82 -> #REF! | P82: 4월 송금 | R82: 신순연 프로 | S82: =S81-M82+J82 -> #REF!
B83: 45772 | C83: 세금(주재원/현채인) | E83: 49 | F83: 해외지사비 | K83: 3144.8 | L83: =#REF! -> #REF! | M83: =K83/L83 -> #REF! | N83: =N82+H83-K83 -> #REF! | O83: =O82+J83-M83 -> #REF! | P83: 4월 송금 | R83: 신순연 프로 | S83: =S82-M83+J83 -> #REF!
B84: 45772 | C84: 대행수수료 | E84: 49 | F84: 해외지사비 | K84: 300 | L84: =#REF! -> #REF! | M84: =K84/L84 -> #REF! | N84: =N83+H84-K84 -> #REF! | O84: =O83+J84-M84 -> #REF! | P84: 4월 송금 | R84: 신순연 프로 | S84: =S83-M84+J84 -> #REF!
B85: 45772 | C85: 현채인 월급 | E85: 49 | F85: 해외지사비 | K85: 25750 | L85: =#REF! -> #REF! | M85: =K85/L85 -> #REF! | N85: =N84+H85-K85 -> #REF! | O85: =O84+J85-M85 -> #REF! | P85: 4월 송금 | R85: FAE (Pan Shi Qiang) 7/1 입사 潘世强 | S85: =S84-M85+J85 -> #REF!
... B103: 45772 | C103: 대행수수료 | E103: 49 | F103: 해외지사비 | K103: 300 | L103: =#REF! -> #REF! | M103: =K103/L103 -> #REF! | N103: =N102+H103-K103 -> #REF! | O103: =O102+J103-M103 -> #REF! | P103: 4월 송금 | R103: 朴美玲 박미령 23/9/18 입사 | S103: =S102-M103+J103 -> #REF!
B104: 45772 | C104: 은행 수수료 | E104: 50 | F104: 해외지사비 | K104: 12 | L104: =#REF! -> #REF! | M104: =K104/L104 -> #REF! | N104: =N103+H104-K104 -> #REF! | O104: =O103+J104-M104 -> #REF! | P104: 4월 송금 | S104: =S103-M104+J104 -> #REF!

Sheet 내역_25.05
B2: ▶ 25년 5월 전도금 정산 내역 (심천지사)_4000061 (B2F590) | H2: 보증금 입금 내역_1,234.5 (#1900000828 / #1200000234 / #100013313)
B3: 25년 4월 송금_1,482.90 (#) | F3: 1482.9 | H3: 25년 5월 송금_1405.60 (#) | L3: 1405.6 | X3: 1327.2
B4: 대계정 | C4: 소계정 | D4: 금액 (CNY) | E4: 금액 (USD) | F4: 금액 (KRW) | H4: 대계정 | I4: 소계정 | J4: 금액 (CNY) | K4: 금액 (USD) | L4: 금액 (KRW)
A5: 51131050 | B5: 업무추진비 | C5: 일반 | D5: 3161.4 | E5: 431.34 | F5: =ROUND(E5*$F$3,0) -> 639634 | H5: 업무추진비 | I5: 일반 | J5: 14265.08 | K5: 1986.7 | L5: =ROUND(K5*$L$3,0) -> 2792506 | M5: =L5+F5 -> 3432140 | S5: =F5+L5+R5 -> 3432140
A6: 51061030 | B6: 여비교통비 | C6: 해외 | D6: 11847.427 | E6: 1616.47 | F6: =ROUND(E6*$F$3,0) -> 2397063 | H6: 여비교통비 | I6: 해외 | J6: 19528.07 | K6: 2719.68 | L6: =ROUND(K6*$L$3,0) -> 3822782 | M6: =L6+F6 -> 6219845 | S6: =F6+L6+R6 -> 6219845
A7: 51201020 | B7: 지급임차료 | C7: 사무실임차료 | D7: 25096 | E7: 3424.11 | F7: =ROUND(E7*$F$3,0) -> 5077613 | H7: 지급임차료 | I7: 사무실임차료 | L7: =ROUND(K7*$L$3,0) -> 0 | M7: =L7+F7 -> 5077613 | S7: =F7+L7+R7 -> 5077613
A8: 51201030 | B8: 지급임차료 | C8: 차량임차료 | F8: =ROUND(E8*$F$3,0) -> 0 | H8: 지급임차료 | I8: 차량임차료 | J8: 20596 | K8: 2868.4 | L8: =ROUND(K8*$L$3,0) -> 4031823 | M8: =L8+F8 -> 4031823 | S8: =F8+L8+R8 -> 4031823
A9: 51071700 | B9: 통신비 | C9: 기타 | D9: 2034.12 | E9: 277.54 | F9: =ROUND(E9*$F$3,0) -> 411564 | H9: 통신비 | I9: 기타 | J9: 300 | K9: 41.78 | L9: =ROUND(K9*$L$3,0) -> 58726 | M9: =L9+F9 -> 470290 | S9: =F9+L9+R9 -> 470290
A10: 51321010 | B10: 해외지사비 | D10: 2938.75 | E10: 400.97 | F10: =ROUND(E10*$F$3,0) -> 594598 | H10: 해외지사비 | J10: 247302.52 | K10: 34492.81 | L10: =ROUND(K10*$L$3,0) -> 48483094 | M10: =L10+F10 -> 49077692 | S10: =F10+L10+R10 -> 49077692
A11: 51031020 | B11: 급여(incentive) | C11: 성과급여조정 | G11: =G13/G12 -> 1482.8999 | H11: 급여(incentive) | I11: 포상금 | L11: =ROUND(K11*$L$3,0) -> 0 | M11: =L11+F11 -> 0 | S11: =F11+L11+R11 -> 0
A12: 52981010 | B12: (-)잡이익(50) | C12: (-)잡이익 | F12: =ROUND(E12*$F$3,0) -> 0 | G12: =E13+Q13+AB13 -> 6150.43 | H12: (-)잡이익(50) | I12: (-)잡이익 | L12: =ROUND(K12*$L$3,0) -> 0 | M12: =L12+F12 -> 0 | S12: =F12+L12+R12 -> 0
B13: Total | D13: =SUM(D5:D11)-D12 -> 45077.697 | E13: =SUM(E5:E11)-E12 -> 6150.43 | F13: =SUM(F5:F11)-F12 -> 9120472 | G13: =F13+R13+AC13 -> 9120472 | H13: Total | J13: =SUM(J5:J11)-J12 -> 301991.67 | K13: =SUM(K5:K11)-K12 -> 42109.37 | L13: =SUM(L5:L11)-L12 -> 59188931 | M13: =L13+F13 -> 68309403 | S13: =F13+L13+R13 -> 68309403 | X13: =F13+R13 -> 9120472
J14: =J13+D13+P13 -> 347069.37 | K14: =K13+E13+Q13 -> 48259.8 | L14: =L13+F13+R13 -> 68309403 | M14: =M16-E12 -> #REF!
J15: =J16-#REF! -> #REF! | K15: =K16-#REF! -> #REF! | L15: =L16-#REF! -> #REF! | M15: =M16-#REF! -> #REF!
K16: =SUBTOTAL(9,K19:K111) -> #REF! | M16: =SUBTOTAL(9,M19:M111) -> #REF!
B17: 날짜 | C17: 내역 | D17: 담당자 | E17: 증빙번호 | F17: 대계정 | G17: 소계정 | H17: 입금 | K17: 출금 | N17: 잔액 | R17: 항목
B18: 날짜 | C18: 내역 | D18: 담당자 | E18: 증빙번호 | F18: 대계정 | G18: 소계정 | H18: CNY | I18: 환산요율 | J18: USD | K18: CNY | L18: 환산요율 | M18: USD | N18: CNY | O18: USD | P18: 비고 | R18: 항목
B19: 45777 | N19: 45051.06 | O19: 6150.4268 | S19: 6150.4252
B20: 45790 | C20: USD입금 and RMB 환전 | E20: 1 | H20: 343685.06 | J20: 47916 | N20: =N19+H20-K20 -> 388736.12 | O20: =O19+J20-M20 -> 54066.427
B21: 45790 | C21: 은행수수료 | F21: 해외지사비 | M21: 51 | N21: =N20+H21-K21 -> 388736.12 | O21: =O20+J21-M21 -> 54015.427
B22: 45792 | C22: 사무실 임대료/전기세 관련 | E22: 2 | F22: 지급임차료 | G22: 사무실임차료 | K22: 25096 | L22: =#REF! -> #REF! | M22: =K22/L22 -> #REF! | N22: =N21+H22-K22 -> 363640.12 | O22: =O21+J22-M22 -> #REF! | P22: 4월 송금 | S22: =S19-M22+J22 -> #REF!
B23: 45792 | C23: 은행수수료 | E23: 3 | F23: 해외지사비 | K23: 7.2 | L23: =#REF! -> #REF! | M23: =K23/L23 -> #REF! | N23: =N22+H23-K23 -> 363632.92 | O23: =O22+J23-M23 -> #REF! | P23: 4월 송금 | S23: =S22-M23+J23 -> #REF!
B24: 45792 | C24: 사무실 주차비 | E24: 4 | F24: 여비교통비 | G24: 해외 | K24: 1600 | L24: =#REF! -> #REF! | M24: =K24/L24 -> #REF! | N24: =N23+H24-K24 -> 362032.92 | O24: =O23+J24-M24 -> #REF! | P24: 4월 송금 | S24: =S23-M24+J24 -> #REF!
B25: 45792 | C25: 은행수수료 | E25: 5 | F25: 해외지사비 | K25: 3.6 | L25: =#REF! -> #REF! | M25: =K25/L25 -> #REF! | N25: =N24+H25-K25 -> 362029.32 | O25: =O24+J25-M25 -> #REF! | P25: 4월 송금 | S25: =S24-M25+J25 -> #REF!
B26: 45796 | C26: 세무대행비 | E26: 6 | F26: 해외지사비 | K26: 1010 | L26: =#REF! -> #REF! | M26: =K26/L26 -> #REF! | N26: =N25+H26-K26 -> 361019.32 | O26: =O25+J26-M26 -> #REF! | P26: 4월 송금 | S26: =S25-M26+J26 -> #REF!
B27: 45796 | C27: 은행수수료 | E27: 7 | F27: 해외지사비 | K27: 3.6 | L27: =#REF! -> #REF! | M27: =K27/L27 -> #REF! | N27: =N26+H27-K27 -> 361015.72 | O27: =O26+J27-M27 -> #REF! | P27: 4월 송금 | S27: =S26-M27+J27 -> #REF!
B28: 45796 | C28: 사무실 WIFI+통신비 | D28: 신순연 | E28: 8 | F28: 통신비 | G28: 기타 | K28: 1018.2 | L28: =#REF! -> #REF! | M28: =K28/L28 -> #REF! | N28: =N27+H28-K28 -> 359997.52 | O28: =O27+J28-M28 -> #REF! | P28: 4월 송금 | S28: =S27-M28+J28 -> #REF!
B29: 45796 | C29: 사무실 운영비 | D29: 신순연 | E29: 9 | F29: 해외지사비 | K29: 676 | L29: =#REF! -> #REF! | M29: =K29/L29 -> #REF! | N29: =N28+H29-K29 -> 359321.52 | O29: =O28+J29-M29 -> #REF! | P29: 4월 송금 | S29: =S28-M29+J29 -> #REF!
B30: 45796 | C30: 수수료 | D30: 신순연 | E30: 10 | F30: 해외지사비 | K30: 3.6 | L30: =#REF! -> #REF! | M30: =K30/L30 -> #REF! | N30: =N29+H30-K30 -> 359317.92 | O30: =O29+J30-M30 -> #REF! | P30: 4월 송금 | S30: =S29-M30+J30 -> #REF!
B31: 45796 | C31: 시내 교통비 | D31: Pan Shi Qiang | E31: 11 | F31: 여비교통비 | G31: 해외 | K31: 419.4 | L31: =#REF! -> #REF! | M31: =K31/L31 -> #REF! | N31: =N30+H31-K31 -> 358898.52 | O31: =O30+J31-M31 -> #REF! | P31: 4월 송금 | S31: =S30-M31+J31 -> #REF!
B32: 45796 | C32: 출장비 | D32: Pan Shi Qiang | E32: 12 | F32: 여비교통비 | G32: 해외 | K32: 628 | L32: =#REF! -> #REF! | M32: =K32/L32 -> #REF! | N32: =N31+H32-K32 -> 358270.52 | O32: =O31+J32-M32 -> #REF! | P32: 4월 송금 | S32: =S31-M32+J32 -> #REF!
B33: 45796 | C33: 통신비 | D33: Pan Shi Qiang | E33: 13 | F33: 통신비 | G33: 기타 | K33: 123.8 | L33: =#REF! -> #REF! | M33: =K33/L33 -> #REF! | N33: =N32+H33-K33 -> 358146.72 | O33: =O32+J33-M33 -> #REF! | P33: 4월 송금 | S33: =S32-M33+J33 -> #REF!
B34: 45796 | C34: 추진비 | D34: Pan Shi Qiang | E34: 14 | F34: 업무추진비 | G34: 일반 | K34: 318.4 | L34: =#REF! -> #REF! | M34: =K34/L34 -> #REF! | N34: =N33+H34-K34 -> 357828.32 | O34: =O33+J34-M34 -> #REF! | P34: 4월 송금 | S34: =S33-M34+J34 -> #REF!
B35: 45796 | C35: 수수료 | D35: Pan Shi Qiang | E35: 15 | F35: 해외지사비 | K35: 3.6 | L35: =#REF! -> #REF! | M35: =K35/L35 -> #REF! | N35: =N34+H35-K35 -> 357824.72 | O35: =O34+J35-M35 -> #REF! | P35: 4월 송금 | S35: =S34-M35+J35 -> #REF!
B36: 45796 | C36: 시내 교통비 | D36: Zhang Liang | E36: 16 | F36: 여비교통비 | G36: 해외 | K36: 536.62 | L36: =#REF! -> #REF! | M36: =K36/L36 -> #REF! | N36: =N35+H36-K36 -> 357288.1 | O36: =O35+J36-M36 -> #REF! | P36: 4월 송금 | S36: =S35-M36+J36 -> #REF!
B37: 45796 | C37: 출장비 | D37: Zhang Liang | E37: 17 | F37: 여비교통비 | G37: 해외 | K37: 5617.81 | L37: =#REF! -> #REF! | M37: =K37/L37 -> #REF! | N37: =N36+H37-K37 -> 351670.29 | O37: =O36+J37-M37 -> #REF! | P37: 4월 송금 | S37: =S36-M37+J37 -> #REF!
B38: 45796 | C38: 통신비 | D38: Zhang Liang | E38: 18 | F38: 통신비 | G38: 기타 | K38: 400 | L38: =#REF! -> #REF! | M38: =K38/L38 -> #REF! | N38: =N37+H38-K38 -> 351270.29 | O38: =O37+J38-M38 -> #REF! | P38: 4월 송금 | S38: =S37-M38+J38 -> #REF!
B39: 45796 | C39: 업무추진비 | D39: Zhang Liang | E39: 19 | F39: 업무추진비 | G39: 일반 | K39: 361 | L39: =#REF! -> #REF! | M39: =K39/L39 -> #REF! | N39: =N38+H39-K39 -> 350909.29 | O39: =O38+J39-M39 -> #REF! | P39: 4월 송금 | S39: =S38-M39+J39 -> #REF!
B40: 45796 | C40: 택배비 | D40: Zhang Liang | E40: 20 | F40: 해외지사비 | K40: 276.6 | L40: =#REF! -> #REF! | M40: =K40/L40 -> #REF! | N40: =N39+H40-K40 -> 350632.69 | O40: =O39+J40-M40 -> #REF! | P40: 4월 송금 | S40: =S39-M40+J40 -> #REF!
B41: 45796 | C41: 사무용픔 | D41: Zhang Liang | E41: 21 | F41: 해외지사비 | K41: 517 | L41: =#REF! -> #REF! | M41: =K41/L41 -> #REF! | N41: =N40+H41-K41 -> 350115.69 | O41: =O40+J41-M41 -> #REF! | P41: 4월 송금 | S41: =S40-M41+J41 -> #REF!
B42: 45796 | C42: 수수료 | D42: Zhang Liang | E42: 22 | F42: 해외지사비 | K42: 3.6 | L42: =#REF! -> #REF! | M42: =K42/L42 -> #REF! | N42: =N41+H42-K42 -> 350112.09 | O42: =O41+J42-M42 -> #REF! | P42: 4월 송금 | S42: =S41-M42+J42 -> #REF!
B43: 45796 | C43: 시내/시외 교통비 | D43: Lin Jie Ting | E43: 23 | F43: 여비교통비 | G43: 해외 | K43: 589.1 | L43: =#REF! -> #REF! | M43: =K43/L43 -> #REF! | N43: =N42+H43-K43 -> 349522.99 | O43: =O42+J43-M43 -> #REF! | P43: 4월 송금 | S43: =S42-M43+J43 -> #REF!
B44: 45796 | C44: 통신비 | D44: Lin Jie Ting | E44: 24 | F44: 통신비 | G44: 기타 | K44: 299.6 | L44: =#REF! -> #REF! | M44: =K44/L44 -> #REF! | N44: =N43+H44-K44 -> 349223.39 | O44: =O43+J44-M44 -> #REF! | P44: 4월 송금 | S44: =S43-M44+J44 -> #REF!
B45: 45796 | C45: 출장비 | D45: Lin Jie Ting | E45: 25 | F45: 여비교통비 | G45: 해외 | K45: 1259 | L45: =#REF! -> #REF! | M45: =K45/L45 -> #REF! | N45: =N44+H45-K45 -> 347964.39 | O45: =O44+J45-M45 -> #REF! | P45: 4월 송금 | S45: =S44-M45+J45 -> #REF!
B46: 45796 | C46: 업무추진비 | D46: Lin Jie Ting | E46: 26 | F46: 업무추진비 | G46: 일반 | K46: 2482 | L46: =#REF! -> #REF! | M46: =K46/L46 -> #REF! | N46: =N45+H46-K46 -> 345482.39 | O46: =O45+J46-M46 -> #REF! | P46: 4월 송금 | S46: =S45-M46+J46 -> #REF!
B47: 45796 | C47: 수수료 | D47: Lin Jie Ting | E47: 27 | F47: 해외지사비 | K47: 3.6 | L47: =#REF! -> #REF! | M47: =K47/L47 -> #REF! | N47: =N46+H47-K47 -> 345478.79 | O47: =O46+J47-M47 -> #REF! | P47: 4월 송금 | S47: =S46-M47+J47 -> #REF!
B48: 45796 | C48: 시내교통비 | D48: Piao Mei Ling | E48: 28 | F48: 여비교통비 | G48: 해외 | K48: 313.59 | L48: =#REF! -> #REF! | M48: =K48/L48 -> #REF! | N48: =N47+H48-K48 -> 345165.2 | O48: =O47+J48-M48 -> #REF! | P48: 4월 송금 | S48: =S47-M48+J48 -> #REF!
B49: 45796 | C49: 출장비 | D49: Piao Mei Ling | E49: 29 | F49: 여비교통비 | G49: 해외 | K49: 688.3 | L49: =#REF! -> #REF! | M49: =K49/L49 -> #REF! | N49: =N48+H49-K49 -> 344476.9 | O49: =O48+J49-M49 -> #REF! | P49: 4월 송금 | S49: =S48-M49+J49 -> #REF!
B50: 45796 | C50: 통신비 | D50: Piao Mei Ling | E50: 30 | F50: 통신비 | G50: 기타 | K50: 192.52 | L50: =#REF! -> #REF! | M50: =K50/L50 -> #REF! | N50: =N49+H50-K50 -> 344284.38 | O50: =O49+J50-M50 -> #REF! | P50: 4월 송금 | S50: =S49-M50+J50 -> #REF!
B51: 45796 | C51: 택배비 | D51: Piao Mei Ling | E51: 31 | F51: 해외지사비 | K51: 426.75 | L51: =#REF! -> #REF! | M51: 58.23 | N51: =N50+H51-K51 -> 343857.63 | O51: =O50+J51-M51 -> #REF! | P51: 4월 송금 | S51: =S50-M51+J51 -> #REF!
B52: 45796 | C52: 수수료 | D52: Piao Mei Ling | E52: 32 | F52: 해외지사비 | K52: 3.6 | L52: =#REF! -> #REF! | M52: =K52/L52 -> #REF! | N52: =N51+H52-K52 -> 343854.03 | O52: =O51+J52-M52 -> #REF! | P52: 4월 송금 | S52: =S51-M52+J52 -> #REF!
B53: 45796 | C53: 주유비 | D53: Chen Guo Liang | E53: 33 | F53: 여비교통비 | G53: 해외 | K53: =L53*M53 -> #REF! | L53: =#REF! -> #REF! | M53: 26.688709 | N53: =N52+H53-K53 -> #REF! | O53: =O52+J53-M53 -> #REF! | P53: 4월 송금 | S53: =S52-M53+J53 -> #REF!
B54: 45796 | C54: 주유비 | D54: Chen Guo Liang | E54: 33 | F54: 여비교통비 | G54: 해외 | K54: =3060-K53 -> #REF! | L54: =#REF! -> #REF! | M54: =K54/L54 -> #REF! | N54: =N53+H54-K54 -> #REF! | O54: =O53+J54-M54 -> #REF! | P54: 5월 송금 | S54: =47865-M54+J54 -> #REF!
B55: 45796 | C55: 주차비 | D55: Chen Guo Liang | E55: 34 | F55: 여비교통비 | G55: 해외 | K55: 179 | L55: =#REF! -> #REF! | M55: =K55/L55 -> #REF! | N55: =N54+H55-K55 -> #REF! | O55: =O54+J55-M55 -> #REF! | P55: 5월 송금 | S55: =S54-M55+J55 -> #REF!
B56: 45796 | C56: 톨비 | D56: Chen Guo Liang | E56: 35 | F56: 여비교통비 | G56: 해외 | K56: 852 | L56: =#REF! -> #REF! | M56: =K56/L56 -> #REF! | N56: =N55+H56-K56 -> #REF! | O56: =O55+J56-M56 -> #REF! | P56: 5월 송금 | S56: =S55-M56+J56 -> #REF!
B57: 45796 | C57: 수수료 | D57: Chen Guo Liang | E57: 36 | F57: 해외지사비 | K57: 3.6 | L57: =#REF! -> #REF! | M57: =K57/L57 -> #REF! | N57: =N56+H57-K57 -> #REF! | O57: =O56+J57-M57 -> #REF! | P57: 5월 송금 | S57: =S56-M57+J57 -> #REF!
B58: 45796 | C58: 톨비 | D58: Liu Ming Liang | E58: 37 | F58: 여비교통비 | G58: 해외 | K58: 551 | L58: =#REF! -> #REF! | M58: =K58/L58 -> #REF! | N58: =N57+H58-K58 -> #REF! | O58: =O57+J58-M58 -> #REF! | P58: 5월 송금 | S58: =S57-M58+J58 -> #REF!
B59: 45796 | C59: 주유비 | D59: Liu Ming Liang | E59: 38 | F59: 여비교통비 | G59: 해외 | K59: 2361 | L59: =#REF! -> #REF! | M59: =K59/L59 -> #REF! | N59: =N58+H59-K59 -> #REF! | O59: =O58+J59-M59 -> #REF! | P59: 5월 송금 | S59: =S58-M59+J59 -> #REF!
B60: 45796 | C60: 주차비 | D60: Liu Ming Liang | E60: 39 | F60: 여비교통비 | G60: 해외 | K60: 84 | L60: =#REF! -> #REF! | M60: =K60/L60 -> #REF! | N60: =N59+H60-K60 -> #REF! | O60: =O59+J60-M60 -> #REF! | P60: 5월 송금 | S60: =S59-M60+J60 -> #REF!
B61: 45796 | C61: 수수료 | D61: Liu Ming Liang | E61: 40 | F61: 해외지사비 | K61: 3.6 | L61: =#REF! -> #REF! | M61: =K61/L61 -> #REF! | N61: =N60+H61-K61 -> #REF! | O61: =O60+J61-M61 -> #REF! | P61: 5월 송금 | S61: =S60-M61+J61 -> #REF!
B62: 45796 | C62: 차량 Rent비 | E62: 41 | F62: 지급임차료 | G62: 차량임차료 | K62: 10500 | L62: =#REF! -> #REF! | M62: =K62/L62 -> #REF! | N62: =N61+H62-K62 -> #REF! | O62: =O61+J62-M62 -> #REF! | P62: 5월 송금 | S62: =S61-M62+J62 -> #REF!
B63: 45796 | C63: 차량 기사비 | E63: 41 | F63: 해외지사비 | K63: 6000 | L63: =#REF! -> #REF! | M63: =K63/L63 -> #REF! | N63: =N62+H63-K63 -> #REF! | O63: =O62+J63-M63 -> #REF! | P63: 5월 송금 | S63: =S62-M63+J63 -> #REF!
B64: 45796 | C64: 기사 야근비용 | E64: 41 | F64: 해외지사비 | K64: 660 | L64: =#REF! -> #REF! | M64: =K64/L64 -> #REF! | N64: =N63+H64-K64 -> #REF! | O64: =O63+J64-M64 -> #REF! | P64: 5월 송금 | S64: =S63-M64+J64 -> #REF!
B65: 45796 | C65: 차량 Rent비 | E65: 41 | F65: 지급임차료 | G65: 차량임차료 | K65: 7000 | L65: =#REF! -> #REF! | M65: =K65/L65 -> #REF! | N65: =N64+H65-K65 -> #REF! | O65: =O64+J65-M65 -> #REF! | P65: 5월 송금 | S65: =S64-M65+J65 -> #REF!
B66: 45796 | C66: 차량 기사비 | E66: 41 | F66: 해외지사비 | K66: 6000 | L66: =#REF! -> #REF! | M66: =K66/L66 -> #REF! | N66: =N65+H66-K66 -> #REF! | O66: =O65+J66-M66 -> #REF! | P66: 5월 송금 | S66: =S65-M66+J66 -> #REF!
B67: 45796 | C67: 기사 야근비용 | E67: 41 | F67: 해외지사비 | K67: 140 | L67: =#REF! -> #REF! | M67: =K67/L67 -> #REF! | N67: =N66+H67-K67 -> #REF! | O67: =O66+J67-M67 -> #REF! | P67: 5월 송금 | S67: =S66-M67+J67 -> #REF!
B68: 45796 | C68: 차량 Rent비 | E68: 41 | F68: 지급임차료 | G68: 차량임차료 | K68: 3096 | L68: =#REF! -> #REF! | M68: =K68/L68 -> #REF! | N68: =N67+H68-K68 -> #REF! | O68: =O67+J68-M68 -> #REF! | P68: 5월 송금 | S68: =S67-M68+J68 -> #REF!
B69: 45796 | C69: 차량 기사비 | E69: 41 | F69: 해외지사비 | K69: 3096 | L69: =#REF! -> #REF! | M69: =K69/L69 -> #REF! | N69: =N68+H69-K69 -> #REF! | O69: =O68+J69-M69 -> #REF! | P69: 5월 송금 | S69: =S68-M69+J69 -> #REF!
B70: 45796 | C70: 은행수수료 | E70: 42 | F70: 해외지사비 | K70: 7.2 | L70: =#REF! -> #REF! | M70: =K70/L70 -> #REF! | N70: =N69+H70-K70 -> #REF! | O70: =O69+J70-M70 -> #REF! | P70: 5월 송금 | S70: =S69-M70+J70 -> #REF!
B71: 45797 | C71: 업무추진비 | D71: 김명관 | E71: 43 | F71: 업무추진비 | G71: 일반 | K71: 14265.08 | L71: =#REF! -> #REF! | M71: =K71/L71 -> #REF! | N71: =N70+H71-K71 -> #REF! | O71: =O70+J71-M71 -> #REF! | P71: 5월 송금 | S71: =S70-M71+J71 -> #REF!
B72: 45797 | C72: 출장비 | D72: 김명관 | E72: 44 | F72: 여비교통비 | G72: 해외 | K72: 11800.94 | L72: =#REF! -> #REF! | M72: =K72/L72 -> #REF! | N72: =N71+H72-K72 -> #REF! | O72: =O71+J72-M72 -> #REF! | P72: 5월 송금 | S72: =S71-M72+J72 -> #REF!
B73: 45797 | C73: 시내교통비 | D73: 김명관 | E73: 45 | F73: 여비교통비 | G73: 해외 | K73: 35.74 | L73: =#REF! -> #REF! | M73: =K73/L73 -> #REF! | N73: =N72+H73-K73 -> #REF! | O73: =O72+J73-M73 -> #REF! | P73: 5월 송금 | S73: =S72-M73+J73 -> #REF!
B74: 45797 | C74: 통신비 | D74: 김명관 | E74: 46 | F74: 통신비 | G74: 기타 | K74: 300 | L74: =#REF! -> #REF! | M74: =K74/L74 -> #REF! | N74: =N73+H74-K74 -> #REF! | O74: =O73+J74-M74 -> #REF! | P74: 5월 송금 | S74: =S73-M74+J74 -> #REF!
B75: 45797 | C75: 은행수수료 | D75: 김명관 | E75: 47 | F75: 해외지사비 | K75: 7.2 | L75: =#REF! -> #REF! | M75: =K75/L75 -> #REF! | N75: =N74+H75-K75 -> #REF! | O75: =O74+J75-M75 -> #REF! | P75: 5월 송금 | S75: =S74-M75+J75 -> #REF!
B76: 45797 | C76: 사무실 운영비(24년 회계심사비) | E76: 48 | F76: 해외지사비 | K76: 9010 | L76: =#REF! -> #REF! | M76: =K76/L76 -> #REF! | N76: =N75+H76-K76 -> #REF! | O76: =O75+J76-M76 -> #REF! | P76: 5월 송금 | R76: 24년 회계심사비 | S76: =S75-M76+J76 -> #REF!
B77: 45797 | C77: 은행수수료 | E77: 49 | F77: 해외지사비 | K77: 3.6 | L77: =#REF! -> #REF! | M77: =K77/L77 -> #REF! | N77: =N76+H77-K77 -> #REF! | O77: =O76+J77-M77 -> #REF! | P77: 5월 송금 | S77: =S76-M77+J77 -> #REF!
B78: 45800 | C78: 사무실 운영비(신한은행 이체 프로그램 비용) | E78: 50 | F78: 해외지사비 | K78: 80 | L78: =#REF! -> #REF! | M78: =K78/L78 -> #REF! | N78: =N77+H78-K78 -> #REF! | O78: =O77+J78-M78 -> #REF! | P78: 5월 송금 | R78: 신한은행 이체 프로그램 비용 | S78: =S77-M78+J78 -> #REF!
B79: 45800 | C79: 주재원 주재수당 | E79: 51 | F79: 해외지사비 | K79: 16000 | L79: =#REF! -> #REF! | M79: =K79/L79 -> #REF! | N79: =N78+H79-K79 -> #REF! | O79: =O78+J79-M79 -> #REF! | P79: 5월 송금 | R79: 김명관 수석 | S79: =S78-M79+J79 -> #REF!
B80: 45800 | C80: 주재원 주택수당 | E80: 51 | F80: 해외지사비 | K80: 24000 | L80: =#REF! -> #REF! | M80: =K80/L80 -> #REF! | N80: =N79+H80-K80 -> #REF! | O80: =O79+J80-M80 -> #REF! | P80: 5월 송금 | S80: =S79-M80+J80 -> #REF!
B81: 45800 | C81: 보험(주재원/현채인) | E81: 51 | F81: 해외지사비 | K81: 9305.19 | L81: =#REF! -> #REF! | M81: =K81/L81 -> #REF! | N81: =N80+H81-K81 -> #REF! | O81: =O80+J81-M81 -> #REF! | P81: 5월 송금 | S81: =S80-M81+J81 -> #REF!
B82: 45800 | C82: 세금(주재원/현채인) | E82: 51 | F82: 해외지사비 | K82: 4468.8 | L82: =#REF! -> #REF! | M82: =K82/L82 -> #REF! | N82: =N81+H82-K82 -> #REF! | O82: =O81+J82-M82 -> #REF! | P82: 5월 송금 | S82: =S81-M82+J82 -> #REF!
B83: 45800 | C83: 대행수수료 | E83: 51 | F83: 해외지사비 | K83: 300 | L83: =#REF! -> #REF! | M83: =K83/L83 -> #REF! | N83: =N82+H83-K83 -> #REF! | O83: =O82+J83-M83 -> #REF! | P83: 5월 송금 | S83: =S82-M83+J83 -> #REF!
B84: 45800 | C84: 주재원 주재수당 | E84: 51 | F84: 해외지사비 | K84: 16000 | L84: =#REF! -> #REF! | M84: =K84/L84 -> #REF! | N84: =N83+H84-K84 -> #REF! | O84: =O83+J84-M84 -> #REF! | P84: 5월 송금 | R84: 신순연 책임 | S84: =S83-M84+J84 -> #REF!
B85: 45800 | C85: 주재원 주택수당 | E85: 51 | F85: 해외지사비 | K85: 24000 | L85: =#REF! -> #REF! | M85: =K85/L85 -> #REF! | N85: =N84+H85-K85 -> #REF! | O85: =O84+J85-M85 -> #REF! | P85: 5월 송금 | S85: =S84-M85+J85 -> #REF!
B86: 45800 | C86: 보험(주재원/현채인) | E86: 51 | F86: 해외지사비 | K86: 5305.19 | L86: =#REF! -> #REF! | M86: =K86/L86 -> #REF! | N86: =N85+H86-K86 -> #REF! | O86: =O85+J86-M86 -> #REF! | P86: 5월 송금 | S86: =S85-M86+J86 -> #REF!
B87: 45800 | C87: 세금(주재원/현채인) | E87: 51 | F87: 해외지사비 | K87: 5620.8 | L87: =#REF! -> #REF! | M87: =K87/L87 -> #REF! | N87: =N86+H87-K87 -> #REF! | O87: =O86+J87-M87 -> #REF! | P87: 5월 송금 | S87: =S86-M87+J87 -> #REF!
B88: 45800 | C88: 대행수수료 | E88: 51 | F88: 해외지사비 | K88: 300 | L88: =#REF! -> #REF! | M88: =K88/L88 -> #REF! | N88: =N87+H88-K88 -> #REF! | O88: =O87+J88-M88 -> #REF! | P88: 5월 송금 | S88: =S87-M88+J88 -> #REF!
B89: 45800 | C89: 현채인 월급 | E89: 51 | F89: 해외지사비 | K89: 25750 | L89: =#REF! -> #REF! | M89: =K89/L89 -> #REF! | N89: =N88+H89-K89 -> #REF! | O89: =O88+J89-M89 -> #REF! | P89: 5월 송금 | R89: FAE (Pan Shi Qiang) 7/1 입사 潘世强 | S89: =S88-M89+J89 -> #REF!
B90: 45800 | C90: 보너스 | E90: 51 | F90: 해외지사비 | K90: 1000 | L90: =#REF! -> #REF! | M90: =K90/L90 -> #REF! | N90: =N89+H90-K90 -> #REF! | O90: =O89+J90-M90 -> #REF! | P90: 5월 송금 | S90: =S89-M90+J90 -> #REF!
B91: 45800 | C91: 보험비(회사납부) 公司缴纳部分合计 | E91: 51 | F91: 해외지사비 | K91: 7431.44 | L91: =#REF! -> #REF! | M91: =K91/L91 -> #REF! | N91: =N90+H91-K91 -> #REF! | O91: =O90+J91-M91 -> #REF! | P91: 5월 송금 | S91: =S90-M91+J91 -> #REF!
B92: 45800 | C92: 대행수수료 | E92: 51 | F92: 해외지사비 | K92: 300 | L92: =#REF! -> #REF! | M92: =K92/L92 -> #REF! | N92: =N91+H92-K92 -> #REF! | O92: =O91+J92-M92 -> #REF! | P92: 5월 송금 | S92: =S91-M92+J92 -> #REF!
B93: 45800 | C93: 일비 | E93: 51 | F93: 해외지사비 | K93: 200 | L93: =#REF! -> #REF! | M93: =K93/L93 -> #REF! | N93: =N92+H93-K93 -> #REF! | O93: =O92+J93-M93 -> #REF! | P93: 5월 송금 | S93: =S92-M93+J93 -> #REF!
B94: 45800 | C94: 현채인 월급 | E94: 51 | F94: 해외지사비 | K94: 13390 | L94: =#REF! -> #REF! | M94: =K94/L94 -> #REF! | N94: =N93+H94-K94 -> #REF! | O94: =O93+J94-M94 -> #REF! | P94: 5월 송금 | R94: 张亮(Zhang Liang) 23/8/1 입사 | S94: =S93-M94+J94 -> #REF!
B95: 45800 | C95: 보너스 | E95: 51 | F95: 해외지사비 | K95: 1000 | L95: =#REF! -> #REF! | M95: =K95/L95 -> #REF! | N95: =N94+H95-K95 -> #REF! | O95: =O94+J95-M95 -> #REF! | P95: 5월 송금 | S95: =S94-M95+J95 -> #REF!
B96: 45800 | C96: 보험비(회사납부) 公司缴纳部分合计 | E96: 51 | F96: 해외지사비 | K96: 3281.57 | L96: =#REF! -> #REF! | M96: =K96/L96 -> #REF! | N96: =N95+H96-K96 -> #REF! | O96: =O95+J96-M96 -> #REF! | P96: 5월 송금 | S96: =S95-M96+J96 -> #REF!
B97: 45800 | C97: 대행수수료 | E97: 51 | F97: 해외지사비 | K97: 300 | L97: =#REF! -> #REF! | M97: =K97/L97 -> #REF! | N97: =N96+H97-K97 -> #REF! | O97: =O96+J97-M97 -> #REF! | P97: 5월 송금 | S97: =S96-M97+J97 -> #REF!
B98: 45800 | C98: 일비 | E98: 51 | F98: 해외지사비 | K98: 1100 | L98: =#REF! -> #REF! | M98: =K98/L98 -> #REF! | N98: =N97+H98-K98 -> #REF! | O98: =O97+J98-M98 -> #REF! | P98: 5월 송금 | S98: =S97-M98+J98 -> #REF!
B99: 45800 | C99: 현채인 월급 | E99: 51 | F99: 해외지사비 | K99: 25750 | L99: =#REF! -> #REF! | M99: =K99/L99 -> #REF! | N99: =N98+H99-K99 -> #REF! | O99: =O98+J99-M99 -> #REF! | P99: 5월 송금 | R99: 林洁婷 임결정 23/9/18 입사 | S99: =S98-M99+J99 -> #REF!
B100: 45800 | C100: 보너스 | E100: 51 | F100: 해외지사비 | K100: 1000 | L100: =#REF! -> #REF! | M100: =K100/L100 -> #REF! | N100: =N99+H100-K100 -> #REF! | O100: =O99+J100-M100 -> #REF! | P100: 5월 송금 | S100: =S99-M100+J100 -> #REF!
B101: 45800 | C101: 보험비(회사납부) 公司缴纳部分合计 | E101: 51 | F101: 해외지사비 | K101: 7431.44 | L101: =#REF! -> #REF! | M101: =K101/L101 -> #REF! | N101: =N100+H101-K101 -> #REF! | O101: =O100+J101-M101 -> #REF! | P101: 5월 송금 | S101: =S100-M101+J101 -> #REF!
...

Sheet 2026-05
B2: ▶ 00년 00월 전도금 정산 내역 (심천지사)_4000061 (B2F590) | H2: 보증금 입금 내역_1,234.5 (#1900000828 / #1200000234 / #100013313)
B3: 00년 00월 송금_1405.60 (#) | F3: 1405.6 | H3: 00년 00월 송금_1358.90 (#) | L3: 1358.9
B4: 대계정 | C4: 소계정 | D4: 금액 (CNY) | E4: 금액 (USD) | F4: 금액 (KRW) | H4: 대계정 | I4: 소계정 | J4: 금액 (CNY) | K4: 금액 (USD) | L4: 금액 (KRW)
A5: 51131050 | B5: 업무추진비 | C5: 일반 | F5: =ROUND(E5*$F$3,0) -> 0 | H5: 업무추진비 | I5: 일반 | L5: =ROUND(K5*$L$3,0) -> 0 | S5: =F5+L5+R5 -> 0
A6: 51061030 | B6: 여비교통비 | C6: 해외 | F6: =ROUND(E6*$F$3,0) -> 0 | H6: 여비교통비 | I6: 해외 | L6: =ROUND(K6*$L$3,0) -> 0 | S6: =F6+L6+R6 -> 0
A7: 51201020 | B7: 지급임차료 | C7: 사무실임차료 | F7: =ROUND(E7*$F$3,0) -> 0 | H7: 지급임차료 | I7: 사무실임차료 | L7: =ROUND(K7*$L$3,0) -> 0 | S7: =F7+L7+R7 -> 0
A8: 51201030 | B8: 지급임차료 | C8: 차량임차료 | F8: =ROUND(E8*$F$3,0) -> 0 | H8: 지급임차료 | I8: 차량임차료 | L8: =ROUND(K8*$L$3,0) -> 0 | S8: =F8+L8+R8 -> 0
A9: 51071700 | B9: 통신비 | C9: 기타 | F9: =ROUND(E9*$F$3,0) -> 0 | H9: 통신비 | I9: 기타 | L9: =ROUND(K9*$L$3,0) -> 0
A10: 51321010 | B10: 해외지사비 | F10: =ROUND(E10*$F$3,0) -> 0 | H10: 해외지사비 | L10: =ROUND(K10*$L$3,0) -> 0
B11: 세금과공과 | C11: 기타 | F11: =ROUND(E11*$F$3,0) -> 0 | H11: 세금과공과 | I11: 기타 | L11: =ROUND(K11*$L$3,0) -> 0
A12: 51031020 | B12: 급여(incentive) | C12: 성과급여조정 | G12: =G14/G13 -> #REF! | H12: 급여(incentive) | I12: 포상금 | L12: =ROUND(K12*$L$3,0) -> 0
A13: 52981010 | B13: (-)잡이익(50) | C13: (-)잡이익 | F13: =ROUND(E13*$F$3,0) -> 0 | G13: =E14+R14+U14 -> 0 | H13: (-)잡이익(50) | I13: (-)잡이익 | L13: =ROUND(K13*$L$3,0) -> 0
B14: Total | D14: =SUM(D5:D12)-D13 -> 0 | E14: =SUM(E5:E12)-E13 -> 0 | F14: =SUM(F5:F12)-F13 -> 0 | G14: =F14+#REF!+V14 -> #REF! | H14: Total | J14: =SUM(J5:J12)-J13 -> 0 | K14: =SUM(K5:K12)-K13 -> 0 | L14: =SUM(L5:L12)-L13 -> 0
J15: =J14-J13 -> 0 | K15: =K14-K13 -> 0 | L15: =L14-L13 -> 0
I18: =SUBTOTAL(9,J21:J96) -> 438992.36 | K18: =SUBTOTAL(9,L21:L96) -> 64496.45 | L18: =SUBTOTAL(9,M21:M96) -> 671764.9 | M18: =SUBTOTAL(9,O21:O109) -> 100805.4 | N18: =SUBTOTAL(9,O21:O96) -> 99568.997
B19: 날짜 | E19: 내역 | F19: 담당자 | G19: 증빙번호 | H19: 대계정 | I19: 소계정 | J19: 입금 | M19: 출금 | P19: 잔액 | R19: 비고 | S19: 시스템 판독
B20: 출금일자 | C20: 증빙일자 | D20: 증빙번호(FULL) | E20: 내역 | F20: 담당자 | G20: 증빙번호 | H20: 대계정 | I20: 소계정 | J20: CNY | K20: 환산요율 | L20: USD | M20: CNY | N20: 환산요율 | O20: USD | P20: CNY | Q20: USD | R20: 비고 | S20: 시스템 판독
B21: 2026-04-30 | P21: 0 | Q21: 0
B22: 2026-05-06 | C22: 2026-05-06 | E22: USD입금/RMB환전 CNY 36153.32 | F22: 심천지사 | G22: 1 | H22: X | I22: 전도금 입금 | J22: 36153.32 | K22: 6.93 | L22: 5226.93 | P22: =P21+J22-M22 -> 36153.32 | Q22: =Q21+L22-O22 -> 5226.93 | S22: ✅ 입금 확인 (USD: 5226.93 / 환산요율: 6.93 / 수수료 USD: 10) 파표 외 영수증
B23: 2026-05-06 | C23: 2026-05-06 | E23: USD입금/RMB환전 수수료 USD 10 | F23: 심천지사 | G23: 1 | H23: 해외지사비 | I23: 전도금 입금 | M23: =O23*N23 -> 0 | O23: 10 | P23: =P22+J23-M23 -> 36153.32 | Q23: =Q22+L23-O23 -> 5216.93 | S23: ✅ 입금 확인 (USD: 5226.93 / 환산요율: 6.93 / 수수료 USD: 10) 파표 외 영수증
B24: 2026-05-18 | C24: 2026-05-18 | E24: USD입금/RMB환전 CNY 402839.04 | F24: 심천지사 | G24: 2 | H24: X | I24: 전도금 입금 | J24: 402839.04 | K24: 6.7996 | L24: 59269.52 | P24: =P23+J24-M24 -> 438992.36 | Q24: =Q23+L24-O24 -> 64486.45 | S24: ✅ 입금 확인 (USD: 59269.52 / 환산요율: 6.7996 / 수수료 USD: 25) 파표 외 영수증
B25: 2026-05-18 | C25: 2026-05-18 | E25: USD입금/RMB환전 수수료 USD 25 | F25: 심천지사 | G25: 2 | H25: 해외지사비 | I25: 전도금 입금 | M25: =O25*N25 -> 0 | O25: 25 | P25: =P24+J25-M25 -> 438992.36 | Q25: =Q24+L25-O25 -> 64461.45 | S25: ✅ 입금 확인 (USD: 59269.52 / 환산요율: 6.7996 / 수수료 USD: 25) 파표 외 영수증
B26: 2026-05-12 | C26: 2026-05-03 | D26: 26952000001805357341 | E26: 차량 Rent비 | F26: 심천지사 | G26: 3 | H26: 해외지사비 | M26: 3.6 | N26: ='통장내역(환율표)'!D94 -> 6.7491 | O26: =M26/N26 -> 0.53340446 | P26: =P25+J26-M26 -> 438988.76 | Q26: =Q25+L26-O26 -> 64460.917 | S26: ✅ 금액 일치
B27: 2026-05-12 | C27: 2026-05-03 | D27: 26952000001805650846 | E27: 차량 기사비 | F27: 심천지사 | G27: 4 | H27: 업무추진비 | I27: 일반 | M27: 258 | N27: ='통장내역(환율표)'!D94 -> 6.7491 | O27: =M27/N27 -> 38.227319 | P27: =P26+J27-M27 -> 438730.76 | Q27: =Q26+L27-O27 -> 64422.689 | S27: [⚠️ 금액 불일치 (이체 5,680.95 / 영수증 26,072.78)] 파표 회사코드 불일치/누락
B28: 2026-05-12 | C28: 2026-05-03 | D28: 26952000001805651776 | E28: 기사 야근비용 | F28: 심천지사 | G28: 5 | H28: 업무추진비 | M28: 873 | N28: ='통장내역(환율표)'!D94 -> 6.7491 | O28: =M28/N28 -> 129.35058 | P28: =P27+J28-M28 -> 437857.76 | Q28: =Q27+L28-O28 -> 64293.339 | S28: 파표 회사코드 불일치/누락
B29: 2026-05-12 | C29: 2026-05-03 | D29: 26952000001805065096 | E29: 차량 Rent비 | F29: 심천지사 | G29: 6 | H29: 업무추진비 | M29: 792.08 | N29: ='통장내역(환율표)'!D94 -> 6.7491 | O29: =M29/N29 -> 117.36083 | P29: =P28+J29-M29 -> 437065.68 | Q29: =Q28+L29-O29 -> 64175.978
B30: 2026-05-12 | C30: 2026-05-03 | D30: 26952000001805951821 | E30: 차량 기사비 | F30: 심천지사 | G30: 7 | H30: 업무추진비 | M30: 402 | N30: ='통장내역(환율표)'!D94 -> 6.7491 | O30: =M30/N30 -> 59.563497 | P30: =P29+J30-M30 -> 436663.68 | Q30: =Q29+L30-O30 -> 64116.414
B31: 2026-05-12 | C31: 2026-05-03 | D31: 26952000001805218291 | E31: 기사 야근비용 | F31: 심천지사 | G31: 8 | H31: 업무추진비 | M31: 297 | N31: ='통장내역(환율표)'!D94 -> 6.7491 | O31: =M31/N31 -> 44.005868 | P31: =P30+J31-M31 -> 436366.68 | Q31: =Q30+L31-O31 -> 64072.408 | S31: [⚠️ 금액 불일치 (이체 1,019.60 / 영수증 9,058.00)]
B32: 2026-05-12 | C32: 2026-05-06 | D32: 26952000001838818096 | E32: 세무 대행비 | F32: 심천지사 | G32: 9 | H32: 해외지사비 | M32: 676 | N32: ='통장내역(환율표)'!D94 -> 6.7491 | O32: =M32/N32 -> 100.1615 | P32: =P31+J32-M32 -> 435690.68 | Q32: =Q31+L32-O32 -> 63972.247
B33: 2026-05-12 | C33: 2026-05-06 | D33: 26952000001839468886 | E33: 세무 대행비 | F33: 심천지사 | G33: 10 | H33: 여비교통비 | I33: 해외 | M33: 51.1 | N33: ='통장내역(환율표)'!D94 -> 6.7491 | O33: =M33/N33 -> 7.5713799 | P33: =P32+J33-M33 -> 435639.58 | Q33: =Q32+L33-O33 -> 63964.676
B34: 2026-05-12 | C34: 2026-05-21 | D34: 26952000002085925876 | E34: 3월 사무실 전기세 | F34: 심천지사 | G34: 11 | H34: 여비교통비 | I34: 해외 | M34: 87.9 | N34: ='통장내역(환율표)'!D94 -> 6.7491 | O34: =M34/N34 -> 13.023959 | P34: =P33+J34-M34 -> 435551.68 | Q34: =Q33+L34-O34 -> 63951.652
B35: 2026-05-12 | C35: 2026-05-21 | D35: 26952000002085292786 | E35: 3월 사무실 전기세 | F35: 심천지사 | G35: 12 | H35: 여비교통비 | I35: 해외 | M35: 37.9 | N35: ='통장내역(환율표)'!D94 -> 6.7491 | O35: =M35/N35 -> 5.6155636 | P35: =P34+J35-M35 -> 435513.78 | Q35: =Q34+L35-O35 -> 63946.036
B36: 2026-05-12 | C36: 2026-05-21 | E36: 교통비 | F36: 심천지사 | G36: 13 | H36: 여비교통비 | I36: 해외 | M36: 52.7 | N36: ='통장내역(환율표)'!D94 -> 6.7491 | O36: =M36/N36 -> 7.8084486 | P36: =P35+J36-M36 -> 435461.08 | Q36: =Q35+L36-O36 -> 63938.228 | S36: [⚠️ 금액 불일치 (이체 8,707.90 / 영수증 9,353.40)] 파표 외 영수증
B37: 2026-05-12 | C37: 2026-05-21 | D37: 26952000002080236721 | E37: 차량 Rent비 | F37: 심천지사 | G37: 14 | H37: 통신비 | I37: 기타 | M37: 417 | N37: ='통장내역(환율표)'!D94 -> 6.7491 | O37: =M37/N37 -> 61.786016 | P37: =P36+J37-M37 -> 435044.08 | Q37: =Q36+L37-O37 -> 63876.442
B38: 2026-05-12 | C38: 2026-05-21 | D38: 26952000002080364596 | E38: 차량 기사비 | F38: 심천지사 | G38: 15 | H38: 통신비 | I38: 기타 | M38: 499 | N38: ='통장내역(환율표)'!D94 -> 6.7491 | O38: =M38/N38 -> 73.935784 | P38: =P37+J38-M38 -> 434545.08 | Q38: =Q37+L38-O38 -> 63802.506
B39: 2026-05-12 | C39: 2026-05-21 | D39: 26952000002079537391 | E39: 기사 야근비용 | F39: 심천지사 | G39: 16 | H39: 업무추진비 | I39: 일반 | M39: 693 | N39: ='통장내역(환율표)'!D94 -> 6.7491 | O39: =M39/N39 -> 102.68036 | P39: =P38+J39-M39 -> 433852.08 | Q39: =Q38+L39-O39 -> 63699.825
B40: 2026-05-12 | C40: 2026-05-12 | E40: 은행수수료 | F40: 심천지사 | G40: 17 | H40: 해외지사비 | M40: 3.6 | N40: ='통장내역(환율표)'!D94 -> 6.7491 | O40: =M40/N40 -> 0.53340446 | P40: =P39+J40-M40 -> 433848.48 | Q40: =Q39+L40-O40 -> 63699.292 | S40: [⚠️ 금액 불일치 (이체 16,850.00 / 영수증 5,140.28)]
B41: 2026-05-19 | C41: 2026-05-19 | E41: 은행수수료 | F41: 심천지사 | G41: 18 | H41: 해외지사비 | M41: 7.2 | N41: ='통장내역(환율표)'!D94 -> 6.7491 | O41: =M41/N41 -> 1.0668089 | P41: =P40+J41-M41 -> 433841.28 | Q41: =Q40+L41-O41 -> 63698.225 | S41: [⚠️ 금액 불일치 (이체 89.25 / 영수증 0.00)]
B42: 2026-05-23 | C42: 2026-05-23 | E42: 은행수수료 | F42: 심천지사 | G42: 19 | H42: 해외지사비 | M42: 3.6 | N42: ='통장내역(환율표)'!D94 -> 6.7491 | O42: =M42/N42 -> 0.53340446 | P42: =P41+J42-M42 -> 433837.68 | Q42: =Q41+L42-O42 -> 63697.692 | S42: [⚠️ 금액 불일치 (이체 17.00 / 영수증 0.00)]
B43: 2026-05-23 | C43: 2026-05-23 | E43: 은행수수료 | F43: 심천지사 | G43: 20 | H43: 해외지사비 | M43: 7.2 | N43: ='통장내역(환율표)'!D94 -> 6.7491 | O43: =M43/N43 -> 1.0668089 | P43: =P42+J43-M43 -> 433830.48 | Q43: =Q42+L43-O43 -> 63696.625 | S43: [⚠️ 금액 불일치 (이체 13.00 / 영수증 0.00)]
B44: 2026-05-23 | C44: 2026-05-23 | E44: 은행수수료 | F44: 심천지사 | G44: 21 | H44: 해외지사비 | M44: 3.6 | N44: ='통장내역(환율표)'!D94 -> 6.7491 | O44: =M44/N44 -> 0.53340446 | P44: =P43+J44-M44 -> 433826.88 | Q44: =Q43+L44-O44 -> 63696.092 | S44: ⚠️ 금액 불일치 (이체 5,432.35 / 영수증 22,105.93) ✅ 수동 정정 및 검증완료
B45: 2026-05-23 | C45: 2026-05-23 | E45: 급여 | F45: 심천지사 | G45: 21 | H45: 해외지사비 | M45: 280937.55 | N45: ='통장내역(환율표)'!D94 -> 6.7491 | O45: =M45/N45 -> 41625.928 | P45: =P44+J45-M45 -> 152889.33 | Q45: =Q44+L45-O45 -> 22070.164 | S45: [⚠️ 금액 불일치 (이체 5,432.35 / 영수증 22,105.93)]
B46: 2026-05-23 | C46: 2026-04-23 | D46: 02971103 | E46: 深埔市综团瑞会工淀装有限公司司 | F46: Chen Feng Ju | G46: 22 | H46: X | I46: 전도금 입금 | M46: 0 | N46: ='통장내역(환율표)'!D94 -> 6.7491 | O46: =M46/N46 -> 0 | P46: =P45+J46-M46 -> 152889.33 | Q46: =Q45+L46-O46 -> 22070.164 | S46: 파표 회사코드 불일치/누락
B47: 2026-05-23 | C47: 2026-04-24 | D47: 26957000000111397399 | E47: 주유비 | F47: Chen Feng Ju | G47: 23 | H47: X | I47: 전도금 입금 | M47: 29500 | N47: ='통장내역(환율표)'!D94 -> 6.7491 | O47: =M47/N47 -> 4370.9532 | P47: =P46+J47-M47 -> 123389.33 | Q47: =Q46+L47-O47 -> 17699.21
B48: 2026-05-23 | C48: 2026-04-28 | D48: 26957000000113572716 | E48: 주유비 | F48: Chen Feng Ju | G48: 24 | H48: 지급임차료 | I48: 차량임차료 | M48: 7000 | N48: ='통장내역(환율표)'!D94 -> 6.7491 | O48: =M48/N48 -> 1037.1753 | P48: =P47+J48-M48 -> 116389.33 | Q48: =Q47+L48-O48 -> 16662.035 | S48: ✅ 금액 일치
B49: 2026-05-23 | C49: 2026-04-28 | D49: 06911008 | E49: 广州市人民商广设份有际公司电话84356163 | F49: Chen Feng Ju | G49: 25 | H49: 해외지사비 | M49: 7000 | N49: ='통장내역(환율표)'!D94 -> 6.7491 | O49: =M49/N49 -> 1037.1753 | P49: =P48+J49-M49 -> 109389.33 | Q49: =Q48+L49-O49 -> 15624.86 | S49: [⚠️ 금액 불일치 (이체 5,680.95 / 영수증 26,072.78)] 파표 회사코드 불일치/누락
B50: 2026-05-23 | C50: 2026-05-01 | D50: 26957000000115325725 | E50: 주유비 | F50: Chen Feng Ju | G50: 26 | H50: 해외지사비 | M50: 6000 | N50: ='통장내역(환율표)'!D94 -> 6.7491 | O50: =M50/N50 -> 889.00743 | P50: =P49+J50-M50 -> 103389.33 | Q50: =Q49+L50-O50 -> 14735.852
B51: 2026-05-23 | C51: 2026-05-08 | D51: 26957000000123052708 | E51: 주유비 | F51: Chen Feng Ju | G51: 27 | H51: 지급임차료 | I51: 차량임차료 | M51: 6000 | N51: ='통장내역(환율표)'!D94 -> 6.7491 | O51: =M51/N51 -> 889.00743 | P51: =P50+J51-M51 -> 97389.33 | Q51: =Q50+L51-O51 -> 13846.845
B52: 2026-05-23 | C52: 2026-05-14 | D52: 26957000000128763467 | E52: 주유비 | F52: Chen Feng Ju | G52: 28 | H52: 해외지사비 | M52: 6000 | N52: ='통장내역(환율표)'!D94 -> 6.7491 | O52: =M52/N52 -> 889.00743 | P52: =P51+J52-M52 -> 91389.33 | Q52: =Q51+L52-O52 -> 12957.838
B53: 2026-05-23 | C53: 2026-05-16 | D53: 03280880 | E53: 汉圳中汉国鸿区公限有限公司司 | F53: Chen Feng Ju | G53: 29 | H53: 해외지사비 | M53: 6000 | N53: ='통장내역(환율표)'!D94 -> 6.7491 | O53: =M53/N53 -> 889.00743 | P53: =P52+J53-M53 -> 85389.33 | Q53: =Q52+L53-O53 -> 12068.83 | S53: [⚠️ 금액 불일치 (이체 3,981.00 / 영수증 144,032,503,165.01)] 파표 회사코드 불일치/누락
B54: 2026-05-23 | C54: 2026-05-19 | D54: 26957000000133561421 | E54: 주유비 | F54: Chen Feng Ju | G54: 30 | H54: 해외지사비 | M54: 505 | N54: ='통장내역(환율표)'!D94 -> 6.7491 | O54: =M54/N54 -> 74.824792 | P54: =P53+J54-M54 -> 84884.33 | Q54: =Q53+L54-O54 -> 11994.005
B55: 2026-05-23 | C55: 2026-05-20 | D55: 26447000001045829301 | E55: 톨비 | F55: Chen Feng Ju | G55: 31 | H55: 해외지사비 | M55: 505 | N55: ='통장내역(환율표)'!D94 -> 6.7491 | O55: =M55/N55 -> 74.824792 | P55: =P54+J55-M55 -> 84379.33 | Q55: =Q54+L55-O55 -> 11919.181
B56: 2026-05-23 | D56: 07286132 | E56: 广州市人房的话万股份有限公司电话84356163 | F56: Chen Feng Ju | G56: 32 | H56: 지급임차료 | I56: 사무실임차료 | M56: 388.53 | N56: ='통장내역(환율표)'!D94 -> 6.7491 | O56: =M56/N56 -> 57.567676 | P56: =P55+J56-M56 -> 83990.8 | Q56: =Q55+L56-O56 -> 11861.613 | S56: 파표 회사코드 불일치/누락
B57: 2026-05-23 | D57: 08126257 | E57: 限公司 | F57: Chen Feng Ju | G57: 33 | H57: 지급임차료 | I57: 사무실임차료 | M57: 79.23 | N57: ='통장내역(환율표)'!D94 -> 6.7491 | O57: =M57/N57 -> 11.739343 | P57: =P56+J57-M57 -> 83911.57 | Q57: =Q56+L57-O57 -> 11849.874 | S57: 파표 회사코드 불일치/누락
B58: 2026-05-23 | C58: 2026-05-13 | E58: 은행 거래 | F58: Chen Feng Ju | G58: 34 | H58: 여비교통비 | I58: 해외 | M58: 0 | N58: ='통장내역(환율표)'!D94 -> 6.7491 | O58: =M58/N58 -> 0 | P58: =P57+J58-M58 -> 83911.57 | Q58: =Q57+L58-O58 -> 11849.874
B59: 2026-05-23 | C59: 2026-05-23 | E59: 은행수수료 | F59: Chen Feng Ju | G59: 35 | H59: 해외지사비 | M59: 3.6 | N59: ='통장내역(환율표)'!D94 -> 6.7491 | O59: =M59/N59 -> 0.53340446 | P59: =P58+J59-M59 -> 83907.97 | Q59: =Q58+L59-O59 -> 11849.34 | S59: [⚠️ 금액 불일치 (이체 300.00 / 영수증 68,977.76)]
B60: 2026-05-23 | C60: 1626-04-21 | D60: 08038258 | E60: 차량 기사비 | F60: Chen Guo Liang | G60: 36 | H60: 해외지사비 | M60: 760 | N60: ='통장내역(환율표)'!D94 -> 6.7491 | O60: =M60/N60 -> 112.60761 | P60: =P59+J60-M60 -> 83147.97 | Q60: =Q59+L60-O60 -> 11736.733 | S60: 파표 회사코드 불일치/누락
B61: 2026-05-23 | C61: 2026-04-18 | D61: 08132551 | E61: 州市人民印段份有限公司电话84356163 | F61: Chen Guo Liang | G61: 37 | H61: 해외지사비 | M61: 580 | N61: ='통장내역(환율표)'!D94 -> 6.7491 | O61: =M61/N61 -> 85.937384 | P61: =P60+J61-M61 -> 82567.97 | Q61: =Q60+L61-O61 -> 11650.795 | S61: 파표 회사코드 불일치/누락
B62: 2026-05-23 | C62: 2026-04-22 | D62: 26952000001632583651 | E62: 주유비 | F62: Chen Guo Liang | G62: 38 | H62: 해외지사비 | M62: 3.6 | N62: ='통장내역(환율표)'!D94 -> 6.7491 | O62: =M62/N62 -> 0.53340446 | P62: =P61+J62-M62 -> 82564.37 | Q62: =Q61+L62-O62 -> 11650.262 | S62: [⚠️ 금액 불일치 (이체 467.76 / 영수증 41,117.76)]
B63: 2026-05-23 | C63: 2026-04-24 | D63: 26952000001673283841 | E63: 주유비 | F63: Chen Guo Liang | G63: 39 | H63: 해외지사비 | M63: 7.2 | N63: ='통장내역(환율표)'!D94 -> 6.7491 | O63: =M63/N63 -> 1.0668089 | P63: =P62+J63-M63 -> 82557.17 | Q63: =Q62+L63-O63 -> 11649.195 | S63: [⚠️ 금액 불일치 (이체 20,000.00 / 영수증 0.00)]
B64: 2026-05-23 | C64: 2026-04-28 | D64: 26952000001729520896 | E64: 주유비 | F64: Chen Guo Liang | G64: 40 | H64: 해외지사비 | M64: 3.6 | N64: ='통장내역(환율표)'!D94 -> 6.7491 | O64: =M64/N64 -> 0.53340446 | P64: =P63+J64-M64 -> 82553.57 | Q64: =Q63+L64-O64 -> 11648.662 | S64: [⚠️ 금액 불일치 (이체 1,010.00 / 영수증 0.00)]
B65: 2026-05-23 | C65: 2026-05-01 | D65: 08107525 | E65: 股份商股公司电话84356183 | F65: Chen Guo Liang | G65: 41 | H65: 해외지사비 | M65: 7.2 | N65: ='통장내역(환율표)'!D94 -> 6.7491 | O65: =M65/N65 -> 1.0668089 | P65: =P64+J65-M65 -> 82546.37 | Q65: =Q64+L65-O65 -> 11647.595 | S65: [⚠️ 금액 불일치 (이체 39,640.00 / 영수증 0.00)] 파표 회사코드 불일치/누락
B66: 2026-05-23 | C66: 2026-05-07 | D66: 26952000001846009801 | E66: 주유비 | F66: Chen Guo Liang | G66: 42 | H66: 해외지사비 | M66: 280937.55 | N66: ='통장내역(환율표)'!D94 -> 6.7491 | O66: =M66/N66 -> 41625.928 | P66: =P65+J66-M66 -> -198391.18 | Q66: =Q65+L66-O66 -> -29978.333 | S66: [⚠️ 금액 불일치 (이체 5,432.35 / 영수증 22,105.93)]
B67: 2026-05-23 | C67: 2026-05-09 | D67: 26952000001884635761 | E67: 주유비 | F67: Chen Guo Liang | G67: 43 | H67: 여비교통비 | I67: 해외 | M67: 0 | N67: ='통장내역(환율표)'!D94 -> 6.7491 | O67: =M67/N67 -> 0 | P67: =P66+J67-M67 -> -198391.18 | Q67: =Q66+L67-O67 -> -29978.333
B68: 2026-05-23 | C68: 2026-05-13 | D68: 26957000000012574294 | E68: 주유비 | F68: Chen Guo Liang | G68: 44 | H68: 여비교통비 | I68: 해외 | M68: 29500 | N68: ='통장내역(환율표)'!D94 -> 6.7491 | O68: =M68/N68 -> 4370.9532 | P68: =P67+J68-M68 -> -227891.18 | Q68: =Q67+L68-O68 -> -34349.286
B69: 2026-05-23 | C69: 2026-05-16 | D69: 26952000001999736761 | E69: 주유비 | F69: Chen Guo Liang | G69: 45 | H69: 여비교통비 | I69: 해외 | M69: 250 | N69: ='통장내역(환율표)'!D94 -> 6.7491 | O69: =M69/N69 -> 37.041976 | P69: =P68+J69-M69 -> -228141.18 | Q69: =Q68+L69-O69 -> -34386.328 | S69: ✅ 금액 일치
B70: 2026-05-23 | C70: 2026-05-18 | D70: 26952000002014132306 | E70: 주유비 | F70: Chen Guo Liang | G70: 46 | H70: 여비교통비 | I70: 해외 | M70: 86 | N70: ='통장내역(환율표)'!D94 -> 6.7491 | O70: =M70/N70 -> 12.74244 | P70: =P69+J70-M70 -> -228227.18 | Q70: =Q69+L70-O70 -> -34399.071 | S70: [⚠️ 금액 불일치 (이체 5,680.95 / 영수증 26,072.78)]
B71: 2026-05-23 | D71: 03532131 | E71: 주유비 | F71: Chen Guo Liang | G71: 47 | H71: 여비교통비 | I71: 해외 | M71: 310 | N71: ='통장내역(환율표)'!D94 -> 6.7491 | O71: =M71/N71 -> 45.93205 | P71: =P70+J71-M71 -> -228537.18 | Q71: =Q70+L71-O71 -> -34445.003 | S71: 파표 회사코드 불일치/누락
B72: 2026-05-23 | D72: 08120316 | E72: 限公司 | F72: Chen Guo Liang | G72: 48 | H72: 여비교통비 | I72: 해외 | M72: 340 | N72: ='통장내역(환율표)'!D94 -> 6.7491 | O72: =M72/N72 -> 50.377087 | P72: =P71+J72-M72 -> -228877.18 | Q72: =Q71+L72-O72 -> -34495.38 | S72: 파표 회사코드 불일치/누락
B73: 2026-05-23 | C73: 2026-05-08 | E73: 은행 거래 | F73: Chen Guo Liang | G73: 49 | H73: 여비교통비 | I73: 해외 | M73: 370 | N73: ='통장내역(환율표)'!D94 -> 6.7491 | O73: =M73/N73 -> 54.822125 | P73: =P72+J73-M73 -> -229247.18 | Q73: =Q72+L73-O73 -> -34550.202
B74: 2026-05-23 | C74: 2026-05-09 | E74: 은행 거래 | F74: Chen Guo Liang | G74: 50 | H74: 여비교통비 | I74: 해외 | M74: 9 | N74: ='통장내역(환율표)'!D94 -> 6.7491 | O74: =M74/N74 -> 1.3335111 | P74: =P73+J74-M74 -> -229256.18 | Q74: =Q73+L74-O74 -> -34551.536
B75: 2026-05-23 | C75: 2026-05-16 | E75: 은행 거래 | F75: Chen Guo Liang | G75: 51 | H75: 여비교통비 | I75: 해외 | M75: 380 | N75: ='통장내역(환율표)'!D94 -> 6.7491 | O75: =M75/N75 -> 56.303804 | P75: =P74+J75-M75 -> -229636.18 | Q75: =Q74+L75-O75 -> -34607.839
B76: 2026-05-23 | C76: 2026-05-23 | E76: 은행수수료 | F76: Chen Guo Liang | G76: 52 | H76: 해외지사비 | M76: 3.6 | N76: ='통장내역(환율표)'!D94 -> 6.7491 | O76: =M76/N76 -> 0.53340446 | P76: =P75+J76-M76 -> -229639.78 | Q76: =Q75+L76-O76 -> -34608.373 | S76: [⚠️ 금액 불일치 (이체 42.00 / 영수증 313,544.15)]
B77: 2026-05-23 | C77: 2026-05-18 | D77: 26442000005476733326 | E77: 숙박비 | F77: Lin Wei Jian | G77: 53 | H77: 여비교통비 | I77: 해외 | M77: 13 | N77: ='통장내역(환율표)'!D94 -> 6.7491 | O77: =M77/N77 -> 1.9261828 | P77: =P76+J77-M77 -> -229652.78 | Q77: =Q76+L77-O77 -> -34610.299
B78: 2026-05-23 | C78: 2026-05-18 | D78: 26442000005476782076 | E78: 숙박비 | F78: Lin Wei Jian | G78: 54 | H78: 여비교통비 | I78: 해외 | M78: 6 | N78: ='통장내역(환율표)'!D94 -> 6.7491 | O78: =M78/N78 -> 0.88900743 | P78: =P77+J78-M78 -> -229658.78 | Q78: =Q77+L78-O78 -> -34611.188
B79: 2026-05-23 | C79: 2026-05-18 | D79: 26442000005476829266 | E79: 숙박비 | F79: Lin Wei Jian | G79: 55 | H79: 여비교통비 | I79: 해외 | M79: 10 | N79: ='통장내역(환율표)'!D94 -> 6.7491 | O79: =M79/N79 -> 1.481679 | P79: =P78+J79-M79 -> -229668.78 | Q79: =Q78+L79-O79 -> -34612.67
B80: 2026-05-23 | C80: 2026-05-18 | D80: 26442000005476838596 | E80: 숙박비 | F80: Lin Wei Jian | G80: 56 | H80: 해외지사비 | M80: 3.6 | N80: ='통장내역(환율표)'!D94 -> 6.7491 | O80: =M80/N80 -> 0.53340446 | P80: =P79+J80-M80 -> -229672.38 | Q80: =Q79+L80-O80 -> -34613.203 | S80: [⚠️ 금액 불일치 (이체 2,513.00 / 영수증 31,316.00)]
B81: 2026-05-23 | C81: 2026-05-18 | E81: 톨비/주차비 | F81: Lin Wei Jian | G81: 57 | H81: 통신비 | I81: 기타 | M81: 13 | N81: ='통장내역(환율표)'!D94 -> 6.7491 | O81: =M81/N81 -> 1.9261828 | P81: =P80+J81-M81 -> -229685.38 | Q81: =Q80+L81-O81 -> -34615.129 | S81: 파표 외 영수증
B82: 2026-05-23 | C82: 2026-05-19 | D82: 26957000000133687853 | E82: 교통비 | F82: Lin Wei Jian | G82: 58 | H82: 여비교통비 | I82: 해외 | M82: 13 | N82: ='통장내역(환율표)'!D94 -> 6.7491 | O82: =M82/N82 -> 1.9261828 | P82: =P81+J82-M82 -> -229698.38 | Q82: =Q81+L82-O82 -> -34617.056
B83: 2026-05-23 | C83: 2026-05-19 | D83: 26447000001043120863 | E83: 교통비 | F83: Lin Wei Jian | G83: 59 | H83: 여비교통비 | I83: 해외 | M83: 400 | N83: ='통장내역(환율표)'!D94 -> 6.7491 | O83: =M83/N83 -> 59.267162 | P83: =P82+J83-M83 -> -230098.38 | Q83: =Q82+L83-O83 -> -34676.323 | S83: [⚠️ 금액 불일치 (이체 467.76 / 영수증 41,117.76)]
B84: 2026-05-23 | C84: 2026-05-19 | D84: 26957000000126357089 | E84: 택배비 | F84: Lin Wei Jian | G84: 60 | H84: 여비교통비 | I84: 해외 | M84: 400 | N84: ='통장내역(환율표)'!D94 -> 6.7491 | O84: =M84/N84 -> 59.267162 | P84: =P83+J84-M84 -> -230498.38 | Q84: =Q83+L84-O84 -> -34735.59 | S84: [⚠️ 금액 불일치 (이체 20,000.00 / 영수증 0.00)]
B85: 2026-05-23 | C85: 2026-05-20 | D85: 26957000000122329403 | E85: 통신비 | F85: Lin Wei Jian | G85: 61 | H85: 여비교통비 | I85: 해외 | M85: 400 | N85: ='통장내역(환율표)'!D94 -> 6.7491 | O85: =M85/N85 -> 59.267162 | P85: =P84+J85-M85 -> -230898.38 | Q85: =Q84+L85-O85 -> -34794.857 | S85: [⚠️ 금액 불일치 (이체 1,010.00 / 영수증 0.00)] ✅ 통신비 - 파표 회사코드 X
B86: 2026-05-23 | C86: 2026-05-22 | E86: 톨비/주차비 | F86: Lin Wei Jian | G86: 62 | H86: 여비교통비 | I86: 해외 | M86: 10.56 | N86: ='통장내역(환율표)'!D94 -> 6.7491 | O86: =M86/N86 -> 1.5646531 | P86: =P85+J86-M86 -> -230908.94 | Q86: =Q85+L86-O86 -> -34796.422 | S86: [⚠️ 금액 불일치 (이체 39,640.00 / 영수증 0.00)] 파표 외 영수증
B87: 2026-05-23 | C87: 2026-05-22 | E87: 톨비/주차비 | F87: Lin Wei Jian | G87: 63 | H87: 여비교통비 | I87: 해외 | M87: 400 | N87: ='통장내역(환율표)'!D94 -> 6.7491 | O87: =M87/N87 -> 59.267162 | P87: =P86+J87-M87 -> -231308.94 | Q87: =Q86+L87-O87 -> -34855.689 | S87: [⚠️ 금액 불일치 (이체 5,432.35 / 영수증 22,105.93)] 파표 외 영수증
B88: 2026-05-23 | C88: 2026-05-23 | E88: 은행수수료 | F88: Lin Wei Jian | G88: 64 | H88: 해외지사비 | M88: 3.6 | N88: ='통장내역(환율표)'!D94 -> 6.7491 | O88: =M88/N88 -> 0.53340446 | P88: =P87+J88-M88 -> -231312.54 | Q88: =Q87+L88-O88 -> -34856.222 | S88: [⚠️ 금액 불일치 (이체 400.00 / 영수증 1,669.16)]
B89: 2026-05-23 | C89: 2026-04-22 | D89: 08102095 | E89: 주유비 | F89: Liu Ming Liang | G89: 65 | H89: 여비교통비 | I89: 해외 | M89: 562 | N89: ='통장내역(환율표)'!D94 -> 6.7491 | O89: =M89/N89 -> 83.270362 | P89: =P88+J89-M89 -> -231874.54 | Q89: =Q88+L89-O89 -> -34939.493 | S89: 파표 회사코드 불일치/누락
B90: 2026-05-23 | C90: 2026-05-19 | D90: 26957000000133562950 | E90: 주유비 | F90: Liu Ming Liang | G90: 66 | H90: 여비교통비 | I90: 해외 | M90: 400 | N90: ='통장내역(환율표)'!D94 -> 6.7491 | O90: =M90/N90 -> 59.267162 | P90: =P89+J90-M90 -> -232274.54 | Q90: =Q89+L90-O90 -> -34998.76 | S90: ✅ 금액 일치
B91: 2026-05-23 | C91: 2026-05-19 | D91: 26952000002041067926 | E91: 주유비 | F91: Liu Ming Liang | G91: 67 | H91: 여비교통비 | I91: 해외 | M91: 400 | N91: ='통장내역(환율표)'!D94 -> 6.7491 | O91: =M91/N91 -> 59.267162 | P91: =P90+J91-M91 -> -232674.54 | Q91: =Q90+L91-O91 -> -35058.027 | S91: [⚠️ 금액 불일치 (이체 5,680.95 / 영수증 26,072.78)]
B92: 2026-05-23 | C92: 2026-05-19 | D92: 26952000002043946231 | E92: 주유비 | F92: Liu Ming Liang | G92: 68 | H92: 여비교통비 | I92: 해외 | M92: 3 | N92: ='통장내역(환율표)'!D94 -> 6.7491 | O92: =M92/N92 -> 0.44450371 | P92: =P91+J92-M92 -> -232677.54 | Q92: =Q91+L92-O92 -> -35058.471
B93: 2026-05-23 | C93: 2026-05-20 | D93: 26952000002053900981 | E93: 주유비 | F93: Liu Ming Liang | G93: 69 | H93: 여비교통비 | I93: 해외 | M93: 13 | N93: ='통장내역(환율표)'!D94 -> 6.7491 | O93: =M93/N93 -> 1.9261828 | P93: =P92+J93-M93 -> -232690.54 | Q93: =Q92+L93-O93 -> -35060.398
B94: 2026-05-23 | C94: 2026-05-20 | D94: 26952000002054 | E94: 주유비 | F94: Liu Ming Liang | G94: 70 | H94: 여비교통비 | I94: 해외 | M94: 56 | N94: ='통장내역(환율표)'!D94 -> 6.7491 | O94: =M94/N94 -> 8.2974026 | P94: =P93+J94-M94 -> -232746.54 | Q94: =Q93+L94-O94 -> -35068.695
B95: 2026-05-23 | C95: 2026-05-20 | D95: 26952000002053340401 | E95: 주유비 | F95: Liu Ming Liang | G95: 71 | H95: 여비교통비 | I95: 해외 | M95: 11 | N95: ='통장내역(환율표)'!D94 -> 6.7491 | O95: =M95/N95 -> 1.6298469 | P95: =P94+J95-M95 -> -232757.54 | Q95: =Q94+L95-O95 -> -35070.325
B96: 2026-05-23 | C96: 2026-05-20 | D96: 26952000002053339156 | E96: 주유비 | F96: Liu Ming Liang | G96: 72 | H96: 여비교통비 | I96: 해외 | M96: 15 | N96: ='통장내역(환율표)'!D94 -> 6.7491 | O96: =M96/N96 -> 2.2225186 | P96: =P95+J96-M96 -> -232772.54 | Q96: =Q95+L96-O96 -> -35072.547
B97: 2026-05-23 | C97: 2026-05-20 | D97: 269520002053338481 | E97: 주유비 | F97: Liu Ming Liang | G97: 73 | H97: 해외지사비 | M97: 3.6 | N97: ='통장내역(환율표)'!D94 -> 6.7491 | O97: =M97/N97 -> 0.53340446 | P97: =P96+J97-M97 -> -232776.14 | Q97: =Q96+L97-O97 -> -35073.081 | S97: [⚠️ 금액 불일치 (이체 4,410.89 / 영수증 3,496.56)]
B98: 2026-05-23 | C98: 2026-05-20 | D98: 26952000002054045131 | E98: 주유비 | F98: Liu Ming Liang | G98: 74 | H98: 여비교통비 | I98: 해외 | M98: 824 | N98: ='통장내역(환율표)'!D94 -> 6.7491 | O98: =M98/N98 -> 122.09035 | P98: =P97+J98-M98 -> -233600.14 | Q98: =Q97+L98-O98 -> -35195.171
B99: 2026-05-23 | D99: 08120848 | E99: 广N市人居印剧贸份有限公司电话：84366163 | F99: Liu Ming Liang | G99: 75 | H99: 여비교통비 | I99: 해외 | M99: 1365 | N99: ='통장내역(환율표)'!D94 -> 6.7491 | O99: =M99/N99 -> 202.24919 | P99: =P98+J99-M99 -> -234965.14 | Q99: =Q98+L99-O99 -> -35397.42 | S99: 파표 회사코드 불일치/누락
B100: 2026-05-23 | D100: 01852093 | E100: 톨비/주차비 | F100: Liu Ming Liang | G100: 76 | H100: 여비교통비 | I100: 해외 | M100: 910 | N100: ='통장내역(환율표)'!D94 -> 6.7491 | O100: =M100/N100 -> 134.83279 | P100: =P99+J100-M100 -> -235875.14 | Q100: =Q99+L100-O100 -> -35532.253 | S100: 파표 회사코드 불일치/누락
B101: 2026-05-23 | D101: 08081762 | E101: 广州南人民印别门段份询总公司电话84366163 | F101: Liu Ming Liang | G101: 77 | H101: 여비교통비 | I101: 해외 | M101: 2275 | N101: ='통장내역(환율표)'!D94 -> 6.7491 | O101: =M101/N101 -> 337.08198 | P101: =P100+J101-M101 -> -238150.14 | Q101: =Q100+L101-O101 -> -35869.335 | S101: [⚠️ 금액 불일치 (이체 2,513.00 / 영수증 31,316.00)] 파표 회사코드 불일치/누락
B102: 2026-05-23 | C102: 2026-04-23 | E102: 은행 거래 | F102: Liu Ming Liang | G102: 78 | H102: 여비교통비 | I102: 해외 | M102: 505.1 | N102: ='통장내역(환율표)'!D94 -> 6.7491 | O102: =M102/N102 -> 74.839608 | P102: =P101+J102-M102 -> -238655.24 | Q102: =Q101+L102-O102 -> -35944.175
B103: 2026-05-23 | C103: 2026-04-30 | E103: 은행 거래 | F103: Liu Ming Liang | G103: 79 | H103: 여비교통비 | I103: 해외 | M103: 1224.6 | N103: ='통장내역(환율표)'!D94 -> 6.7491 | O103: =M103/N103 -> 181.44642 | P103: =P102+J103-M103 -> -239879.84 | Q103: =Q102+L103-O103 -> -36125.621
...

Sheet 통장지급내역

Sheet 당월 업무추진비
B2: ▶ 업무추진비 사용 내역
B4: NO | C4: 정산일자 | D4: 사용일자 | E4: 사용자 | F4: 사용처 | G4: 사용금액 | I4: 사용목적(상세 기재) | J4: 고객명 | K4: 참석자
G5: RMB | H5: KRW | K5: 고객 | L5: DBGC
B6: =ROW()-5 -> 1 | D6: 46133 | E6: xiongfeng | F6: 大师兄餐饮 | G6: 135 | I6: Have coffee with SDPC | J6: SDPC | K6: 魏慧 | L6: xiongfeng/金总
B7: =ROW()-5 -> 2 | D7: 46134 | E7: xiongfeng | F7: 星巴克 | G7: 68 | I7: Coffee with CSOT | J7: CSOT | K7: 裴娟实 | L7: xiongfeng
B8: =ROW()-5 -> 3 | D8: 46149 | E8: xiongfeng | F8: 星莹美食店 | G8: 370 | I8: Lunch with CSOT | J8: CSOT | K8: 裴娟实/彩霞 | L8: xiongfeng
B9: =ROW()-5 -> 4 | D9: 46151 | E9: xiongfeng | F9: 萍乡土菜 | G9: 233 | I9: Lunch with FITI | J9: SDPC | K9: 牛佳兴 | L9: xiongfeng
B10: =ROW()-5 -> 5 | D10: 46118 | E10: 신순연 | F10: 晶东 | G10: 258 | I10: 고객 업무 추진 및 CRM 유지 | J10: CSOT | K10: Li Xiang Yu | L10: -
B11: =ROW()-5 -> 6 | D11: 46119 | E11: 신순연 | F11: 郭老二 | G11: 873 | I11: 고객 업무 추진 및 CRM 유지 | J11: TianMa | K11: Mason전문가, Eddie전문가 | L11: 고재홍 상무, 최상신 전문위원, 김기일 프로, 박상현 프로, 황대욱 프로, 변승찬 프로, 권유석 지사장, 김명관 프로, 신순연 프로
B12: =ROW()-5 -> 7 | D12: 46120 | E12: 신순연 | F12: 韩庭 | G12: 402 | I12: 고객 업무 추진 및 CRM 유지 | J12: TianMa | K12: Mason전문가, Eddie전문가 | L12: 고재홍 상무, 최상신 전문위원, 김기일 프로, 박상현 프로, 황대욱 프로, 변승찬 프로, 신순연 프로
B13: =ROW()-5 -> 8 | D13: 46120 | E13: 신순연 | F13: 鱼头泡饭 | G13: 800 | I13: 고객 업무 추진 및 CRM 유지 | J13: CSOT | K13: Pan Xiao Dong과장 | L13: 고재홍 상무, 최상신 전문위원, 김기일 프로, 박상현 프로, 황대욱 프로, 변승찬 프로, 신순연 프로
B14: =ROW()-5 -> 9 | D14: 46128 | E14: 신순연 | F14: 京华楼 | G14: 297 | I14: 고객 업무 추진 및 CRM 유지 | J14: CSOT | K14: Nate전문가 | L14: 권유석 지사장, 이상태 프로, 박미령 프로, Xiong Feng프로, 신순연 프로
B15: =ROW()-5 -> 10 | D15: 46150 | E15: 신순연 | F15: 河坝 | G15: 693 | I15: 고객 업무 추진 및 CRM 유지 | J15: CSOT | K15: Liu Kai Yu, Jiang Song Lin(대리점) | L15: Zhang Liang, Lin Wei Jian, 신순연
B16: =ROW()-5 -> 11 | D16: 3월26일 | E16: 권유석 | F16: 스.벅 | G16: 60 | I16: 음료 | J16: CSOT | K16: 조달구매 | L16: 권유석/정겨운
B17: =ROW()-5 -> 12 | D17: 3월26일 | E17: 권유석 | F17: 소풍 | G17: 281 | I17: 석식 | J17: CSOT | K17: 조달구매 | L17: 권유석/정겨운
B18: =ROW()-5 -> 13 | D18: 3월31일 | E18: 권유석 | F18: 홍콩반점 | G18: 315 | I18: 석식 | J18: SDC | K18: 구매(신우철 부장) | L18: 권유석/정겨운
B19: =ROW()-5 -> 14 | D19: 4월2일 | E19: 권유석 | F19: 세븐일레븐 | G19: 100.7 | I19: 음료 | J19: CSOT | K19: 영업/KA | L19: 권유석/신순연
B20: =ROW()-5 -> 15 | D20: 4월3일 | E20: 권유석 | F20: 홍콩반점 | G20: 255 | I20: 석식 | J20: BOE | K20: 김문청 사장 | L20: 권유석
B21: =ROW()-5 -> 16 | D21: 4월17일 | E21: 권유석 | F21: 홍콩반점 | G21: 307.8 | I21: 석식 | J21: BOE | K21: 김청길 사장(MTK 대리점) | L21: 권유석
B22: =ROW()-5 -> 17 | D22: 4월21일 | E22: 권유석 | F22: 전통 찻집 | G22: 260 | I22: 음료 | J22: ESWIN | K22: 구매 책임자/담당자 | L22: 권유석/정겨운
B23: =ROW()-5 -> 18 | D23: 4월21일 | E23: 권유석 | F23: 订餐卡 | G23: 674 | I23: 중식 | J23: ESWIN | K23: 구매 책임자/담당자 | L23: 권유석/정겨운
B24: =ROW()-5 -> 19 | D24: 4월21일 | E24: 권유석 | F24: 스타벅스 | G24: 103 | I24: 음료 | J24: ESWIN | K24: 구매 책임자/담당자 | L24: 권유석/정겨운
B25: =ROW()-5 -> 20 | D25: 46132 | E25: PIAO MEILING | F25: 同盛餐饮 | G25: 246 | I25: CSOT 업무 추진 | J25: CSOT | K25: Liu Wei, Yu Han | L25: 박미령
B26: =ROW()-5 -> 21 | D26: 46149 | E26: PIAO MEILING | F26: 爱人餐饮 | G26: 140 | I26: CSOT 업무 추진 | J26: CSOT | K26: Fan Xiankun, Yu Han | L26: 박미령
B27: =ROW()-5 -> 22 | D27: 46109 | E27: zhangliang | F27: SDPC便利店 | G27: 36.04 | I27: SDPC업무 추진 | J27: SDPC | K27: 孙志强 | L27: zhangliang
B28: =ROW()-5 -> 23 | D28: 46156 | E28: zhangliang | F28: 印尼餐厅 | G28: 1016.12 | I28: HKC업무 추진 | J28: HKC | K28: DK Park、Eddie等 | L28: zhangliang、shenshunyan
B29: =ROW()-5 -> 24 | D29: 46134 | E29: zhangliang | F29: H1水果店 | G29: 58 | I29: HKC업무 추진 | J29: HKC | K29: 费如涵、陈杰 | L29: zhangliang
B30: =ROW()-5 -> 25
B31: =ROW()-5 -> 26
B32: =ROW()-5 -> 27
B33: =ROW()-5 -> 28
B34: =ROW()-5 -> 29
B35: =ROW()-5 -> 30
B36: =ROW()-5 -> 31
B37: =ROW()-5 -> 32
B38: =ROW()-5 -> 33
B39: =ROW()-5 -> 34
B40: =ROW()-5 -> 35
B41: =ROW()-5 -> 36
... B46: =ROW()-5 -> 41
G47: =SUM(G6:G46) -> 7981.66 | H47: =SUM(H6:H46) -> 0

Sheet 기사 야근 일지
C3: Liu Ming Liang | J3: chen guo liang | Q3: chen feng jun
C4: 일자 | D4: 내용 | E4: 인원 | F4: 시간 | G4: 비용 | H4: 비고 | J4: 일자 | K4: 내용 | L4: 인원 | M4: 시간 | N4: 비용 | O4: 비고 | Q4: 일자 | R4: 내용 | S4: 인원 | T4: 시간 | U4: 비용 | V4: 비고
C5: 46134 | E5: 심천지사 | G5: =F5*20 -> 0 | L5: 심천지사 | N5: =M5*20 -> 0 | S5: 심천지사 | U5: =T5*20 -> 0
E6: 심천지사 | G6: =F6*20 -> 0 | L6: 심천지사 | N6: =M6*20 -> 0 | S6: 심천지사 | U6: =T6*20 -> 0
E7: 심천지사 | G7: =F7*20 -> 0 | L7: 심천지사 | N7: =M7*20 -> 0 | S7: 심천지사 | U7: =T7*20 -> 0
E8: 심천지사 | G8: =F8*20 -> 0 | L8: 심천지사 | N8: =M8*20 -> 0 | S8: 심천지사 | U8: =T8*20 -> 0
E9: 심천지사 | G9: =F9*20 -> 0 | L9: 심천지사 | N9: =M9*20 -> 0 | S9: 심천지사 | U9: =T9*20 -> 0
E10: 심천지사 | G10: =F10*20 -> 0 | L10: 심천지사 | N10: =M10*20 -> 0 | S10: 심천지사 | U10: =T10*20 -> 0
E11: 심천지사 | G11: =F11*20 -> 0 | L11: 심천지사 | N11: =M11*20 -> 0 | S11: 심천지사 | U11: =T11*20 -> 0
E12: 심천지사 | G12: =F12*20 -> 0 | L12: 심천지사 | N12: =M12*20 -> 0 | S12: 심천지사 | U12: =T12*20 -> 0
E13: 심천지사 | G13: =F13*20 -> 0 | L13: 심천지사 | N13: =M13*20 -> 0 | S13: 심천지사 | U13: =T13*20 -> 0
E14: 심천지사 | G14: =F14*20 -> 0 | L14: 심천지사 | N14: =M14*20 -> 0 | S14: 심천지사 | U14: =T14*20 -> 0
E15: 심천지사 | G15: =F15*20 -> 0 | L15: 심천지사 | N15: =M15*20 -> 0 | S15: 심천지사 | U15: =T15*20 -> 0
E16: 심천지사 | G16: =F16*20 -> 0 | L16: 심천지사 | N16: =M16*20 -> 0 | S16: 심천지사 | U16: =T16*20 -> 0
E17: 심천지사 | G17: =F17*20 -> 0 | L17: 심천지사 | N17: =M17*20 -> 0 | S17: 심천지사 | U17: =T17*20 -> 0
... E23: 심천지사 | G23: =F23*20 -> 0 | L23: 심천지사 | N23: =M23*20 -> 0 | S23: 심천지사 | U23: =T23*20 -> 0
G24: =SUM(G5:G23) -> 0 | N24: =SUM(N5:N23) -> 0 | U24: =SUM(U5:U23) -> 0
