Workbook
Name Large_scale_classification: [1]Sheet3!$C$4:$C$10

Sheet 통장내역(환율표)
B2: 통장 일자 | C2: 지급 | F2: 송금액 | I2: 입금 | K2: 출금 | M2: 잔액
C3: 지급시 환율 | D3: 환산요율 | E3: 전표번호 | F3: USD | G3: 수수료 | H3: RMB | I3: USD | J3: RMB | K3: USD | L3: RMB | M3: USD | N3: RMB
B4: 45854 | F4: 74022.44 | N4: =H4-L4
B5: 45854 | C5: 1373.8 | D5: =-H5/F5 | E5: 2000001679 | F5: -73987.44 | H5: 530297.58 | K5: 35 | L5: 73092 | N5: =H5-L5
B6: 45855 | L6: 2403.6 | N6: =N5-L6
B7: 45860 | L7: 28287.2 | N7: =N6-L7
B8: 45862 | L8: 345390.38 | N8: =N7-L8
B9: 45863 | L9: 80014.4 | N9: =N8-L9
N10: =N9
B11: 45881 | F11: 66958.93 | N11: =N10+H11-L11
B12: 45881 | C12: 1384.2 | D12: =-H12/F12 | E12: 2000001943 | F12: -66933.93 | H12: 480471.83 | K12: 25 | N12: =N11+H12-L12
B13: 45883 | L13: 1110.0568 | N13: =N12+H13-L13
B14: 45883 | L14: 26430.74 | N14: =N13+H14-L14
B15: 45887 | L15: 33.6 | N15: =N14+H15-L15
B16: 45888 | L16: 148030.18 | N16: =N15+H16-L16
B17: 45889 | L17: 292153.69 | N17: =N16+H17-L17
N18: =N17+H18-L18
B19: 45910 | L19: 243.6 | N19: =N18+H19-L19
B20: 45911 | F20: 58404.05 | N20: =N19+H20-L20
B21: 45911 | C21: 1386.6 | D21: =-H21/F21 | E21: 2000002211 | F21: -58379.05 | H21: 415110.07 | K21: 25 | N21: =N20+H21-L21
B22: 45915 | L22: 13580.058 | N22: =N21+H22-L22
B23: 45915 | L23: 13975.74 | N23: =N22+H23-L23
B24: 45921 | J24: 32.36 | N24: =N23+H24-L24+J24
B25: 45923 | L25: 399903.2 | N25: =N24+H25-L25
N26: =N25+H26-L26
B27: 45943 | F27: 76124.43 | N27: =N26+H27-L27
B28: 45943 | C28: 1401.9 | D28: =-H28/F28 | E28: 2000002505 | F28: -76099.43 | H28: 541561.59 | K28: 25 | N28: =N27+H28-L28
B29: 45945 | L29: 1263.4825 | N29: =N28+H29-L29
B30: 45945 | L30: 26248.32 | N30: =N29+H30-L30
B31: 45952 | L31: 57279.62 | N31: =N30+H31-L31
B32: 45953 | L32: 435679.23 | N32: =N31+H32-L32
N33: =N32+H33-L33
B34: 45974 | F34: 58100.87 | N34: =N33+H34-L34
B35: 45974 | C35: 1454 | D35: =-H35/F35 | E35: 2000002746 | F35: -58075.87 | H35: 411415.27 | K35: 25 | N35: =N34+H35-L35
B36: 45975 | L36: 22335.89 | N36: =N35+H36-L36
B37: 45975 | L37: 5111.91 | N37: =N36+H37-L37
B38: 45985 | L38: 377571.91 | N38: =N37+H38-L38
N39: =N38
B40: 46002 | F40: 60766.8 | N40: =N39+H40-L40
B41: 46002 | C41: 1470.4 | D41: =-H41/F41 | E41: 2000003021 | F41: -60741.8 | H41: 428211.47 | K41: 25 | N41: =N40+H41-L41
B42: 46006 | L42: 27509.8 | N42: =N41+H42-L42
B43: 46012 | I43: 6.2096808 | J43: 43.99 | N43: =N42+H43-L43+J43
B44: 46013 | L44: 1284.14 | N44: =N43+H44-L44
B45: 46013 | L45: 146684.94 | N45: =N44+H45-L45
B46: 46015 | L46: 251327.53 | N46: =N45+H46-L46
N47: =N46
B48: 46035 | F48: 63822.55 | N48: =N47+H48-L48
B49: 46035 | C49: 1449.4 | D49: =-H49/F49 | E49: 2000000038 | F49: -63797.55 | H49: 444337.18 | K49: 25 | N49: =N48+H49-L49
B50: 46035 | L50: 25054.2 | N50: =N49+H50-L50
B51: 46037 | L51: 2403.6 | N51: =N50+H51-L51
B52: 46038 | L52: 2741.2021 | N52: =N51+H52-L52
B53: 46038 | L53: 54391.908 | N53: =N52+H53-L53
B54: 46044 | L54: 348537.1 | N54: =N53+H54-L54
N55: =N54
B56: 46055 | L56: 140 | N56: =N55+H56-L56
B57: 46062 | F57: 75630.62 | N57: =N56+H57-L57
B58: 46062 | C58: 1451.2 | D58: =-H58/F58 | E58: 2000000421 | F58: -75605.62 | H58: 522918.71 | K58: 25 | N58: =N57+H58-L58
B59: 46063 | L59: 80846.2 | N59: =N58+H59-L59
B60: 46065 | L60: 20007.2 | N60: =N59+H60-L60
B61: 46066 | L61: 65112.4 | N61: =N60+H61-L61
B62: 46067 | L62: 89777.56 | N62: =N61+H62-L62
B63: 46077 | L63: 252472.24 | N63: =N62+H63-L63
B64: 46079 | L64: 553.6 | N64: =N63+H64-L64
N65: =N64
B66: 46093 | I66: 48000 | L66: 612 | N66: =N65+I66-L66
B67: 46098 | F67: 73089.83 | N67: =N66+H67-L67
B68: 46098 | C68: 1479.8 | D68: =-H68/F68 | E68: 2000000732 | F68: -73064.83 | H68: 502240.33 | K68: 25 | N68: =N67+H68-L68
B69: 46102 | I69: 42.57 | J69: 6.1549361 | N69: =N68+I69-L69
B70: 46104 | L70: 54848.294 | N70: =N69+I70-L70
B71: 46104 | L71: 142377.99 | N71: =N70+I71-L71
B72: 46105 | L72: 269648.75 | N72: =N71+I72-L72
N73: =N72
B74: 46128 | F74: 55078.72 | N74: =N73+H74-L74
B75: 46128 | C75: 1479.8 | D75: =-H75/F75 | E75: 2000000992 | F75: -55053.72 | H75: 374695.62 | K75: 25 | N75: =N74+H75-L75
B76: 46129 | L76: 58139.61 | N76: =N75+H76-L76
B77: 46132 | L77: 20007.2 | N77: =N76+H77-L77
B78: 46135 | L78: 60066.7 | N78: =N77+H78-L78
B79: 46135 | L79: 257166.45 | N79: =N78+H79-L79
B80: 46136 | L80: 35713.84 | N80: =N79+H80-L80
B81: 46137 | L81: 80769.52 | N81: =N80+H81-L81
N82: =N81
B83: 46148 | F83: 5226.93 | N83: =N82+H83-L83
B84: 46148 | C84: 1473.1 | D84: =-H84/F84 | E84: 2000001199 | F84: -5216.93 | H84: 35488.17 | K84: 10 | N84: =N83+H84-L84
B85: 46148 | L85: 1045.81 | N85: =N84+H85-L85
B86: 46154 | L86: 18396.3 | N86: =N85+H86-L86
B87: 46160 | F87: 59269.52 | L87: 471.36 | N87: =N86+H87-L87
B88: 46160 | C88: 1484.3 | D88: =-H88/F88 | E88: 2000001372 | F88: -59244.52 | H88: 402839.04 | K88: 25 | N88: =N87+H88-L88
B89: 46161 | L89: 16620.509 | N89: =N88+H89-L89
B90: 46161 | L90: 3386.69 | N90: =N89+H90-L90
B91: 46165 | L91: 381501.58 | N91: =N90+H91-L91
N92: =N91
B93: 46189 | F93: 74959.75 | N93: =N92+H93-L93
B94: 46189 | C94: 1527 | D94: =-H94/F94 | E94: 2000001534 | F94: -74934.75 | H94: 505742.12 | K94: 25 | N94: =N93+H94-L94
B95: 46191 | L95: 17950.74 | N95: =N94+H95-L95
B96: 46191 | L96: 186438.42 | N96: =N95+H96-L96
B97: 46194 | I97: 5.2984843 | J97: 35.76 | N97: =N96+J97-L97
B98: 46197 | L98: 283930.95 | N98: =N97+H98-L98
N99: =N98

Sheet 내역_25.01
B2: ▶ 25년 1월 전도금 정산 내역 (심천지사)_4000061 (B2F590) | H2: 보증금 입금 내역_1,234.5 (#1900000828 / #1200000234 / #100013313)
B3: 24년 12월 송금_1,433.2(#) | F3: 1433.2 | H3: 25년 1월 송금_1458.2(#) | L3: 1458.2 | N3: 25년 1월 2차 송금_1,434.30 (#) | R3: 1434.3 | X3: 1327.2
B4: 대계정 | C4: 소계정 | D4: 금액 (CNY) | E4: 금액 (USD) | F4: 금액 (KRW) | H4: 대계정 | I4: 소계정 | J4: 금액 (CNY) | K4: 금액 (USD) | L4: 금액 (KRW) | N4: 대계정 | O4: 소계정 | P4: 금액 (CNY) | Q4: 금액 (USD) | R4: 금액 (KRW)
A5: 51131050 | B5: 업무추진비 | C5: 일반 | F5: =ROUND(E5*$F$3,0) | H5: 업무추진비 | I5: 일반 | J5: 30124.08 | K5: 4115.82 | L5: =ROUND(K5*$L$3,0) | M5: =L5+F5 | N5: 업무추진비 | O5: 일반 | R5: =ROUND(Q5*$R$3,0) | S5: =F5+L5+R5
A6: 51061030 | B6: 여비교통비 | C6: 해외 | D6: 1600 | E6: 220.27 | F6: =ROUND(E6*$F$3,0) | H6: 여비교통비 | I6: 해외 | J6: 23408.08 | K6: 3198.22 | L6: =ROUND(K6*$L$3,0) | M6: =L6+F6 | N6: 여비교통비 | O6: 해외 | R6: =ROUND(Q6*$R$3,0) | S6: =F6+L6+R6
A7: 51201020 | B7: 지급임차료 | C7: 사무실임차료 | D7: 24455 | E7: 3366.74 | F7: =ROUND(E7*$F$3,0) | H7: 지급임차료 | I7: 사무실임차료 | L7: =ROUND(K7*$L$3,0) | M7: =L7+F7 | N7: 지급임차료 | O7: 사무실임차료 | R7: =ROUND(Q7*$R$3,0) | S7: =F7+L7+R7
A8: 51201030 | B8: 지급임차료 | C8: 차량임차료 | D8: 8307.64 | E8: 1143.72 | F8: =ROUND(E8*$F$3,0) | H8: 지급임차료 | I8: 차량임차료 | J8: 9192.36 | K8: 1255.94 | L8: =ROUND(K8*$L$3,0) | M8: =L8+F8 | N8: 지급임차료 | O8: 차량임차료 | R8: =ROUND(Q8*$R$3,0) | S8: =F8+L8+R8
A9: 51071700 | B9: 통신비 | C9: 기타 | F9: =ROUND(E9*$F$3,0) | H9: 통신비 | I9: 기타 | J9: 1412.84 | K9: 193.03 | L9: =ROUND(K9*$L$3,0) | M9: =L9+F9 | N9: 통신비 | O9: 기타 | R9: =ROUND(Q9*$R$3,0) | S9: =F9+L9+R9
A10: 51321010 | B10: 해외지사비 | D10: 43977.03 | E10: 6054.36 | F10: =ROUND(E10*$F$3,0) | H10: 해외지사비 | J10: 331930.54 | K10: 45402.28 | L10: =ROUND(K10*$L$3,0) | M10: =L10+F10 | N10: 해외지사비 | R10: =ROUND(Q10*$R$3,0) | S10: =F10+L10+R10
A11: 51031020 | B11: 급여(incentive) | C11: 성과급여조정 | F11: =ROUND(E11*$F$3,0) | G11: =G13/G12 | H11: 급여(incentive) | I11: 포상금 | L11: =ROUND(K11*$L$3,0) | M11: =L11+F11 | N11: 급여(incentive) | O11: 포상금 | Q11: 36 | R11: =ROUND(Q11*$R$3,0) | S11: =F11+L11+R11
A12: 52981010 | B12: (-)잡이익(50) | C12: (-)잡이익 | F12: =ROUND(E12*$F$3,0) | G12: =E13+Q13+AB13 | H12: (-)잡이익(50) | I12: (-)잡이익 | L12: =ROUND(K12*$L$3,0) | M12: =L12+F12 | N12: (-)잡이익(50) | O12: (-)잡이익 | R12: =ROUND(Q12*$R$3,0) | S12: =F12+L12+R12
B13: Total | D13: =SUM(D5:D11)-D12 | E13: =SUM(E5:E11)-E12 | F13: =SUM(F5:F11)-F12 | G13: =F13+R13+AC13 | H13: Total | J13: =SUM(J5:J11)-J12 | K13: =SUM(K5:K11)-K12 | L13: =SUM(L5:L11)-L12 | M13: =L13+F13 | N13: Total | P13: =SUM(P5:P11)-P12 | Q13: =SUM(Q5:Q11)-Q12 | R13: =SUM(R5:R11)-R12 | S13: =F13+L13+R13 | X13: =F13+R13
D14: =SUM(D7:D10) | E14: =SUM(E7:E10) | F14: =SUM(F7:F10) | J14: =J13+D13+P13 | K14: =K13+E13+Q13 | L14: =L13+F13+R13 | M14: =M16-E12 | P14: =P13+D13+J13 | Q14: =Q13+E13+K13 | R14: =R13+F13+L13
K15: =K16-H85 | M15: =M16-J85
K16: =SUBTOTAL(9,K19:K103) | M16: =SUBTOTAL(9,M19:M103)
B17: 날짜 | C17: 내역 | D17: 담당자 | E17: 증빙번호 | F17: 대계정 | G17: 소계정 | H17: 입금 | K17: 출금 | N17: 잔액 | R17: 항목
B18: 날짜 | C18: 내역 | D18: 담당자 | E18: 증빙번호 | F18: 대계정 | G18: 소계정 | H18: CNY | I18: 환산요율 | J18: USD | K18: CNY | L18: 환산요율 | M18: USD | N18: CNY | O18: USD | P18: 비고 | R18: 항목
B19: 45657 | N19: 78313.1 | O19: 10785.092 | S19: 10785.091
B20: 45667 | C20: 4분기 세금 비용 | E20: 1 | F20: 해외지사비 | K20: 42812.63 | L20: ='[2]통장내역(환율표)'!$D$238 | M20: =K20/L20 | N20: =N19+H20-K20 | O20: =O19+J20-M20 | P20: 12월 송금 | S20: =S19-M20
B21: 45670 | C21: USD입금 and RMB 환전 | E21: 2 | H21: 473948.32 | J21: 64806 | N21: =N20+H21-K21 | O21: =O20+J21-M21
B22: 45670 | C22: 은행수수료 | E22: 2 | F22: 해외지사비 | M22: 51 | N22: =N21+H22-K22 | O22: =O21+J22-M22
B23: 45672 | C23: DB HITEK조회확인서 수수료 | E23: 3 | F23: 해외지사비 | K23: 140 | L23: ='[2]통장내역(환율표)'!$D$238 | M23: =K23/L23 | N23: =N22+H23-K23 | O23: =O22+J23-M23 | P23: 12월 송금 | S23: =S20-M23
B24: 45672 | C24: 사무실 임대료/전기세 관련 | E24: 4 | F24: 지급임차료 | G24: 사무실 | K24: 24455 | L24: ='[2]통장내역(환율표)'!$D$238 | M24: =K24/L24 | N24: =N23+H24-K24 | O24: =O23+J24-M24 | P24: 12월 송금 | S24: =S23-M24
B25: 45672 | C25: 은행수수료 | E25: 5 | F25: 해외지사비 | K25: 7.2 | L25: ='[2]통장내역(환율표)'!$D$238 | M25: =K25/L25 | N25: =N24+H25-K25 | O25: =O24+J25-M25 | P25: 12월 송금 | S25: =S24-M25
B26: 45672 | C26: 사무실 주차비 | E26: 6 | F26: 여비교통비 | G26: 해외 | K26: 1600 | L26: ='[2]통장내역(환율표)'!$D$238 | M26: =K26/L26 | N26: =N25+H26-K26 | O26: =O25+J26-M26 | P26: 12월 송금 | S26: =S25-M26
B27: 45672 | C27: 은행수수료 | E27: 7 | F27: 해외지사비 | K27: 3.6 | L27: ='[2]통장내역(환율표)'!$D$238 | M27: =K27/L27 | N27: =N26+H27-K27 | O27: =O26+J27-M27 | P27: 12월 송금 | S27: =S26-M27
B28: 45674 | C28: 세무대행비 | E28: 8 | F28: 해외지사비 | K28: 1010 | L28: ='[2]통장내역(환율표)'!$D$238 | M28: =K28/L28 | N28: =N27+H28-K28 | O28: =O27+J28-M28 | P28: 12월 송금 | S28: =S27-M28
B29: 45674 | C29: 은행수수료 | E29: 9 | F29: 해외지사비 | K29: 3.6 | L29: ='[2]통장내역(환율표)'!$D$238 | M29: =K29/L29 | N29: =N28+H29-K29 | O29: =O28+J29-M29 | P29: 12월 송금 | S29: =S28-M29
B30: 45674 | C30: 차량 Rent비 | E30: 10 | F30: 지급임차료 | G30: 차량임차료 | K30: =L30*M30 | L30: ='[2]통장내역(환율표)'!$D$238 | M30: 1143.7198 | N30: =N29+H30-K30 | O30: =O29+J30-M30 | P30: 12월 송금 | S30: =S29-M30
B31: 45674 | C31: 차량 Rent비 | E31: 10 | F31: 지급임차료 | G31: 차량임차료 | K31: =10500-K30 | L31: ='[2]통장내역(환율표)'!$D$246 | M31: =K31/L31 | N31: =N30+H31-K31 | O31: =O30+J31-M31 | P31: 1월 송금 | S31: =64755-M31
B32: 45674 | C32: 차량 기사비 | E32: 10 | F32: 해외지사비 | K32: 6000 | L32: ='[2]통장내역(환율표)'!$D$246 | M32: =K32/L32 | N32: =N31+H32-K32 | O32: =O31+J32-M32 | P32: 1월 송금 | S32: =S31-M32
B33: 45674 | C33: 기사 야근비용 | E33: 10 | F33: 해외지사비 | K33: 610 | L33: ='[2]통장내역(환율표)'!$D$246 | M33: =K33/L33 | N33: =N32+H33-K33 | O33: =O32+J33-M33 | P33: 1월 송금 | S33: =S32-M33
B34: 45674 | C34: 차량 Rent비 | E34: 10 | F34: 지급임차료 | G34: 차량임차료 | K34: 7000 | L34: ='[2]통장내역(환율표)'!$D$246 | M34: =K34/L34 | N34: =N33+H34-K34 | O34: =O33+J34-M34 | P34: 1월 송금 | S34: =S33-M34
B35: 45674 | C35: 차량 기사비 | E35: 10 | F35: 해외지사비 | K35: 6000 | L35: ='[2]통장내역(환율표)'!$D$246 | M35: =K35/L35 | N35: =N34+H35-K35 | O35: =O34+J35-M35 | P35: 1월 송금 | S35: =S34-M35
B36: 45674 | C36: 기사 야근비용 | E36: 10 | F36: 해외지사비 | K36: 510 | L36: ='[2]통장내역(환율표)'!$D$246 | M36: =K36/L36 | N36: =N35+H36-K36 | O36: =O35+J36-M36 | P36: 1월 송금 | S36: =S35-M36
B37: 45674 | C37: 은행수수료 | E37: 11 | F37: 해외지사비 | K37: 7.2 | L37: ='[2]통장내역(환율표)'!$D$246 | M37: =K37/L37 | N37: =N36+H37-K37 | O37: =O36+J37-M37 | P37: 1월 송금 | S37: =S36-M37
B38: 45674 | C38: 사무실 WIFI+통신비 | E38: 12 | F38: 통신비 | G38: 기타 | K38: 417.84 | L38: ='[2]통장내역(환율표)'!$D$246 | M38: =K38/L38 | N38: =N37+H38-K38 | O38: =O37+J38-M38 | P38: 1월 송금 | R38: 신순연 | S38: =S37-M38
B39: 45674 | C39: 은행수수료 | E39: 13 | F39: 해외지사비 | K39: 3.6 | L39: ='[2]통장내역(환율표)'!$D$246 | M39: =K39/L39 | N39: =N38+H39-K39 | O39: =O38+J39-M39 | P39: 1월 송금 | R39: 신순연 | S39: =S38-M39
B40: 45674 | C40: 출장비 | E40: 14 | F40: 여비교통비 | G40: 해외 | K40: 2579.69 | L40: ='[2]통장내역(환율표)'!$D$246 | M40: =K40/L40 | N40: =N39+H40-K40 | O40: =O39+J40-M40 | P40: 1월 송금 | R40: Pan Shi Qiang | S40: =S39-M40
B41: 45674 | C41: 시내교통비 | E41: 15 | F41: 여비교통비 | G41: 해외 | K41: 178.26 | L41: ='[2]통장내역(환율표)'!$D$246 | M41: =K41/L41 | N41: =N40+H41-K41 | O41: =O40+J41-M41 | P41: 1월 송금 | R41: Pan Shi Qiang | S41: =S40-M41
B42: 45674 | C42: 택배비 | E42: 16 | F42: 해외지사비 | K42: 141.7 | L42: ='[2]통장내역(환율표)'!$D$246 | M42: =K42/L42 | N42: =N41+H42-K42 | O42: =O41+J42-M42 | P42: 1월 송금 | R42: Pan Shi Qiang | S42: =S41-M42
B43: 45674 | C43: 통신비 | E43: 17 | F43: 통신비 | G43: 기타 | K43: 98.8 | L43: ='[2]통장내역(환율표)'!$D$246 | M43: =K43/L43 | N43: =N42+H43-K43 | O43: =O42+J43-M43 | P43: 1월 송금 | R43: Pan Shi Qiang | S43: =S42-M43
B44: 45674 | C44: 은행수수료 | E44: 18 | F44: 해외지사비 | K44: 3.6 | L44: ='[2]통장내역(환율표)'!$D$246 | M44: =K44/L44 | N44: =N43+H44-K44 | O44: =O43+J44-M44 | P44: 1월 송금 | R44: Pan Shi Qiang | S44: =S43-M44
B45: 45674 | C45: 통신비 | E45: 19 | F45: 통신비 | G45: 기타 | K45: 300 | L45: ='[2]통장내역(환율표)'!$D$246 | M45: =K45/L45 | N45: =N44+H45-K45 | O45: =O44+J45-M45 | P45: 1월 송금 | R45: Zhang Liang | S45: =S44-M45
B46: 45674 | C46: 시내 | E46: 20 | F46: 여비교통비 | G46: 해외 | K46: 133.68 | L46: ='[2]통장내역(환율표)'!$D$246 | M46: =K46/L46 | N46: =N45+H46-K46 | O46: =O45+J46-M46 | P46: 1월 송금 | R46: Zhang Liang | S46: =S45-M46
B47: 45674 | C47: 택배비 | E47: 21 | F47: 해외지사비 | K47: 436.9 | L47: ='[2]통장내역(환율표)'!$D$246 | M47: =K47/L47 | N47: =N46+H47-K47 | O47: =O46+J47-M47 | P47: 1월 송금 | R47: Zhang Liang | S47: =S46-M47
B48: 45674 | C48: 사무용픔 | E48: 22 | F48: 해외지사비 | K48: 265.7 | L48: ='[2]통장내역(환율표)'!$D$246 | M48: =K48/L48 | N48: =N47+H48-K48 | O48: =O47+J48-M48 | P48: 1월 송금 | R48: Zhang Liang | S48: =S47-M48
B49: 45674 | C49: 은행수수료 | E49: 23 | F49: 해외지사비 | K49: 3.6 | L49: ='[2]통장내역(환율표)'!$D$246 | M49: =K49/L49 | N49: =N48+H49-K49 | O49: =O48+J49-M49 | P49: 1월 송금 | R49: Zhang Liang | S49: =S48-M49
B50: 45674 | C50: 시내/시외 | E50: 24 | F50: 여비교통비 | G50: 해외 | K50: 175.6 | L50: ='[2]통장내역(환율표)'!$D$246 | M50: =K50/L50 | N50: =N49+H50-K50 | O50: =O49+J50-M50 | P50: 1월 송금 | R50: Lin Jie Ting | S50: =S49-M50
B51: 45674 | C51: 통신비 | E51: 25 | F51: 통신비 | G51: 기타 | K51: 299.2 | L51: ='[2]통장내역(환율표)'!$D$246 | M51: =K51/L51 | N51: =N50+H51-K51 | O51: =O50+J51-M51 | P51: 1월 송금 | R51: Lin Jie Ting | S51: =S50-M51
B52: 45674 | C52: 택배비 | E52: 26 | F52: 해외지사비 | K52: 36 | L52: ='[2]통장내역(환율표)'!$D$246 | M52: =K52/L52 | N52: =N51+H52-K52 | O52: =O51+J52-M52 | P52: 1월 송금 | R52: Lin Jie Ting | S52: =S51-M52
B53: 45674 | C53: 업무추진비 | E53: 27 | F53: 업무추진비 | G53: 일반 | K53: 16527.08 | L53: ='[2]통장내역(환율표)'!$D$246 | M53: =K53/L53 | N53: =N52+H53-K53 | O53: =O52+J53-M53 | P53: 1월 송금 | R53: Lin Jie Ting | S53: =S52-M53
B54: 45674 | C54: 사무실 | E54: 28 | F54: 해외지사비 | K54: 5746.98 | L54: ='[2]통장내역(환율표)'!$D$246 | M54: =K54/L54 | N54: =N53+H54-K54 | O54: =O53+J54-M54 | P54: 1월 송금 | R54: Lin Jie Ting / pc. 모니터 | S54: =S53-M54
B55: 45674 | C55: 은행수수료 | E55: 29 | F55: 해외지사비 | K55: 7.2 | L55: ='[2]통장내역(환율표)'!$D$246 | M55: =K55/L55 | N55: =N54+H55-K55 | O55: =O54+J55-M55 | P55: 1월 송금 | R55: Lin Jie Ting | S55: =S54-M55
B56: 45674 | C56: 주유비 | E56: 30 | F56: 여비교통비 | G56: 해외 | K56: 2151 | L56: ='[2]통장내역(환율표)'!$D$246 | M56: =K56/L56 | N56: =N55+H56-K56 | O56: =O55+J56-M56 | P56: 1월 송금 | R56: Chen Guo Liang | S56: =S55-M56
B57: 45674 | C57: 주차비 | E57: 31 | F57: 여비교통비 | G57: 해외 | K57: 177 | L57: ='[2]통장내역(환율표)'!$D$246 | M57: =K57/L57 | N57: =N56+H57-K57 | O57: =O56+J57-M57 | P57: 1월 송금 | R57: Chen Guo Liang | S57: =S56-M57
B58: 45674 | C58: 톨비 | E58: 32 | F58: 여비교통비 | G58: 해외 | K58: 308 | L58: ='[2]통장내역(환율표)'!$D$246 | M58: =K58/L58 | N58: =N57+H58-K58 | O58: =O57+J58-M58 | P58: 1월 송금 | R58: Chen Guo Liang | S58: =S57-M58
B59: 45674 | C59: 은행수수료 | E59: 33 | F59: 해외지사비 | K59: 3.6 | L59: ='[2]통장내역(환율표)'!$D$246 | M59: =K59/L59 | N59: =N58+H59-K59 | O59: =O58+J59-M59 | P59: 1월 송금 | R59: Chen Guo Liang | S59: =S58-M59
B60: 45674 | C60: 주유비 | E60: 34 | F60: 여비교통비 | G60: 해외 | K60: 1050 | L60: ='[2]통장내역(환율표)'!$D$246 | M60: =K60/L60 | N60: =N59+H60-K60 | O60: =O59+J60-M60 | P60: 1월 송금 | R60: Liu Ming Liang | S60: =S59-M60
B61: 45674 | C61: 톨비 | E61: 35 | F61: 여비교통비 | G61: 해외 | K61: 212 | L61: ='[2]통장내역(환율표)'!$D$246 | M61: =K61/L61 | N61: =N60+H61-K61 | O61: =O60+J61-M61 | P61: 1월 송금 | R61: Liu Ming Liang | S61: =S60-M61
B62: 45674 | C62: 주차비 | E62: 36 | F62: 여비교통비 | G62: 해외 | K62: 103 | L62: ='[2]통장내역(환율표)'!$D$246 | M62: =K62/L62 | N62: =N61+H62-K62 | O62: =O61+J62-M62 | P62: 1월 송금 | R62: Liu Ming Liang | S62: =S61-M62
B63: 45674 | C63: 은행수수료 | E63: 37 | F63: 해외지사비 | K63: 3.6 | L63: ='[2]통장내역(환율표)'!$D$246 | M63: =K63/L63 | N63: =N62+H63-K63 | O63: =O62+J63-M63 | P63: 1월 송금 | R63: Liu Ming Liang | S63: =S62-M63
B64: 45677 | C64: 출장비 | E64: 38 | F64: 여비교통비 | G64: 해외 | K64: 5580.13 | L64: ='[2]통장내역(환율표)'!$D$246 | M64: =K64/L64 | N64: =N63+H64-K64 | O64: =O63+J64-M64 | P64: 1월 송금 | R64: 김명관 | S64: =S63-M64
B65: 45677 | C65: 업무추진비 | E65: 39 | F65: 업무추진비 | G65: 일반 | K65: 13597 | L65: ='[2]통장내역(환율표)'!$D$246 | M65: =K65/L65 | N65: =N64+H65-K65 | O65: =O64+J65-M65 | P65: 1월 송금 | R65: 김명관 | S65: =S64-M65
B66: 45677 | C66: 통신비 | E66: 40 | F66: 통신비 | G66: 기타 | K66: 297 | L66: ='[2]통장내역(환율표)'!$D$246 | M66: =K66/L66 | N66: =N65+H66-K66 | O66: =O65+J66-M66 | P66: 1월 송금 | R66: 김명관 | S66: =S65-M66
B67: 45677 | C67: 은행수수료 | E67: 41 | F67: 해외지사비 | K67: 7.2 | L67: ='[2]통장내역(환율표)'!$D$246 | M67: =K67/L67 | N67: =N66+H67-K67 | O67: =O66+J67-M67 | P67: 1월 송금 | R67: 김명관 | S67: =S66-M67
B68: 45677 | C68: 출장비 | E68: 42 | F68: 여비교통비 | G68: 해외 | K68: 10595.86 | L68: ='[2]통장내역(환율표)'!$D$246 | M68: =K68/L68 | N68: =N67+H68-K68 | O68: =O67+J68-M68 | P68: 1월 송금 | R68: Piao Mei Ling | S68: =S67-M68
B69: 45677 | C69: 시내교통비 | E69: 43 | F69: 여비교통비 | G69: 해외 | K69: 163.86 | L69: ='[2]통장내역(환율표)'!$D$246 | M69: =K69/L69 | N69: =N68+H69-K69 | O69: =O68+J69-M69 | P69: 1월 송금 | R69: Piao Mei Ling | S69: =S68-M69
B70: 45677 | C70: 사무용품 | E70: 44 | F70: 해외지사비 | K70: 59 | L70: ='[2]통장내역(환율표)'!$D$246 | M70: =K70/L70 | N70: =N69+H70-K70 | O70: =O69+J70-M70 | P70: 1월 송금 | R70: Piao Mei Ling | S70: =S69-M70
B71: 45677 | C71: 은행수수료 | E71: 45 | F71: 해외지사비 | K71: 7.2 | L71: ='[2]통장내역(환율표)'!$D$246 | M71: =K71/L71 | N71: =N70+H71-K71 | O71: =O70+J71-M71 | P71: 1월 송금 | R71: Piao Mei Ling | S71: =S70-M71
B72: 45679 | C72: 전문법율서비스 | E72: 46 | F72: 해외지사비 | K72: 15000 | L72: ='[2]통장내역(환율표)'!$D$246 | M72: =K72/L72 | N72: =N71+H72-K72 | O72: =O71+J72-M72 | P72: 1월 송금 | S72: =S71-M72
B73: 45679 | C73: 은행수수료 | E73: 47 | F73: 해외지사비 | K73: 7.2 | L73: ='[2]통장내역(환율표)'!$D$246 | M73: =K73/L73 | N73: =N72+H73-K73 | O73: =O72+J73-M73 | P73: 1월 송금 | S73: =S72-M73
B74: 45680 | C74: 주재원 주재수당 | E74: 48 | F74: 해외지사비 | K74: 16000 | L74: ='[2]통장내역(환율표)'!$D$246 | M74: =K74/L74 | N74: =N73+H74-K74 | O74: =O73+J74-M74 | P74: 1월 송금 | R74: 김명관 | S74: =S73-M74
B75: 45680 | C75: 주재원 주택수당 | E75: 48 | F75: 해외지사비 | K75: 24000 | L75: ='[2]통장내역(환율표)'!$D$246 | M75: =K75/L75 | N75: =N74+H75-K75 | O75: =O74+J75-M75 | P75: 1월 송금 | R75: 김명관 | S75: =S74-M75
B76: 45680 | C76: 보험(주재원/현채인) | E76: 48 | F76: 해외지사비 | K76: 5305.19 | L76: ='[2]통장내역(환율표)'!$D$246 | M76: =K76/L76 | N76: =N75+H76-K76 | O76: =O75+J76-M76 | P76: 1월 송금 | R76: 김명관 | S76: =S75-M76
B77: 45680 | C77: 세금(주재원/현채인) | E77: 48 | F77: 해외지사비 | K77: 1001.04 | L77: ='[2]통장내역(환율표)'!$D$246 | M77: =K77/L77 | N77: =N76+H77-K77 | O77: =O76+J77-M77 | P77: 1월 송금 | R77: 김명관 | S77: =S76-M77
B78: 45680 | C78: 대행수수료 | E78: 48 | F78: 해외지사비 | K78: 300 | L78: ='[2]통장내역(환율표)'!$D$246 | M78: =K78/L78 | N78: =N77+H78-K78 | O78: =O77+J78-M78 | P78: 1월 송금 | R78: 김명관 | S78: =S77-M78
B79: 45680 | C79: 주재원 주재수당 | E79: 48 | F79: 해외지사비 | K79: 16000 | L79: ='[2]통장내역(환율표)'!$D$246 | M79: =K79/L79 | N79: =N78+H79-K79 | O79: =O78+J79-M79 | P79: 1월 송금 | R79: 신순연 | S79: =S78-M79
B80: 45680 | C80: 주재원 주택수당 | E80: 48 | F80: 해외지사비 | K80: 24000 | L80: ='[2]통장내역(환율표)'!$D$246 | M80: =K80/L80 | N80: =N79+H80-K80 | O80: =O79+J80-M80 | P80: 1월 송금 | R80: 신순연 | S80: =S79-M80
B81: 45680 | C81: 보험(주재원/현채인) | E81: 48 | F81: 해외지사비 | K81: 8726.19 | L81: ='[2]통장내역(환율표)'!$D$246 | M81: =K81/L81 | N81: =N80+H81-K81 | O81: =O80+J81-M81 | P81: 1월 송금 | R81: 신순연 | S81: =S80-M81
B82: 45680 | C82: 세금(주재원/현채인) | E82: 48 | F82: 해외지사비 | K82: 950.1 | L82: ='[2]통장내역(환율표)'!$D$246 | M82: =K82/L82 | N82: =N81+H82-K82 | O82: =O81+J82-M82 | P82: 1월 송금 | R82: 신순연 | S82: =S81-M82
B83: 45680 | C83: 대행수수료 | E83: 48 | F83: 해외지사비 | K83: 300 | L83: ='[2]통장내역(환율표)'!$D$246 | M83: =K83/L83 | N83: =N82+H83-K83 | O83: =O82+J83-M83 | P83: 1월 송금 | R83: 신순연 | S83: =S82-M83
B84: 45680 | C84: 현채인 월급 | E84: 48 | F84: 해외지사비 | K84: 25750 | L84: ='[2]통장내역(환율표)'!$D$246 | M84: =K84/L84 | N84: =N83+H84-K84 | O84: =O83+J84-M84 | P84: 1월 송금 | R84: FAE (Pan Shi Qiang) | S84: =S83-M84
B85: 45680 | C85: 보너스 | E85: 48 | F85: 해외지사비 | K85: 66500 | L85: ='[2]통장내역(환율표)'!$D$246 | M85: =K85/L85 | N85: =N84+H85-K85 | O85: =O84+J85-M85 | P85: 1월 송금 | R85: FAE (Pan Shi Qiang) | S85: =S84-M85
... B102: 45680 | C102: 일비 | E102: 48 | F102: 해외지사비 | K102: 600 | L102: ='[2]통장내역(환율표)'!$D$246 | M102: =K102/L102 | N102: =N101+H102-K102 | O102: =O101+J102-M102 | P102: 1월 송금 | R102: 朴美玲 박미령 | S102: =S101-M102
B103: 45680 | C103: 은행수수료 | E103: 49 | F103: 해외지사비 | K103: 12 | L103: ='[2]통장내역(환율표)'!$D$246 | M103: =K103/L103 | N103: =N102+H103-K103 | O103: =O102+J103-M103 | P103: 1월 송금 | S103: =S102-M103
B104: 45682 | C104: USD입금 and RMB 환전 | E104: 50 | F104: 해외지사비 | H104: 56133.42 | J104: 7802 | N104: =N103+H104-K104 | O104: =O103+J104-M104 | P104: 1월 2차 송금
B105: 45682 | C105: USD입금 and RMB 환전 | E105: 50 | F105: 해외지사비 | M105: 36 | N105: =N104+H105-K105 | O105: =O104+J105-M105 | P105: 1월 2차 송금

Sheet 내역_25.02
B2: ▶ 25년 2월 전도금 정산 내역 (심천지사)_4000061 (B2F590) | H2: 보증금 입금 내역_1,234.5 (#1900000828 / #1200000234 / #100013313)
B3: 25년 1월 송금_1458.2(#) | F3: 1458.2 | H3: 25년 1월 2차 송금_1,434.30 (#) | L3: 1434.3 | N3: 25년 2월 송금_1447.40 (#) | R3: 1447.4 | X3: 1327.2
B4: 대계정 | C4: 소계정 | D4: 금액 (CNY) | E4: 금액 (USD) | F4: 금액 (KRW) | H4: 대계정 | I4: 소계정 | J4: 금액 (CNY) | K4: 금액 (USD) | L4: 금액 (KRW) | N4: 대계정 | O4: 소계정 | P4: 금액 (CNY) | Q4: 금액 (USD) | R4: 금액 (KRW)
A5: 51131050 | B5: 업무추진비 | C5: 일반 | D5: 13162.8 | E5: 1798.42 | F5: =ROUND(E5*$F$3,0) | H5: 업무추진비 | I5: 일반 | J5: 3415.36 | K5: 472.51 | L5: =ROUND(K5*$L$3,0) | M5: =L5+F5 | N5: 업무추진비 | O5: 일반 | R5: =ROUND(Q5*$R$3,0) | S5: =F5+L5+R5
A6: 51061030 | B6: 여비교통비 | C6: 해외 | D6: 7210.07 | E6: 985.1 | F6: =ROUND(E6*$F$3,0) | H6: 여비교통비 | I6: 해외 | J6: 7124.78 | K6: 985.71 | L6: =ROUND(K6*$L$3,0) | M6: =L6+F6 | N6: 여비교통비 | O6: 해외 | R6: =ROUND(Q6*$R$3,0) | S6: =F6+L6+R6
A7: 51201020 | B7: 지급임차료 | C7: 사무실임차료 | D7: 24224 | E7: 3309.7 | F7: =ROUND(E7*$F$3,0) | H7: 지급임차료 | I7: 사무실임차료 | L7: =ROUND(K7*$L$3,0) | M7: =L7+F7 | N7: 지급임차료 | O7: 사무실임차료 | R7: =ROUND(Q7*$R$3,0) | S7: =F7+L7+R7
A8: 51201030 | B8: 지급임차료 | C8: 차량임차료 | D8: 17500 | E8: 2391 | F8: =ROUND(E8*$F$3,0) | H8: 지급임차료 | I8: 차량임차료 | L8: =ROUND(K8*$L$3,0) | M8: =L8+F8 | N8: 지급임차료 | O8: 차량임차료 | R8: =ROUND(Q8*$R$3,0) | S8: =F8+L8+R8
A9: 51071700 | B9: 통신비 | C9: 기타 | D9: 1155.8 | E9: 157.92 | F9: =ROUND(E9*$F$3,0) | H9: 통신비 | I9: 기타 | J9: 93.06 | K9: 12.87 | L9: =ROUND(K9*$L$3,0) | M9: =L9+F9 | N9: 통신비 | O9: 기타 | R9: =ROUND(Q9*$R$3,0) | S9: =F9+L9+R9
A10: 51321010 | B10: 해외지사비 | D10: 14627.75 | E10: 1998.57 | F10: =ROUND(E10*$F$3,0) | H10: 해외지사비 | J10: 45500.22 | K10: 6294.91 | L10: =ROUND(K10*$L$3,0) | M10: =L10+F10 | N10: 해외지사비 | P10: 167290.76 | Q10: 22984.82 | R10: =ROUND(Q10*$R$3,0) | S10: =F10+L10+R10
A11: 51031020 | B11: 급여(incentive) | C11: 성과급여조정 | F11: =ROUND(E11*$F$3,0) | G11: =G13/G12 | H11: 급여(incentive) | I11: 포상금 | L11: =ROUND(K11*$L$3,0) | M11: =L11+F11 | N11: 급여(incentive) | O11: 포상금 | P11: 56779 | Q11: 7783.81 | R11: =ROUND(Q11*$R$3,0) | S11: =F11+L11+R11
A12: 52981010 | B12: (-)잡이익(50) | C12: (-)잡이익 | F12: =ROUND(E12*$F$3,0) | G12: =E13+Q13+AB13 | H12: (-)잡이익(50) | I12: (-)잡이익 | L12: =ROUND(K12*$L$3,0) | M12: =L12+F12 | N12: (-)잡이익(50) | O12: (-)잡이익 | R12: =ROUND(Q12*$R$3,0) | S12: =F12+L12+R12
B13: Total | D13: =SUM(D5:D11)-D12 | E13: =SUM(E5:E11)-E12 | F13: =SUM(F5:F11)-F12 | G13: =F13+R13+AC13 | H13: Total | J13: =SUM(J5:J11)-J12 | K13: =SUM(K5:K11)-K12 | L13: =SUM(L5:L11)-L12 | M13: =L13+F13 | N13: Total | P13: =SUM(P5:P11)-P12 | Q13: =SUM(Q5:Q11)-Q12 | R13: =SUM(R5:R11)-R12 | S13: =F13+L13+R13 | X13: =F13+R13
D14: =SUM(D7:D10) | E14: =SUM(E7:E10) | F14: =SUM(F7:F10) | J14: =J13+D13+P13 | K14: =K13+E13+Q13 | L14: =L13+F13+R13 | M14: =M16-E12 | P14: =P13+D13+J13 | Q14: =Q13+E13+K13 | R14: =R13+F13+L13
K15: =K16-H95 | M15: =M16-J95
K16: =SUBTOTAL(9,K19:K97) | M16: =SUBTOTAL(9,M19:M97)
B17: 날짜 | C17: 내역 | D17: 담당자 | E17: 증빙번호 | F17: 대계정 | G17: 소계정 | H17: 입금 | K17: 출금 | N17: 잔액 | R17: 항목
B18: 날짜 | C18: 내역 | D18: 담당자 | E18: 증빙번호 | F18: 대계정 | G18: 소계정 | H18: CNY | I18: 환산요율 | J18: USD | K18: CNY | L18: 환산요율 | M18: USD | N18: CNY | O18: USD | P18: 비고 | R18: 항목
B19: 45688 | N19: 133987.27 | O19: 18406.711 | S19: 10640.71
B20: 45699 | C20: USD입금 and RMB 환전 | E20: 1 | H20: 324926.21 | J20: 44595 | N20: =N19+H20-K20 | O20: =O19+J20-M20 | S20: =S19-M20
C21: 은행수수료 | F21: 해외지사비 | M21: 51 | N21: =N20+H21-K21 | O21: =O20+J21-M21 | P21: 2월 송금
B22: 45702 | C22: 사무실 임대료/전기세 관련 | E22: 2 | F22: 지급임차료 | G22: 사무실임차료 | K22: 24224 | L22: =#REF! | M22: =K22/L22 | N22: =N21+H22-K22 | O22: =O21+J22-M22 | P22: 1월 송금 | S22: =S20-M22
B23: 45702 | C23: 은행수수료 | E23: 3 | F23: 해외지사비 | K23: 7.2 | L23: =#REF! | M23: =K23/L23 | N23: =N22+H23-K23 | O23: =O22+J23-M23 | P23: 1월 송금 | S23: =S22-M23
B24: 45702 | C24: 사무실 주차비 | E24: 4 | F24: 여비교통비 | G24: 해외 | K24: 1600 | L24: =#REF! | M24: =K24/L24 | N24: =N23+H24-K24 | O24: =O23+J24-M24 | P24: 1월 송금 | S24: =S23-M24
B25: 45702 | C25: 은행수수료 | E25: 5 | F25: 해외지사비 | K25: 3.6 | L25: =#REF! | M25: =K25/L25 | N25: =N24+H25-K25 | O25: =O24+J25-M25 | P25: 1월 송금 | S25: =S24-M25
B26: 45708 | C26: 세무대행비 | E26: 6 | F26: 해외지사비 | K26: 1010 | L26: =#REF! | M26: =K26/L26 | N26: =N25+H26-K26 | O26: =O25+J26-M26 | P26: 1월 송금 | S26: =S25-M26
B27: 45708 | C27: 은행수수료 | E27: 7 | F27: 해외지사비 | K27: 3.6 | L27: =#REF! | M27: =K27/L27 | N27: =N26+H27-K27 | O27: =O26+J27-M27 | P27: 1월 송금 | S27: =S26-M27
B28: 45708 | C28: 차량 Rent비 | E28: 8 | F28: 지급임차료 | G28: 차량임차료 | K28: 10500 | L28: =#REF! | M28: =K28/L28 | N28: =N27+H28-K28 | O28: =O27+J28-M28 | P28: 1월 송금 | S28: =S27-M28
B29: 45708 | C29: 차량 기사비 | E29: 8 | F29: 해외지사비 | K29: 6000 | L29: =#REF! | M29: =K29/L29 | N29: =N28+H29-K29 | O29: =O28+J29-M29 | P29: 1월 송금 | S29: =S28-M29
B30: 45708 | C30: 기사 야근비용 | E30: 8 | F30: 해외지사비 | K30: 680 | L30: =#REF! | M30: =K30/L30 | N30: =N29+H30-K30 | O30: =O29+J30-M30 | P30: 1월 송금 | S30: =S29-M30
B31: 45708 | C31: 차량 Rent비 | E31: 8 | F31: 지급임차료 | G31: 차량임차료 | K31: 7000 | L31: =#REF! | M31: =K31/L31 | N31: =N30+H31-K31 | O31: =O30+J31-M31 | P31: 1월 송금 | S31: =S30-M31
B32: 45708 | C32: 차량 기사비 | E32: 8 | F32: 해외지사비 | K32: 6000 | L32: =#REF! | M32: =K32/L32 | N32: =N31+H32-K32 | O32: =O31+J32-M32 | P32: 1월 송금 | S32: =S31-M32
B33: 45708 | C33: 기사 야근비용 | E33: 8 | F33: 해외지사비 | K33: 230 | L33: =#REF! | M33: =K33/L33 | N33: =N32+H33-K33 | O33: =O32+J33-M33 | P33: 1월 송금 | S33: =S32-M33
B34: 45708 | C34: 은행수수료 | E34: 9 | F34: 해외지사비 | K34: 7.2 | L34: =#REF! | M34: =K34/L34 | N34: =N33+H34-K34 | O34: =O33+J34-M34 | P34: 1월 송금 | S34: =S33-M34
B35: 45708 | C35: 신순연_사무실 wfi, 통신비 | E35: 10 | F35: 통신비 | G35: 기타 | K35: 397.8 | L35: =#REF! | M35: =K35/L35 | N35: =N34+H35-K35 | O35: =O34+J35-M35 | P35: 1월 송금 | S35: =S34-M35
B36: 45708 | C36: 은행수수료 | E36: 11 | F36: 해외지사비 | K36: 3.6 | L36: =#REF! | M36: =K36/L36 | N36: =N35+H36-K36 | O36: =O35+J36-M36 | P36: 1월 송금 | S36: =S35-M36
B37: 45708 | C37: Pan Shi Qiang_출장비 | E37: 12 | F37: 여비교통비 | G37: 해외 | K37: 1231.33 | L37: =#REF! | M37: =K37/L37 | N37: =N36+H37-K37 | O37: =O36+J37-M37 | P37: 1월 송금 | S37: =S36-M37
B38: 45708 | C38: Pan Shi Qiang_통신비 | E38: 13 | F38: 통신비 | G38: 기타 | K38: 108.9 | L38: =#REF! | M38: =K38/L38 | N38: =N37+H38-K38 | O38: =O37+J38-M38 | P38: 1월 송금 | S38: =S37-M38
B39: 45708 | C39: 은행수수료 | E39: 14 | F39: 해외지사비 | K39: 3.6 | L39: =#REF! | M39: =K39/L39 | N39: =N38+H39-K39 | O39: =O38+J39-M39 | P39: 1월 송금 | S39: =S38-M39
B40: 45708 | C40: Zhang Liang_시내교통비 | E40: 15 | F40: 여비교통비 | G40: 해외 | K40: 503.6 | L40: =#REF! | M40: =K40/L40 | N40: =N39+H40-K40 | O40: =O39+J40-M40 | P40: 1월 송금 | S40: =S39-M40
B41: 45708 | C41: Zhang Liang_출장비 | E41: 16 | F41: 여비교통비 | G41: 해외 | K41: 617.75 | L41: =#REF! | M41: =K41/L41 | N41: =N40+H41-K41 | O41: =O40+J41-M41 | P41: 1월 송금 | S41: =S40-M41
B42: 45708 | C42: Zhang Liang_통신비 | E42: 17 | F42: 통신비 | G42: 기타 | K42: 350 | L42: =#REF! | M42: =K42/L42 | N42: =N41+H42-K42 | O42: =O41+J42-M42 | P42: 1월 송금 | S42: =S41-M42
B43: 45708 | C43: Zhang Liang_택배비 | E43: 18 | F43: 해외지사비 | K43: 133.15 | L43: =#REF! | M43: =K43/L43 | N43: =N42+H43-K43 | O43: =O42+J43-M43 | P43: 1월 송금 | S43: =S42-M43
B44: 45708 | C44: Zhang Liang_사무용품 | E44: 19 | F44: 해외지사비 | K44: 369.6 | L44: =#REF! | M44: =K44/L44 | N44: =N43+H44-K44 | O44: =O43+J44-M44 | P44: 1월 송금 | S44: =S43-M44
B45: 45708 | C45: 은행수수료 | E45: 20 | F45: 해외지사비 | K45: 3.6 | L45: =#REF! | M45: =K45/L45 | N45: =N44+H45-K45 | O45: =O44+J45-M45 | P45: 1월 송금 | S45: =S44-M45
B46: 45708 | C46: Lin Jie Ting_시내/시외교통비 | E46: 21 | F46: 여비교통비 | G46: 해외 | K46: 292.46 | L46: =#REF! | M46: =K46/L46 | N46: =N45+H46-K46 | O46: =O45+J46-M46 | P46: 1월 송금 | S46: =S45-M46
B47: 45708 | C47: Lin Jie Ting_통신비 | E47: 22 | F47: 통신비 | G47: 기타 | K47: 299.1 | L47: =#REF! | M47: =K47/L47 | N47: =N46+H47-K47 | O47: =O46+J47-M47 | P47: 1월 송금 | S47: =S46-M47
B48: 45708 | C48: Lin Jie Ting_택배비 | E48: 23 | F48: 해외지사비 | K48: 24 | L48: =#REF! | M48: =K48/L48 | N48: =N47+H48-K48 | O48: =O47+J48-M48 | P48: 1월 송금 | S48: =S47-M48
B49: 45708 | C49: Lin Jie Ting_사무용품비 | E49: 24 | F49: 해외지사비 | K49: 145 | L49: =#REF! | M49: =K49/L49 | N49: =N48+H49-K49 | O49: =O48+J49-M49 | P49: 1월 송금 | S49: =S48-M49
B50: 45708 | C50: Lin Jie Ting_업무추진비 | E50: 25 | F50: 업무추진비 | G50: 일반 | K50: 2929.16 | L50: =#REF! | M50: =K50/L50 | N50: =N49+H50-K50 | O50: =O49+J50-M50 | P50: 1월 송금 | S50: =S49-M50
B51: 45708 | C51: 은행수수료 | E51: 26 | F51: 해외지사비 | K51: 3.6 | L51: =#REF! | M51: =K51/L51 | N51: =N50+H51-K51 | O51: =O50+J51-M51 | P51: 1월 송금 | S51: =S50-M51
B52: 45708 | C52: 김명관_출장비 | E52: 27 | F52: 여비교통비 | G52: 해외 | K52: 2964.93 | L52: =#REF! | M52: =K52/L52 | N52: =N51+H52-K52 | O52: =O51+J52-M52 | P52: 1월 송금 | S52: =S51-M52
B53: 45708 | C53: 김명관_업무추진비 | E53: 28 | F53: 업무추진비 | G53: 일반 | K53: =L53*M53 | L53: =#REF! | M53: 1398.2099 | N53: =N52+H53-K53 | O53: =O52+J53-M53 | P53: 1월 송금 | S53: =S52-M53
B54: 45708 | C54: 김명관_업무추진비 | E54: 28 | F54: 업무추진비 | G54: 일반 | K54: =13575-K53 | L54: =#REF! | M54: =K54/L54 | N54: =N53+H54-K54 | O54: =O53+J54-M54 | P54: 1월 2차 송금 | S54: =7766-M54
B55: 45708 | C55: 은행수수료 | E55: 29 | F55: 해외지사비 | K55: 7.2 | L55: =#REF! | M55: =K55/L55 | N55: =N54+H55-K55 | O55: =O54+J55-M55 | P55: 1월 2차 송금 | S55: =S54-M55
B56: 45708 | C56: Piao Mei Ling_업무추진비 | E56: 30 | F56: 업무추진비 | G56: 일반 | K56: 74 | L56: =#REF! | M56: =K56/L56 | N56: =N55+H56-K56 | O56: =O55+J56-M56 | P56: 1월 2차 송금 | S56: =S55-M56
B57: 45708 | C57: Piao Mei Ling_통신비 | E57: 31 | F57: 통신비 | G57: 기타 | K57: 93.06 | L57: =#REF! | M57: =K57/L57 | N57: =N56+H57-K57 | O57: =O56+J57-M57 | P57: 1월 2차 송금 | S57: =S56-M57
B58: 45708 | C58: Piao Mei Ling_출장비 | E58: 32 | F58: 여비교통비 | G58: 해외 | K58: 1970.3 | L58: =#REF! | M58: =K58/L58 | N58: =N57+H58-K58 | O58: =O57+J58-M58 | P58: 1월 2차 송금 | S58: =S57-M58
B59: 45708 | C59: Piao Mei Ling_시내교통비 | E59: 33 | F59: 여비교통비 | G59: 해외 | K59: 93.48 | L59: =#REF! | M59: =K59/L59 | N59: =N58+H59-K59 | O59: =O58+J59-M59 | P59: 1월 2차 송금 | S59: =S58-M59
B60: 45708 | C60: Piao Mei Ling_사무실운영비 | E60: 34 | F60: 해외지사비 | K60: 137.4 | L60: =#REF! | M60: =K60/L60 | N60: =N59+H60-K60 | O60: =O59+J60-M60 | P60: 1월 2차 송금 | S60: =S59-M60
B61: 45708 | C61: 은행수수료 | E61: 35 | F61: 해외지사비 | K61: 3.6 | L61: =#REF! | M61: =K61/L61 | N61: =N60+H61-K61 | O61: =O60+J61-M61 | P61: 1월 2차 송금 | S61: =S60-M61
B62: 45708 | C62: Chen Guo Liang_주차비 | E62: 36 | F62: 여비교통비 | G62: 해외 | K62: 270 | L62: =#REF! | M62: =K62/L62 | N62: =N61+H62-K62 | O62: =O61+J62-M62 | P62: 1월 2차 송금 | S62: =S61-M62
B63: 45708 | C63: Chen Guo Liang_주유비 | E63: 37 | F63: 여비교통비 | G63: 해외 | K63: 2380 | L63: =#REF! | M63: =K63/L63 | N63: =N62+H63-K63 | O63: =O62+J63-M63 | P63: 1월 2차 송금 | S63: =S62-M63
B64: 45708 | C64: Chen Guo Liang_톨비 | E64: 38 | F64: 여비교통비 | G64: 해외 | K64: 381 | L64: =#REF! | M64: =K64/L64 | N64: =N63+H64-K64 | O64: =O63+J64-M64 | P64: 1월 2차 송금 | S64: =S63-M64
B65: 45708 | C65: 은행수수료 | E65: 39 | F65: 해외지사비 | K65: 3.6 | L65: =#REF! | M65: =K65/L65 | N65: =N64+H65-K65 | O65: =O64+J65-M65 | P65: 1월 2차 송금 | S65: =S64-M65
B66: 45708 | C66: Liu Ming Liang_톨비 | E66: 40 | F66: 여비교통비 | G66: 해외 | K66: 497 | L66: =#REF! | M66: =K66/L66 | N66: =N65+H66-K66 | O66: =O65+J66-M66 | P66: 1월 2차 송금 | S66: =S65-M66
B67: 45708 | C67: Liu Ming Liang_주유비 | E67: 41 | F67: 여비교통비 | G67: 해외 | K67: 1488 | L67: =#REF! | M67: =K67/L67 | N67: =N66+H67-K67 | O67: =O66+J67-M67 | P67: 1월 2차 송금 | S67: =S66-M67
B68: 45708 | C68: Liu Ming Liang_주차비 | E68: 42 | F68: 여비교통비 | G68: 해외 | K68: 45 | L68: =#REF! | M68: =K68/L68 | N68: =N67+H68-K68 | O68: =O67+J68-M68 | P68: 1월 2차 송금 | S68: =S67-M68
B69: 45708 | C69: 은행수수료 | E69: 43 | F69: 해외지사비 | K69: 3.6 | L69: =#REF! | M69: =K69/L69 | N69: =N68+H69-K69 | O69: =O68+J69-M69 | P69: 1월 2차 송금 | S69: =S68-M69
B70: 45708 | C70: 주재원 주재수당 | E70: 44 | F70: 해외지사비 | K70: 16000 | L70: =#REF! | M70: =K70/L70 | N70: =N69+H70-K70 | O70: =O69+J70-M70 | P70: 1월 2차 송금 | S70: =S69-M70
B71: 45708 | C71: 주재원 주택수당 | E71: 44 | F71: 해외지사비 | K71: 24000 | L71: =#REF! | M71: =K71/L71 | N71: =N70+H71-K71 | O71: =O70+J71-M71 | P71: 1월 2차 송금 | S71: =S70-M71
B72: 45708 | C72: 보험(주재원/현채인) | E72: 44 | F72: 해외지사비 | K72: 5305.19 | L72: =#REF! | M72: =K72/L72 | N72: =N71+H72-K72 | O72: =O71+J72-M72 | P72: 1월 2차 송금 | S72: =S71-M72
B73: 45708 | C73: 세금(주재원/현채인) | E73: 44 | F73: 해외지사비 | K73: =L73*M73 | L73: =#REF! | M73: 5.4824733 | N73: =N72+H73-K73 | O73: =O72+J73-M73 | P73: 1월 2차 송금 | S73: =S72-M73
B74: 45708 | C74: 세금(주재원/현채인) | E74: 44 | F74: 해외지사비 | K74: =3152.56-K73 | L74: =#REF! | M74: =K74/L74 | N74: =N73+H74-K74 | O74: =O73+J74-M74 | P74: 2월 송금 | S74: =44544-M74
B75: 45708 | C75: 대행수수료 | E75: 44 | F75: 해외지사비 | K75: 300 | L75: =#REF! | M75: =K75/L75 | N75: =N74+H75-K75 | O75: =O74+J75-M75 | P75: 2월 송금 | S75: =S74-M75
B76: 45708 | C76: 주재원 주재수당 | E76: 44 | F76: 해외지사비 | K76: 16000 | L76: =#REF! | M76: =K76/L76 | N76: =N75+H76-K76 | O76: =O75+J76-M76 | P76: 2월 송금 | S76: =S75-M76
B77: 45708 | C77: 주재원 주택수당 | E77: 44 | F77: 해외지사비 | K77: 24000 | L77: =#REF! | M77: =K77/L77 | N77: =N76+H77-K77 | O77: =O76+J77-M77 | P77: 2월 송금 | S77: =S76-M77
B78: 45708 | C78: 보험(주재원/현채인) | E78: 44 | F78: 해외지사비 | K78: 8726.19 | L78: =#REF! | M78: =K78/L78 | N78: =N77+H78-K78 | O78: =O77+J78-M78 | P78: 2월 송금 | S78: =S77-M78
B79: 45708 | C79: 세금(주재원/현채인) | E79: 44 | F79: 해외지사비 | K79: 2863.9 | L79: =#REF! | M79: =K79/L79 | N79: =N78+H79-K79 | O79: =O78+J79-M79 | P79: 2월 송금 | S79: =S78-M79
B80: 45708 | C80: 대행수수료 | E80: 44 | F80: 해외지사비 | K80: 300 | L80: =#REF! | M80: =K80/L80 | N80: =N79+H80-K80 | O80: =O79+J80-M80 | P80: 2월 송금 | S80: =S79-M80
B81: 45708 | C81: 현채인 월급 | E81: 44 | F81: 해외지사비 | K81: 25750 | L81: =#REF! | M81: =K81/L81 | N81: =N80+H81-K81 | O81: =O80+J81-M81 | P81: 2월 송금 | S81: =S80-M81
B82: 45708 | C82: 보험비(회사납부) 公司缴纳部分合计 | E82: 44 | F82: 해외지사비 | K82: 7431.44 | L82: =#REF! | M82: =K82/L82 | N82: =N81+H82-K82 | O82: =O81+J82-M82 | P82: 2월 송금 | S82: =S81-M82
B83: 45708 | C83: 대행수수료 | E83: 44 | F83: 해외지사비 | K83: 300 | L83: =#REF! | M83: =K83/L83 | N83: =N82+H83-K83 | O83: =O82+J83-M83 | P83: 2월 송금 | S83: =S82-M83
B84: 45708 | C84: 일비 | E84: 44 | F84: 해외지사비 | K84: 300 | L84: =#REF! | M84: =K84/L84 | N84: =N83+H84-K84 | O84: =O83+J84-M84 | P84: 2월 송금 | S84: =S83-M84
B85: 45708 | C85: 현채인 월급 | E85: 44 | F85: 해외지사비 | K85: 13390 | L85: =#REF! | M85: =K85/L85 | N85: =N84+H85-K85 | O85: =O84+J85-M85 | P85: 2월 송금 | S85: =S84-M85
B86: 45708 | C86: 보너스 | E86: 44 | F86: 급여 | G86: 포상금 | K86: 19074 | L86: =#REF! | M86: =K86/L86 | N86: =N85+H86-K86 | O86: =O85+J86-M86 | P86: 2월 송금 | S86: =S85-M86
B87: 45708 | C87: 보험비(회사납부) 公司缴纳部分合计 | E87: 44 | F87: 해외지사비 | K87: 3281.57 | L87: =#REF! | M87: =K87/L87 | N87: =N86+H87-K87 | O87: =O86+J87-M87 | P87: 2월 송금 | S87: =S86-M87
B88: 45708 | C88: 대행수수료 | E88: 44 | F88: 해외지사비 | K88: 300 | L88: =#REF! | M88: =K88/L88 | N88: =N87+H88-K88 | O88: =O87+J88-M88 | P88: 2월 송금 | S88: =S87-M88
B89: 45708 | C89: 현채인 월급 | E89: 44 | F89: 해외지사비 | K89: 25750 | L89: =#REF! | M89: =K89/L89 | N89: =N88+H89-K89 | O89: =O88+J89-M89 | P89: 2월 송금 | S89: =S88-M89
B90: 45708 | C90: 보너스 | E90: 44 | F90: 급여 | G90: 포상금 | K90: 37705 | L90: =#REF! | M90: =K90/L90 | N90: =N89+H90-K90 | O90: =O89+J90-M90 | P90: 2월 송금 | S90: =S89-M90
B91: 45708 | C91: 보험비(회사납부) 公司缴纳部分合计 | E91: 44 | F91: 해외지사비 | K91: 7431.44 | L91: =#REF! | M91: =K91/L91 | N91: =N90+H91-K91 | O91: =O90+J91-M91 | P91: 2월 송금 | S91: =S90-M91
B92: 45708 | C92: 대행수수료 | E92: 44 | F92: 해외지사비 | K92: 300 | L92: =#REF! | M92: =K92/L92 | N92: =N91+H92-K92 | O92: =O91+J92-M92 | P92: 2월 송금 | S92: =S91-M92
B93: 45708 | C93: 현채인 월급 | E93: 44 | F93: 해외지사비 | K93: 21300 | L93: =#REF! | M93: =K93/L93 | N93: =N92+H93-K93 | O93: =O92+J93-M93 | P93: 2월 송금 | S93: =S92-M93
B94: 45708 | C94: 보험비(회사납부) 公司缴纳部分合计 | E94: 44 | F94: 해외지사비 | K94: 5941.29 | L94: =#REF! | M94: =K94/L94 | N94: =N93+H94-K94 | O94: =O93+J94-M94 | P94: 2월 송금 | S94: =S93-M94
B95: 45708 | C95: 대행수수료 | E95: 44 | F95: 해외지사비 | K95: 300 | L95: =#REF! | M95: =K95/L95 | N95: =N94+H95-K95 | O95: =O94+J95-M95 | P95: 2월 송금 | S95: =S94-M95
B96: 45708 | C96: 일비 | E96: 44 | F96: 해외지사비 | K96: 200 | L96: =#REF! | M96: =K96/L96 | N96: =N95+H96-K96 | O96: =O95+J96-M96 | P96: 2월 송금 | S96: =S95-M96
B97: 45708 | C97: 은행수수료 | E97: 45 | F97: 해외지사비 | K97: 12 | L97: =#REF! | M97: =K97/L97 | N97: =N96+H97-K97 | O97: =O96+J97-M97 | P97: 2월 송금 | S97: =S96-M97

Sheet 내역_25.03
B2: ▶ 25년 3월 전도금 정산 내역 (심천지사)_4000061 (B2F590) | H2: 보증금 입금 내역_1,234.5 (#1900000828 / #1200000234 / #100013313)
B3: 25년 2월 송금_1447.40 (#) | F3: 1447.4 | H3: 25년 3월 송금_1,446.30 (#) | L3: 1446.3 | X3: 1327.2
B4: 대계정 | C4: 소계정 | D4: 금액 (CNY) | E4: 금액 (USD) | F4: 금액 (KRW) | H4: 대계정 | I4: 소계정 | J4: 금액 (CNY) | K4: 금액 (USD) | L4: 금액 (KRW)
A5: 51131050 | B5: 업무추진비 | C5: 일반 | D5: 14845.68 | E5: 2035.1825 | F5: =ROUND(E5*$F$3,0) | H5: 업무추진비 | I5: 일반 | L5: =ROUND(K5*$L$3,0) | M5: =L5+F5 | S5: =F5+L5+R5
A6: 51061030 | B6: 여비교통비 | C6: 해외 | D6: 18459.27 | E6: 2530.5737 | F6: =ROUND(E6*$F$3,0) | H6: 여비교통비 | I6: 해외 | J6: 18692.93 | K6: 2589.84 | L6: =ROUND(K6*$L$3,0) | M6: =L6+F6 | S6: =F6+L6+R6
A7: 51201020 | B7: 지급임차료 | C7: 사무실임차료 | D7: 25272 | E7: 3464.53 | F7: =ROUND(E7*$F$3,0) | H7: 지급임차료 | I7: 사무실임차료 | L7: =ROUND(K7*$L$3,0) | M7: =L7+F7 | S7: =F7+L7+R7
A8: 51201030 | B8: 지급임차료 | C8: 차량임차료 | D8: 17500 | E8: 2399.07 | F8: =ROUND(E8*$F$3,0) | H8: 지급임차료 | I8: 차량임차료 | L8: =ROUND(K8*$L$3,0) | M8: =L8+F8 | S8: =F8+L8+R8
A9: 51071700 | B9: 통신비 | C9: 기타 | D9: 1453.59 | E9: 199.27205 | F9: =ROUND(E9*$F$3,0) | H9: 통신비 | I9: 기타 | J9: 169 | K9: 23.41 | L9: =ROUND(K9*$L$3,0) | M9: =L9+F9 | S9: =F9+L9+R9
A10: 51321010 | B10: 해외지사비 | D10: 23429.319 | E10: 3211.9156 | F10: =ROUND(E10*$F$3,0) | H10: 해외지사비 | J10: 274853 | K10: 38130.88 | L10: =ROUND(K10*$L$3,0) | M10: =L10+F10 | S10: =F10+L10+R10
A11: 51031020 | B11: 급여(incentive) | C11: 성과급여조정 | G11: =G13/G12 | H11: 급여(incentive) | I11: 포상금 | L11: =ROUND(K11*$L$3,0) | M11: =L11+F11 | S11: =F11+L11+R11
A12: 52981010 | B12: (-)잡이익(50) | C12: (-)잡이익 | D12: 103.37 | E12: 14.17 | F12: =ROUND(E12*$F$3,0) | G12: =E13+Q13+AB13 | H12: (-)잡이익(50) | I12: (-)잡이익 | L12: =ROUND(K12*$L$3,0) | M12: =L12+F12 | S12: =F12+L12+R12
B13: Total | D13: =SUM(D5:D11)-D12 | E13: =SUM(E5:E11)-E12 | F13: =SUM(F5:F11)-F12 | G13: =F13+R13+AC13 | H13: Total | J13: =SUM(J5:J11)-J12 | K13: =SUM(K5:K11)-K12 | L13: =SUM(L5:L11)-L12 | M13: =L13+F13 | S13: =F13+L13+R13 | X13: =F13+R13
J14: =J13+D13+P13 | K14: =K13+E13+Q13 | L14: =L13+F13+R13 | M14: =M16-E12
J15: =J16-G96 | K15: =K16-H96 | L15: =L16-I96 | M15: =M16-J96
K16: =SUBTOTAL(9,K19:K105) | M16: =SUBTOTAL(9,M19:M105)
B17: 날짜 | C17: 내역 | D17: 담당자 | E17: 증빙번호 | F17: 대계정 | G17: 소계정 | H17: 입금 | K17: 출금 | N17: 잔액 | R17: 항목
B18: 날짜 | C18: 내역 | D18: 담당자 | E18: 증빙번호 | F18: 대계정 | G18: 소계정 | H18: CNY | I18: 환산요율 | J18: USD | K18: CNY | L18: 환산요율 | M18: USD | N18: CNY | O18: USD | P18: 비고 | R18: 항목
B19: 45716 | N19: 100829.88 | O19: 13826.37 | S19: 13826.369
B20: 45727 | C20: USD입금 and RMB 환전 | E20: 1 | H20: 346107.95 | J20: 48003 | N20: =N19+H20-K20 | O20: =O19+J20-M20 | P20: 2월 송금
B21: 45727 | C21: 은행수수료 | F21: 해외지사비 | M21: 51 | N21: =N20+H21-K21 | O21: =O20+J21-M21 | P21: 2월 송금
B22: 45733 | C22: 사무실 임대료/전기세 관련 | E22: 2 | F22: 지급임차료 | G22: 사무실 | K22: 25272 | L22: =#REF! | M22: =K22/L22 | N22: =N21+H22-K22 | O22: =O21+J22-M22 | P22: 2월 송금 | S22: =S19-M22+J22
B23: 45733 | C23: 은행수수료 | E23: 3 | F23: 해외지사비 | K23: 7.2 | L23: =#REF! | M23: =K23/L23 | N23: =N22+H23-K23 | O23: =O22+J23-M23 | P23: 2월 송금 | S23: =S22-M23+J23
B24: 45733 | C24: 사무실 주차비 | E24: 4 | F24: 여비교통비 | G24: 해외 | K24: 1600 | L24: =#REF! | M24: =K24/L24 | N24: =N23+H24-K24 | O24: =O23+J24-M24 | P24: 2월 송금 | S24: =S23-M24+J24
B25: 45733 | C25: 은행수수료 | E25: 5 | F25: 해외지사비 | K25: 3.6 | L25: =#REF! | M25: =K25/L25 | N25: =N24+H25-K25 | O25: =O24+J25-M25 | P25: 2월 송금 | S25: =S24-M25+J25
B26: 45737 | C26: 이자 | E26: 6 | F26: 잡이익 | H26: 103.37 | I26: =#REF! | J26: 14.17 | L26: =#REF! | M26: =K26/L26 | N26: =N25+H26-K26 | O26: =O25+J26-M26 | P26: 2월 송금 | S26: =S25-M26+J26
B27: 45737 | C27: 세무대행비 | E27: 7 | F27: 해외지사비 | K27: 1010 | L27: =#REF! | M27: =K27/L27 | N27: =N26+H27-K27 | O27: =O26+J27-M27 | P27: 2월 송금 | S27: =S26-M27+J27
B28: 45737 | C28: 은행수수료 | E28: 8 | F28: 해외지사비 | K28: 3.6 | L28: =#REF! | M28: =K28/L28 | N28: =N27+H28-K28 | O28: =O27+J28-M28 | P28: 2월 송금 | S28: =S27-M28+J28
B29: 45737 | C29: 차량 Rent비 | E29: 9 | F29: 지급임차료 | G29: 차량임차료 | K29: 10500 | L29: =#REF! | M29: =K29/L29 | N29: =N28+H29-K29 | O29: =O28+J29-M29 | P29: 2월 송금 | S29: =S28-M29+J29
B30: 45737 | C30: 차량 기사비 | E30: 9 | F30: 해외지사비 | K30: 6000 | L30: =#REF! | M30: =K30/L30 | N30: =N29+H30-K30 | O30: =O29+J30-M30 | P30: 2월 송금 | S30: =S29-M30+J30
B31: 45737 | C31: 기사 야근비용 | E31: 9 | F31: 해외지사비 | K31: 760 | L31: =#REF! | M31: =K31/L31 | N31: =N30+H31-K31 | O31: =O30+J31-M31 | P31: 2월 송금 | S31: =S30-M31+J31
B32: 45737 | C32: 차량 Rent비 | E32: 9 | F32: 지급임차료 | G32: 차량임차료 | K32: 7000 | L32: =#REF! | M32: =K32/L32 | N32: =N31+H32-K32 | O32: =O31+J32-M32 | P32: 2월 송금 | S32: =S31-M32+J32
B33: 45737 | C33: 차량 기사비 | E33: 9 | F33: 해외지사비 | K33: 6000 | L33: =#REF! | M33: =K33/L33 | N33: =N32+H33-K33 | O33: =O32+J33-M33 | P33: 2월 송금 | S33: =S32-M33+J33
B34: 45737 | C34: 기사 야근비용 | E34: 9 | F34: 해외지사비 | K34: 900 | L34: =#REF! | M34: =K34/L34 | N34: =N33+H34-K34 | O34: =O33+J34-M34 | P34: 2월 송금 | S34: =S33-M34+J34
B35: 45737 | C35: 은행수수료 | E35: 10 | F35: 해외지사비 | K35: 7.2 | L35: =#REF! | M35: =K35/L35 | N35: =N34+H35-K35 | O35: =O34+J35-M35 | P35: 2월 송금 | S35: =S34-M35+J35
B36: 45737 | C36: 신순연_사무실 wfi, 통신비 | E36: 11 | F36: 통신비 | G36: 기타 | K36: 419 | L36: =#REF! | M36: 57.44 | N36: =N35+H36-K36 | O36: =O35+J36-M36 | P36: 2월 송금 | R36: 신순연 | S36: =S35-M36+J36
B37: 45737 | C37: 은행수수료 | E37: 12 | F37: 해외지사비 | K37: 3.6 | L37: =#REF! | M37: =K37/L37 | N37: =N36+H37-K37 | O37: =O36+J37-M37 | P37: 2월 송금 | R37: 신순연 | S37: =S36-M37+J37
B38: 45737 | C38: 시내교통비 | E38: 13 | F38: 여비교통비 | G38: 해외 | K38: 428.18 | L38: =#REF! | M38: =K38/L38 | N38: =N37+H38-K38 | O38: =O37+J38-M38 | P38: 2월 송금 | R38: Pan Shi Qiang | S38: =S37-M38+J38
B39: 45737 | C39: 출장비 | E39: 14 | F39: 여비교통비 | G39: 해외 | K39: 2164.32 | L39: =#REF! | M39: =K39/L39 | N39: =N38+H39-K39 | O39: =O38+J39-M39 | P39: 2월 송금 | R39: Pan Shi Qiang | S39: =S38-M39+J39
B40: 45737 | C40: 택배비 | E40: 15 | F40: 해외지사비 | K40: 142.4 | L40: =#REF! | M40: =K40/L40 | N40: =N39+H40-K40 | O40: =O39+J40-M40 | P40: 2월 송금 | R40: Pan Shi Qiang | S40: =S39-M40+J40
B41: 45737 | C41: 통신비 | E41: 16 | F41: 통신비 | G41: 기타 | K41: 118.8 | L41: =#REF! | M41: =K41/L41 | N41: =N40+H41-K41 | O41: =O40+J41-M41 | P41: 2월 송금 | R41: Pan Shi Qiang | S41: =S40-M41+J41
B42: 45737 | C42: 은행수수료 | E42: 17 | F42: 해외지사비 | K42: 3.6 | L42: =#REF! | M42: =K42/L42 | N42: =N41+H42-K42 | O42: =O41+J42-M42 | P42: 2월 송금 | R42: Pan Shi Qiang | S42: =S41-M42+J42
B43: 45737 | C43: 출장비 | E43: 18 | F43: 여비교통비 | G43: 해외 | K43: 6566.89 | L43: =#REF! | M43: =K43/L43 | N43: =N42+H43-K43 | O43: =O42+J43-M43 | P43: 2월 송금 | R43: Zhang Liang | S43: =S42-M43+J43
B44: 45737 | C44: 시내교통비 | E44: 19 | F44: 여비교통비 | G44: 해외 | K44: 385.71 | L44: =#REF! | M44: =K44/L44 | N44: =N43+H44-K44 | O44: =O43+J44-M44 | P44: 2월 송금 | R44: Zhang Liang | S44: =S43-M44+J44
B45: 45737 | C45: 통신비 | E45: 20 | F45: 통신비 | G45: 기타 | K45: 316.79 | L45: =#REF! | M45: =K45/L45 | N45: =N44+H45-K45 | O45: =O44+J45-M45 | P45: 2월 송금 | R45: Zhang Liang | S45: =S44-M45+J45
B46: 45737 | C46: 업무추진비 | E46: 21 | F46: 업무추진비 | G46: 일반 | K46: 97 | L46: =#REF! | M46: =K46/L46 | N46: =N45+H46-K46 | O46: =O45+J46-M46 | P46: 2월 송금 | R46: Zhang Liang | S46: =S45-M46+J46
B47: 45737 | C47: 사무용픔 | E47: 22 | F47: 해외지사비 | K47: 100.4 | L47: =#REF! | M47: =K47/L47 | N47: =N46+H47-K47 | O47: =O46+J47-M47 | P47: 2월 송금 | R47: Zhang Liang | S47: =S46-M47+J47
B48: 45737 | C48: 은행수수료 | E48: 23 | F48: 해외지사비 | K48: 3.6 | L48: =#REF! | M48: =K48/L48 | N48: =N47+H48-K48 | O48: =O47+J48-M48 | P48: 2월 송금 | R48: Zhang Liang | S48: =S47-M48+J48
B49: 45737 | C49: 시내/시외교통비 | E49: 24 | F49: 여비교통비 | G49: 해외 | K49: 677.37 | L49: =#REF! | M49: =K49/L49 | N49: =N48+H49-K49 | O49: =O48+J49-M49 | P49: 2월 송금 | R49: Lin Jie Ting | S49: =S48-M49+J49
B50: 45737 | C50: 통신비 | E50: 25 | F50: 통신비 | G50: 기타 | K50: 299 | L50: =#REF! | M50: =K50/L50 | N50: =N49+H50-K50 | O50: =O49+J50-M50 | P50: 2월 송금 | R50: Lin Jie Ting | S50: =S49-M50+J50
B51: 45737 | C51: 택배비 | E51: 26 | F51: 해외지사비 | K51: 12 | L51: =#REF! | M51: =K51/L51 | N51: =N50+H51-K51 | O51: =O50+J51-M51 | P51: 2월 송금 | R51: Lin Jie Ting | S51: =S50-M51+J51
B52: 45737 | C52: 출장비 | E52: 27 | F52: 여비교통비 | G52: 해외 | K52: 255 | L52: =#REF! | M52: =K52/L52 | N52: =N51+H52-K52 | O52: =O51+J52-M52 | P52: 2월 송금 | R52: Lin Jie Ting | S52: =S51-M52+J52
B53: 45737 | C53: 사무용품 | E53: 28 | F53: 해외지사비 | K53: 912.7 | L53: =#REF! | M53: =K53/L53 | N53: =N52+H53-K53 | O53: =O52+J53-M53 | P53: 2월 송금 | R53: Lin Jie Ting | S53: =S52-M53+J53
B54: 45737 | C54: 업무추진비 | E54: 29 | F54: 업무추진비 | G54: 일반 | K54: 6325.68 | L54: =#REF! | M54: =K54/L54 | N54: =N53+H54-K54 | O54: =O53+J54-M54 | P54: 2월 송금 | R54: Lin Jie Ting | S54: =S53-M54+J54
B55: 45737 | C55: 은행수수료 | E55: 30 | F55: 해외지사비 | K55: 3.6 | L55: =#REF! | M55: =K55/L55 | N55: =N54+H55-K55 | O55: =O54+J55-M55 | P55: 2월 송금 | R55: Lin Jie Ting | S55: =S54-M55+J55
B56: 45737 | C56: 출장비 | E56: 31 | F56: 여비교통비 | G56: 해외 | K56: 6381.8 | L56: =#REF! | M56: =K56/L56 | N56: =N55+H56-K56 | O56: =O55+J56-M56 | P56: 2월 송금 | R56: 김명관 | S56: =S55-M56+J56
B57: 45737 | C57: 업무추진비 | E57: 32 | F57: 업무추진비 | G57: 일반 | K57: 8423 | L57: =#REF! | M57: 1154.7 | N57: =N56+H57-K57 | O57: =O56+J57-M57 | P57: 2월 송금 | R57: 김명관 | S57: =S56-M57+J57
B58: 45737 | C58: 통신비 | E58: 33 | F58: 통신비 | G58: 기타 | K58: 300 | L58: =#REF! | M58: 41.126 | N58: =N57+H58-K58 | O58: =O57+J58-M58 | P58: 2월 송금 | R58: 김명관 | S58: =S57-M58+J58
B59: 45737 | C59: 학자금 | E59: 34 | F59: 해외지사비 | K59: =L59*M59 | L59: =#REF! | M59: 1035.8241 | N59: =N58+H59-K59 | O59: =O58+J59-M59 | P59: 2월 송금 | R59: 김명관 | S59: =S58-M59+J59
B60: 45737 | C60: 학자금 | E60: 34 | F60: 해외지사비 | K60: =65100-K59 | L60: =#REF! | M60: =K60/L60 | N60: =N59+H60-K60 | O60: =O59+J60-M60 | P60: 3월 송금 | R60: 김명관 | S60: =47952-M60
B61: 45737 | C61: 은행수수료 | E61: 35 | F61: 해외지사비 | K61: 14.4 | L61: =#REF! | M61: =K61/L61 | N61: =N60+H61-K61 | O61: =O60+J61-M61 | P61: 3월 송금 | R61: 김명관 | S61: =S60-M61
B62: 45737 | C62: 택배비 | E62: 36 | F62: 해외지사비 | K62: 413.9 | L62: =#REF! | M62: =K62/L62 | N62: =N61+H62-K62 | O62: =O61+J62-M62 | P62: 3월 송금 | R62: Piao Mei Ling | S62: =S61-M62
B63: 45737 | C63: 사무용품 | E63: 37 | F63: 해외지사비 | K63: 13.8 | L63: =#REF! | M63: =K63/L63 | N63: =N62+H63-K63 | O63: =O62+J63-M63 | P63: 3월 송금 | R63: Piao Mei Ling | S63: =S62-M63
B64: 45737 | C64: 사무실 운영비 | E64: 38 | F64: 해외지사비 | K64: 359 | L64: =#REF! | M64: =K64/L64 | N64: =N63+H64-K64 | O64: =O63+J64-M64 | P64: 3월 송금 | R64: Piao Mei Ling | S64: =S63-M64
B65: 45737 | C65: 통신비 | E65: 39 | F65: 통신비 | G65: 기타 | K65: 169 | L65: =#REF! | M65: =K65/L65 | N65: =N64+H65-K65 | O65: =O64+J65-M65 | P65: 3월 송금 | R65: Piao Mei Ling | S65: =S64-M65
B66: 45737 | C66: 시내교통비 | E66: 40 | F66: 여비교통비 | G66: 해외 | K66: 432.12 | L66: =#REF! | M66: =K66/L66 | N66: =N65+H66-K66 | O66: =O65+J66-M66 | P66: 3월 송금 | R66: Piao Mei Ling | S66: =S65-M66
B67: 45737 | C67: 출장비 | E67: 41 | F67: 여비교통비 | G67: 해외 | K67: 10460.81 | L67: =#REF! | M67: =K67/L67 | N67: =N66+H67-K67 | O67: =O66+J67-M67 | P67: 3월 송금 | R67: Piao Mei Ling | S67: =S66-M67
B68: 45737 | C68: 은행수수료 | E68: 42 | F68: 해외지사비 | K68: 7.2 | L68: =#REF! | M68: =K68/L68 | N68: =N67+H68-K68 | O68: =O67+J68-M68 | P68: 3월 송금 | R68: Piao Mei Ling | S68: =S67-M68
B69: 45737 | C69: 주유비 | E69: 43 | F69: 여비교통비 | G69: 해외 | K69: 2800 | L69: =#REF! | M69: =K69/L69 | N69: =N68+H69-K69 | O69: =O68+J69-M69 | P69: 3월 송금 | R69: Chen Guo Liang | S69: =S68-M69
B70: 45737 | C70: 주차비 | E70: 44 | F70: 여비교통비 | G70: 해외 | K70: 191 | L70: =#REF! | M70: =K70/L70 | N70: =N69+H70-K70 | O70: =O69+J70-M70 | P70: 3월 송금 | R70: Chen Guo Liang | S70: =S69-M70
B71: 45737 | C71: 세차비 | E71: 45 | F71: 여비교통비 | G71: 해외 | K71: 98 | L71: =#REF! | M71: =K71/L71 | N71: =N70+H71-K71 | O71: =O70+J71-M71 | P71: 3월 송금 | R71: Chen Guo Liang | S71: =S70-M71
B72: 45737 | C72: 톨비 | E72: 46 | F72: 여비교통비 | G72: 해외 | K72: 800 | L72: =#REF! | M72: =K72/L72 | N72: =N71+H72-K72 | O72: =O71+J72-M72 | P72: 3월 송금 | R72: Chen Guo Liang | S72: =S71-M72
B73: 45737 | C73: 은행수수료 | E73: 47 | F73: 해외지사비 | K73: 3.6 | L73: =#REF! | M73: =K73/L73 | N73: =N72+H73-K73 | O73: =O72+J73-M73 | P73: 3월 송금 | R73: Chen Guo Liang | S73: =S72-M73
B74: 45737 | C74: 주유비 | E74: 48 | F74: 여비교통비 | G74: 해외 | K74: 2779 | L74: =#REF! | M74: =K74/L74 | N74: =N73+H74-K74 | O74: =O73+J74-M74 | P74: 3월 송금 | R74: Liu Ming Liang | S74: =S73-M74
B75: 45737 | C75: 세차비 | E75: 49 | F75: 여비교통비 | G75: 해외 | K75: 98 | L75: =#REF! | M75: =K75/L75 | N75: =N74+H75-K75 | O75: =O74+J75-M75 | P75: 3월 송금 | R75: Liu Ming Liang | S75: =S74-M75
B76: 45737 | C76: 톨비 | E76: 50 | F76: 여비교통비 | G76: 해외 | K76: 743 | L76: =#REF! | M76: =K76/L76 | N76: =N75+H76-K76 | O76: =O75+J76-M76 | P76: 3월 송금 | R76: Liu Ming Liang | S76: =S75-M76
B77: 45737 | C77: 주차비 | E77: 51 | F77: 여비교통비 | G77: 해외 | K77: 291 | L77: =#REF! | M77: =K77/L77 | N77: =N76+H77-K77 | O77: =O76+J77-M77 | P77: 3월 송금 | R77: Liu Ming Liang | S77: =S76-M77
B78: 45737 | C78: 은행수수료 | E78: 52 | F78: 해외지사비 | K78: 3.6 | L78: =#REF! | M78: =K78/L78 | N78: =N77+H78-K78 | O78: =O77+J78-M78 | P78: 3월 송금 | R78: Liu Ming Liang | S78: =S77-M78
B79: 45740 | C79: 주재원 주재수당 | E79: 53 | F79: 해외지사비 | K79: 16000 | L79: =#REF! | M79: =K79/L79 | N79: =N78+H79-K79 | O79: =O78+J79-M79 | P79: 3월 송금 | R79: 김명관 | S79: =S78-M79
B80: 45740 | C80: 주재원 주택수당 | E80: 53 | F80: 해외지사비 | K80: 24000 | L80: =#REF! | M80: =K80/L80 | N80: =N79+H80-K80 | O80: =O79+J80-M80 | P80: 3월 송금 | R80: 김명관 | S80: =S79-M80
B81: 45740 | C81: 보험(주재원/현채인) | E81: 53 | F81: 해외지사비 | K81: 5305.19 | L81: =#REF! | M81: =K81/L81 | N81: =N80+H81-K81 | O81: =O80+J81-M81 | P81: 3월 송금 | R81: 김명관 | S81: =S80-M81
B82: 45740 | C82: 세금(주재원/현채인) | E82: 53 | F82: 해외지사비 | K82: 3336.8 | L82: =#REF! | M82: =K82/L82 | N82: =N81+H82-K82 | O82: =O81+J82-M82 | P82: 3월 송금 | R82: 김명관 | S82: =S81-M82
B83: 45740 | C83: 대행수수료 | E83: 53 | F83: 해외지사비 | K83: 300 | L83: =#REF! | M83: =K83/L83 | N83: =N82+H83-K83 | O83: =O82+J83-M83 | P83: 3월 송금 | R83: 김명관 | S83: =S82-M83
B84: 45740 | C84: 주재원 주재수당 | E84: 53 | F84: 해외지사비 | K84: 16000 | L84: =#REF! | M84: =K84/L84 | N84: =N83+H84-K84 | O84: =O83+J84-M84 | P84: 3월 송금 | R84: 신순연 | S84: =S83-M84
B85: 45740 | C85: 주재원 주택수당 | E85: 53 | F85: 해외지사비 | K85: 24000 | L85: =#REF! | M85: =K85/L85 | N85: =N84+H85-K85 | O85: =O84+J85-M85 | P85: 3월 송금 | R85: 신순연 | S85: =S84-M85
B86: 45740 | C86: 보험(주재원/현채인) | E86: 53 | F86: 해외지사비 | K86: 10463.19 | L86: =#REF! | M86: =K86/L86 | N86: =N85+H86-K86 | O86: =O85+J86-M86 | P86: 3월 송금 | R86: 신순연 | S86: =S85-M86
B87: 45740 | C87: 세금(주재원/현채인) | E87: 53 | F87: 해외지사비 | K87: 3100.4 | L87: =#REF! | M87: =K87/L87 | N87: =N86+H87-K87 | O87: =O86+J87-M87 | P87: 3월 송금 | R87: 신순연 | S87: =S86-M87
B88: 45740 | C88: 대행수수료 | E88: 53 | F88: 해외지사비 | K88: 300 | L88: =#REF! | M88: =K88/L88 | N88: =N87+H88-K88 | O88: =O87+J88-M88 | P88: 3월 송금 | R88: 신순연 | S88: =S87-M88
B89: 45740 | C89: 현채인 월급 | E89: 53 | F89: 해외지사비 | K89: 25750 | L89: =#REF! | M89: =K89/L89 | N89: =N88+H89-K89 | O89: =O88+J89-M89 | P89: 3월 송금 | R89: Pan Shi Qiang | S89: =S88-M89
... B94: 45740 | C94: 보험비(회사납부) 公司缴纳部分合计 | E94: 53 | F94: 해외지사비 | K94: 3281.57 | L94: =#REF! | M94: =K94/L94 | N94: =N93+H94-K94 | O94: =O93+J94-M94 | P94: 3월 송금 | R94: Zhang Liang | S94: =S93-M94
B95: 45740 | C95: 대행수수료 | E95: 53 | F95: 해외지사비 | K95: 300 | L95: =#REF! | M95: 41.56 | N95: =N94+H95-K95 | O95: =O94+J95-M95 | P95: 3월 송금 | R95: Zhang Liang | S95: =S94-M95
B96: 45740 | C96: 일비 | E96: 53 | F96: 해외지사비 | K96: 900 | L96: =#REF! | M96: =K96/L96 | N96: =N95+H96-K96 | O96: =O95+J96-M96 | P96: 3월 송금 | R96: Zhang Liang | S96: =S95-M96
B97: 45740 | C97: 현채인 월급 | E97: 53 | F97: 해외지사비 | K97: 25750 | L97: =#REF! | M97: =K97/L97 | N97: =N96+H97-K97 | O97: =O96+J97-M97 | P97: 3월 송금 | R97: 임결정 | S97: =S96-M97
B98: 45740 | C98: 보험비(회사납부) 公司缴纳部分合计 | E98: 53 | F98: 해외지사비 | K98: 7431.44 | L98: =#REF! | M98: =K98/L98 | N98: =N97+H98-K98 | O98: =O97+J98-M98 | P98: 3월 송금 | R98: 임결정 | S98: =S97-M98
B99: 45740 | C99: 대행수수료 | E99: 53 | F99: 해외지사비 | K99: 300 | L99: =#REF! | M99: =K99/L99 | N99: =N98+H99-K99 | O99: =O98+J99-M99 | P99: 3월 송금 | R99: 임결정 | S99: =S98-M99
B100: 45740 | C100: 현채인 월급 | E100: 53 | F100: 해외지사비 | K100: 21300 | L100: =#REF! | M100: =K100/L100 | N100: =N99+H100-K100 | O100: =O99+J100-M100 | P100: 3월 송금 | R100: 박미령 | S100: =S99-M100
B101: 45740 | C101: 보험비(회사납부) 公司缴纳部分合计 | E101: 53 | F101: 해외지사비 | K101: 5941.29 | L101: =#REF! | M101: =K101/L101 | N101: =N100+H101-K101 | O101: =O100+J101-M101 | P101: 3월 송금 | R101: 박미령 | S101: =S100-M101
B102: 45740 | C102: 대행수수료 | E102: 53 | F102: 해외지사비 | K102: 300 | L102: =#REF! | M102: =K102/L102 | N102: =N101+H102-K102 | O102: =O101+J102-M102 | P102: 3월 송금 | R102: 박미령 | S102: =S101-M102
B103: 45740 | C103: 일비 | E103: 53 | F103: 해외지사비 | K103: 1000 | L103: =#REF! | M103: =K103/L103 | N103: =N102+H103-K103 | O103: =O102+J103-M103 | P103: 3월 송금 | R103: 박미령 | S103: =S102-M103
B104: 45740 | C104: 은행수수료 | E104: 54 | F104: 해외지사비 | K104: 12 | L104: =#REF! | M104: =K104/L104 | N104: =N103+H104-K104 | O104: =O103+J104-M104 | P104: 3월 송금 | S104: =S103-M104

Sheet 내역_25.04
B2: ▶ 25년 4월 전도금 정산 내역 (심천지사)_4000061 (B2F590) | H2: 보증금 입금 내역_1,234.5 (#1900000828 / #1200000234 / #100013313)
B3: 25년 3월 송금_1,446.30 (#) | F3: 1446.3 | H3: 25년 4월 송금_1,482.90 (#) | L3: 1482.9 | X3: 1327.2
B4: 대계정 | C4: 소계정 | D4: 금액 (CNY) | E4: 금액 (USD) | F4: 금액 (KRW) | H4: 대계정 | I4: 소계정 | J4: 금액 (CNY) | K4: 금액 (USD) | L4: 금액 (KRW)
A5: 51131050 | B5: 업무추진비 | C5: 일반 | F5: =ROUND(E5*$F$3,0) | H5: 업무추진비 | I5: 일반 | J5: 19195.4 | K5: 2619.03 | L5: =ROUND(K5*$L$3,0) | M5: =L5+F5 | S5: =F5+L5+R5
A6: 51061030 | B6: 여비교통비 | C6: 해외 | F6: =ROUND(E6*$F$3,0) | H6: 여비교통비 | I6: 해외 | J6: 30648.81 | K6: 4181.74 | L6: =ROUND(K6*$L$3,0) | M6: =L6+F6 | S6: =F6+L6+R6
A7: 51201020 | B7: 지급임차료 | C7: 사무실임차료 | D7: 142.17 | E7: 19.7 | F7: =ROUND(E7*$F$3,0) | H7: 지급임차료 | I7: 사무실임차료 | J7: 24914.83 | K7: 3399.39 | L7: =ROUND(K7*$L$3,0) | M7: =L7+F7 | S7: =F7+L7+R7
A8: 51201030 | B8: 지급임차료 | C8: 차량임차료 | F8: =ROUND(E8*$F$3,0) | H8: 지급임차료 | I8: 차량임차료 | J8: 17500 | K8: 2387.71 | L8: =ROUND(K8*$L$3,0) | M8: =L8+F8 | S8: =F8+L8+R8
A9: 51071700 | B9: 통신비 | C9: 기타 | F9: =ROUND(E9*$F$3,0) | H9: 통신비 | I9: 기타 | J9: 1469.1 | K9: 200.44 | L9: =ROUND(K9*$L$3,0) | M9: =L9+F9 | S9: =F9+L9+R9
A10: 51321010 | B10: 해외지사비 | D10: 52250.88 | E10: 7239.17 | F10: =ROUND(E10*$F$3,0) | H10: 해외지사비 | J10: 265516.81 | K10: 36252.26 | L10: =ROUND(K10*$L$3,0) | M10: =L10+F10 | S10: =F10+L10+R10
A11: 51031020 | B11: 급여(incentive) | C11: 성과급여조정 | G11: =G13/G12 | H11: 급여(incentive) | I11: 포상금 | L11: =ROUND(K11*$L$3,0) | M11: =L11+F11 | S11: =F11+L11+R11
A12: 52981010 | B12: (-)잡이익(50) | C12: (-)잡이익 | F12: =ROUND(E12*$F$3,0) | G12: =E13+Q13+AB13 | H12: (-)잡이익(50) | I12: (-)잡이익 | L12: =ROUND(K12*$L$3,0) | M12: =L12+F12 | S12: =F12+L12+R12
B13: Total | D13: =SUM(D5:D11)-D12 | E13: =SUM(E5:E11)-E12 | F13: =SUM(F5:F11)-F12 | G13: =F13+R13+AC13 | H13: Total | J13: =SUM(J5:J11)-J12 | K13: =SUM(K5:K11)-K12 | L13: =SUM(L5:L11)-L12 | M13: =L13+F13 | S13: =F13+L13+R13 | X13: =F13+R13
J14: =J13+D13+P13 | K14: =K13+E13+Q13 | L14: =L13+F13+R13 | M14: =M16-E12
J15: =J16-#REF! | K15: =K16-#REF! | L15: =L16-#REF! | M15: =M16-#REF!
K16: =SUBTOTAL(9,K19:K105) | M16: =SUBTOTAL(9,M19:M105)
B17: 날짜 | C17: 내역 | D17: 담당자 | E17: 증빙번호 | F17: 대계정 | G17: 소계정 | H17: 입금 | K17: 출금 | N17: 잔액 | R17: 항목
B18: 날짜 | C18: 내역 | D18: 담당자 | E18: 증빙번호 | F18: 대계정 | G18: 소계정 | H18: CNY | I18: 환산요율 | J18: USD | K18: CNY | L18: 환산요율 | M18: USD | N18: CNY | O18: USD | P18: 비고 | R18: 항목
B19: 45747 | N19: 52366.41 | O19: 7258.868 | S19: 7258.8664
B20: 45757 | C20: 1분기 기업 소득세 | E20: 1 | F20: 해외지사비 | K20: 52250.88 | L20: =#REF! | M20: =K20/L20 | N20: =N19+H20-K20 | O20: =O19+J20-M20 | P20: 3월 송금 | S20: =S19-M20+J20
B21: 45757 | C21: USD입금 and RMB 환전 | E21: 2 | H21: 404322.65 | J21: 55191 | N21: =N20+H21-K21 | O21: =O20+J21-M21
B22: 45757 | C22: 은행수수료 | F22: 해외지사비 | M22: 25 | N22: =N21+H22-K22 | O22: =O21+J22-M22 | P22: 4월 송금
B23: 45762 | C23: 사무실 임대료/전기세 관련 | E23: 3 | F23: 지급임차료 | G23: 사무실임차료 | K23: =L23*M23 | L23: =#REF! | M23: 19.696706 | N23: =N22+H23-K23 | O23: =O22+J23-M23 | P23: 3월 송금
B24: 45762 | C24: 사무실 임대료/전기세 관련 | E24: 3 | F24: 지급임차료 | G24: 사무실임차료 | K24: =25057-K23 | L24: =#REF! | M24: =K24/L24 | N24: =N23+H24-K24 | O24: =O23+J24-M24 | P24: 4월 송금 | S24: =55166-M24
B25: 45762 | C25: 은행수수료 | E25: 4 | F25: 해외지사비 | K25: 7.2 | L25: =#REF! | M25: =K25/L25 | N25: =N24+H25-K25 | O25: =O24+J25-M25 | P25: 4월 송금 | S25: =S24-M25+J25
B26: 45762 | C26: 사무실 주차비 | E26: 5 | F26: 여비교통비 | G26: 해외 | K26: 1600 | L26: =#REF! | M26: =K26/L26 | N26: =N25+H26-K26 | O26: =O25+J26-M26 | P26: 4월 송금 | S26: =S25-M26+J26
B27: 45762 | C27: 은행수수료 | E27: 6 | F27: 해외지사비 | K27: 3.6 | L27: =#REF! | M27: =K27/L27 | N27: =N26+H27-K27 | O27: =O26+J27-M27 | P27: 4월 송금 | S27: =S26-M27+J27
B28: 45768 | C28: 세무대행비 | E28: 7 | F28: 해외지사비 | K28: 1010 | L28: =#REF! | M28: =K28/L28 | N28: =N27+H28-K28 | O28: =O27+J28-M28 | P28: 4월 송금 | S28: =S27-M28+J28
B29: 45768 | C29: 은행수수료 | E29: 8 | F29: 해외지사비 | K29: 3.6 | L29: =#REF! | M29: =K29/L29 | N29: =N28+H29-K29 | O29: =O28+J29-M29 | P29: 4월 송금 | S29: =S28-M29+J29
B30: 45768 | C30: 차량 Rent비 | E30: 9 | F30: 지급임차료 | G30: 차량임차료 | K30: 10500 | L30: =#REF! | M30: =K30/L30 | N30: =N29+H30-K30 | O30: =O29+J30-M30 | P30: 4월 송금 | S30: =S29-M30+J30
B31: 45768 | C31: 차량 기사비 | E31: 9 | F31: 해외지사비 | K31: 6000 | L31: =#REF! | M31: =K31/L31 | N31: =N30+H31-K31 | O31: =O30+J31-M31 | P31: 4월 송금 | S31: =S30-M31+J31
B32: 45768 | C32: 기사 야근비용 | E32: 9 | F32: 해외지사비 | K32: 470 | L32: =#REF! | M32: =K32/L32 | N32: =N31+H32-K32 | O32: =O31+J32-M32 | P32: 4월 송금 | S32: =S31-M32+J32
B33: 45768 | C33: 차량 Rent비 | E33: 9 | F33: 지급임차료 | G33: 차량임차료 | K33: 7000 | L33: =#REF! | M33: =K33/L33 | N33: =N32+H33-K33 | O33: =O32+J33-M33 | P33: 4월 송금 | S33: =S32-M33+J33
B34: 45768 | C34: 차량 기사비 | E34: 9 | F34: 해외지사비 | K34: 6000 | L34: =#REF! | M34: =K34/L34 | N34: =N33+H34-K34 | O34: =O33+J34-M34 | P34: 4월 송금 | S34: =S33-M34+J34
B35: 45768 | C35: 기사 야근비용 | E35: 9 | F35: 해외지사비 | K35: 400 | L35: =#REF! | M35: =K35/L35 | N35: =N34+H35-K35 | O35: =O34+J35-M35 | P35: 4월 송금 | S35: =S34-M35+J35
B36: 45768 | C36: 은행수수료 | E36: 10 | F36: 해외지사비 | K36: 7.2 | L36: =#REF! | M36: =K36/L36 | N36: =N35+H36-K36 | O36: =O35+J36-M36 | P36: 4월 송금 | S36: =S35-M36+J36
B37: 45768 | C37: 신순연_사무실 wfi, 통신비 | E37: 11 | F37: 통신비 | G37: 기타 | K37: 418 | L37: =#REF! | M37: =K37/L37 | N37: =N36+H37-K37 | O37: =O36+J37-M37 | P37: 4월 송금 | R37: 신순연 | S37: =S36-M37+J37
B38: 45768 | C38: 은행수수료 | E38: 12 | F38: 해외지사비 | K38: 3.6 | L38: =#REF! | M38: =K38/L38 | N38: =N37+H38-K38 | O38: =O37+J38-M38 | P38: 4월 송금 | R38: 신순연 | S38: =S37-M38+J38
B39: 45768 | C39: Pan Shi Qiang_시내교통비 | E39: 13 | F39: 여비교통비 | G39: 해외 | K39: 128.41 | L39: =#REF! | M39: =K39/L39 | N39: =N38+H39-K39 | O39: =O38+J39-M39 | P39: 4월 송금 | R39: Pan Shi Qiang | S39: =S38-M39+J39
B40: 45768 | C40: Pan Shi Qiang_출장비 | E40: 14 | F40: 여비교통비 | G40: 해외 | K40: 4365.36 | L40: =#REF! | M40: =K40/L40 | N40: =N39+H40-K40 | O40: =O39+J40-M40 | P40: 4월 송금 | R40: Pan Shi Qiang | S40: =S39-M40+J40
B41: 45768 | C41: Pan Shi Qiang_통신비 | E41: 15 | F41: 통신비 | G41: 기타 | K41: 153.6 | L41: =#REF! | M41: =K41/L41 | N41: =N40+H41-K41 | O41: =O40+J41-M41 | P41: 4월 송금 | R41: Pan Shi Qiang | S41: =S40-M41+J41
B42: 45768 | C42: Pan Shi Qiang_택배비 | E42: 16 | F42: 해외지사비 | K42: 135 | L42: =#REF! | M42: =K42/L42 | N42: =N41+H42-K42 | O42: =O41+J42-M42 | P42: 4월 송금 | R42: Pan Shi Qiang | S42: =S41-M42+J42
B43: 45768 | C43: 은행수수료 | E43: 17 | F43: 해외지사비 | K43: 3.6 | L43: =#REF! | M43: =K43/L43 | N43: =N42+H43-K43 | O43: =O42+J43-M43 | P43: 4월 송금 | R43: Pan Shi Qiang | S43: =S42-M43+J43
B44: 45768 | C44: 시내교통비 | E44: 18 | F44: 여비교통비 | G44: 해외 | K44: 207.37 | L44: =#REF! | M44: =K44/L44 | N44: =N43+H44-K44 | O44: =O43+J44-M44 | P44: 4월 송금 | R44: Zhang Liang | S44: =S43-M44+J44
B45: 45768 | C45: 출장비 | E45: 19 | F45: 여비교통비 | G45: 해외 | K45: 941.79 | L45: =#REF! | M45: =K45/L45 | N45: =N44+H45-K45 | O45: =O44+J45-M45 | P45: 4월 송금 | R45: Zhang Liang | S45: =S44-M45+J45
B46: 45768 | C46: 통신비 | E46: 20 | F46: 통신비 | G46: 기타 | K46: 400 | L46: =#REF! | M46: =K46/L46 | N46: =N45+H46-K46 | O46: =O45+J46-M46 | P46: 4월 송금 | R46: Zhang Liang | S46: =S45-M46+J46
B47: 45768 | C47: 업무추진비 | E47: 21 | F47: 업무추진비 | G47: 일반 | K47: 179 | L47: =#REF! | M47: =K47/L47 | N47: =N46+H47-K47 | O47: =O46+J47-M47 | P47: 4월 송금 | R47: Zhang Liang | S47: =S46-M47+J47
B48: 45768 | C48: 택배비 | E48: 22 | F48: 해외지사비 | K48: 424.55 | L48: =#REF! | M48: =K48/L48 | N48: =N47+H48-K48 | O48: =O47+J48-M48 | P48: 4월 송금 | R48: Zhang Liang | S48: =S47-M48+J48
B49: 45768 | C49: 사무용픔 | E49: 23 | F49: 해외지사비 | K49: 127.56 | L49: =#REF! | M49: =K49/L49 | N49: =N48+H49-K49 | O49: =O48+J49-M49 | P49: 4월 송금 | R49: Zhang Liang | S49: =S48-M49+J49
B50: 45768 | C50: 은행수수료 | E50: 24 | F50: 해외지사비 | K50: 3.6 | L50: =#REF! | M50: =K50/L50 | N50: =N49+H50-K50 | O50: =O49+J50-M50 | P50: 4월 송금 | R50: Zhang Liang | S50: =S49-M50+J50
B51: 45768 | C51: 시내/시외교통비 | E51: 25 | F51: 여비교통비 | G51: 해외 | K51: 663.95 | L51: =#REF! | M51: =K51/L51 | N51: =N50+H51-K51 | O51: =O50+J51-M51 | P51: 4월 송금 | R51: Lin Jie Ting | S51: =S50-M51+J51
B52: 45768 | C52: 통신비 | E52: 26 | F52: 통신비 | G52: 기타 | K52: 299.4 | L52: =#REF! | M52: =K52/L52 | N52: =N51+H52-K52 | O52: =O51+J52-M52 | P52: 4월 송금 | R52: Lin Jie Ting | S52: =S51-M52+J52
B53: 45768 | C53: 택배비 | E53: 27 | F53: 해외지사비 | K53: 36 | L53: =#REF! | M53: =K53/L53 | N53: =N52+H53-K53 | O53: =O52+J53-M53 | P53: 4월 송금 | R53: Lin Jie Ting | S53: =S52-M53+J53
B54: 45768 | C54: 출장비 | E54: 28 | F54: 여비교통비 | G54: 해외 | K54: 4536.3 | L54: =#REF! | M54: =K54/L54 | N54: =N53+H54-K54 | O54: =O53+J54-M54 | P54: 4월 송금 | R54: Lin Jie Ting | S54: =S53-M54+J54
B55: 45768 | C55: 사무용품 | E55: 29 | F55: 해외지사비 | K55: 172.98 | L55: =#REF! | M55: =K55/L55 | N55: =N54+H55-K55 | O55: =O54+J55-M55 | P55: 4월 송금 | R55: Lin Jie Ting | S55: =S54-M55+J55
B56: 45768 | C56: 업무추진비 | E56: 30 | F56: 업무추진비 | G56: 일반 | K56: 3310.7 | L56: =#REF! | M56: =K56/L56 | N56: =N55+H56-K56 | O56: =O55+J56-M56 | P56: 4월 송금 | R56: Lin Jie Ting | S56: =S55-M56+J56
B57: 45768 | C57: 사무실운영비 | E57: 31 | F57: 해외지사비 | K57: 399 | L57: =#REF! | M57: =K57/L57 | N57: =N56+H57-K57 | O57: =O56+J57-M57 | P57: 4월 송금 | R57: Lin Jie Ting | S57: =S56-M57+J57
B58: 45768 | C58: 은행수수료 | E58: 32 | F58: 해외지사비 | K58: 3.6 | L58: =#REF! | M58: =K58/L58 | N58: =N57+H58-K58 | O58: =O57+J58-M58 | P58: 4월 송금 | R58: Lin Jie Ting | S58: =S57-M58+J58
B59: 45768 | C59: 업무추진비 | E59: 33 | F59: 업무추진비 | G59: 일반 | K59: 15594.7 | L59: =#REF! | M59: =K59/L59 | N59: =N58+H59-K59 | O59: =O58+J59-M59 | P59: 4월 송금 | R59: 김명관 | S59: =S58-M59+J59
B60: 45768 | C60: 출장비 | E60: 34 | F60: 여비교통비 | G60: 해외 | K60: 12341.06 | L60: =#REF! | M60: =K60/L60 | N60: =N59+H60-K60 | O60: =O59+J60-M60 | P60: 4월 송금 | R60: 김명관 | S60: =S59-M60+J60
B61: 45768 | C61: 수수료 | E61: 35 | F61: 해외지사비 | K61: 7.2 | L61: =#REF! | M61: =K61/L61 | N61: =N60+H61-K61 | O61: =O60+J61-M61 | P61: 4월 송금 | R61: 김명관 | S61: =S60-M61+J61
B62: 45768 | C62: 시내교통비 | E62: 36 | F62: 여비교통비 | G62: 해외 | K62: 15.97 | L62: =#REF! | M62: =K62/L62 | N62: =N61+H62-K62 | O62: =O61+J62-M62 | P62: 4월 송금 | R62: Piao Mei Ling | S62: =S61-M62+J62
B63: 45768 | C63: 업무추진비 | E63: 37 | F63: 업무추진비 | G63: 일반 | K63: 111 | L63: =#REF! | M63: =K63/L63 | N63: =N62+H63-K63 | O63: =O62+J63-M63 | P63: 4월 송금 | R63: Piao Mei Ling | S63: =S62-M63+J63
B64: 45768 | C64: 통신비 | E64: 38 | F64: 통신비 | G64: 기타 | K64: 198.1 | L64: =#REF! | M64: =K64/L64 | N64: =N63+H64-K64 | O64: =O63+J64-M64 | P64: 4월 송금 | R64: Piao Mei Ling | S64: =S63-M64+J64
B65: 45768 | C65: 택배비 | E65: 39 | F65: 해외지사비 | K65: 13 | L65: =#REF! | M65: =K65/L65 | N65: =N64+H65-K65 | O65: =O64+J65-M65 | P65: 4월 송금 | R65: Piao Mei Ling | S65: =S64-M65+J65
B66: 45768 | C66: 은행수수료 | E66: 40 | F66: 해외지사비 | K66: 3.6 | L66: =#REF! | M66: =K66/L66 | N66: =N65+H66-K66 | O66: =O65+J66-M66 | P66: 4월 송금 | R66: Piao Mei Ling | S66: =S65-M66+J66
B67: 45768 | C67: 주유비 | E67: 41 | F67: 여비교통비 | G67: 해외 | K67: 2331 | L67: =#REF! | M67: =K67/L67 | N67: =N66+H67-K67 | O67: =O66+J67-M67 | P67: 4월 송금 | R67: Chen Guo Liang_주유비_주차비_톨비 | S67: =S66-M67+J67
B68: 45768 | C68: 주차비 | E68: 42 | F68: 여비교통비 | G68: 해외 | K68: 163.6 | L68: =#REF! | M68: =K68/L68 | N68: =N67+H68-K68 | O68: =O67+J68-M68 | P68: 4월 송금 | R68: Chen Guo Liang_주유비_주차비_톨비 | S68: =S67-M68+J68
B69: 45768 | C69: 톨비 | E69: 43 | F69: 여비교통비 | G69: 해외 | K69: 369 | L69: =#REF! | M69: =K69/L69 | N69: =N68+H69-K69 | O69: =O68+J69-M69 | P69: 4월 송금 | R69: Chen Guo Liang_주유비_주차비_톨비 | S69: =S68-M69+J69
B70: 45768 | C70: 은행수수료 | E70: 44 | F70: 해외지사비 | K70: 3.6 | L70: =#REF! | M70: =K70/L70 | N70: =N69+H70-K70 | O70: =O69+J70-M70 | P70: 4월 송금 | R70: Chen Guo Liang_주유비_주차비_톨비 | S70: =S69-M70+J70
B71: 45768 | C71: 톨비 | E71: 45 | F71: 여비교통비 | G71: 해외 | K71: 529 | L71: =#REF! | M71: =K71/L71 | N71: =N70+H71-K71 | O71: =O70+J71-M71 | P71: 4월 송금 | R71: Liu Ming Liang_주유비_주차비_톨비 | S71: =S70-M71+J71
B72: 45768 | C72: 주유비 | E72: 46 | F72: 여비교통비 | G72: 해외 | K72: 2255 | L72: =#REF! | M72: =K72/L72 | N72: =N71+H72-K72 | O72: =O71+J72-M72 | P72: 4월 송금 | R72: Liu Ming Liang_주유비_주차비_톨비 | S72: =S71-M72+J72
B73: 45768 | C73: 주차비 | E73: 47 | F73: 여비교통비 | G73: 해외 | K73: 201 | L73: =#REF! | M73: =K73/L73 | N73: =N72+H73-K73 | O73: =O72+J73-M73 | P73: 4월 송금 | R73: Liu Ming Liang_주유비_주차비_톨비 | S73: =S72-M73+J73
B74: 45768 | C74: 은행수수료 | E74: 48 | F74: 해외지사비 | K74: 3.6 | L74: =#REF! | M74: =K74/L74 | N74: =N73+H74-K74 | O74: =O73+J74-M74 | P74: 4월 송금 | R74: Liu Ming Liang_주유비_주차비_톨비 | S74: =S73-M74+J74
B75: 45768 | C75: 주재원 주재수당 | E75: 49 | F75: 해외지사비 | K75: 16000 | L75: =#REF! | M75: =K75/L75 | N75: =N74+H75-K75 | O75: =O74+J75-M75 | P75: 4월 송금 | R75: 김명관 프로 | S75: =S74-M75+J75
B76: 45768 | C76: 주재원 주택수당 | E76: 49 | F76: 해외지사비 | K76: 24000 | L76: =#REF! | M76: =K76/L76 | N76: =N75+H76-K76 | O76: =O75+J76-M76 | P76: 4월 송금 | R76: 김명관 프로 | S76: =S75-M76+J76
B77: 45768 | C77: 보험(주재원/현채인) | E77: 49 | F77: 해외지사비 | K77: 5305.19 | L77: =#REF! | M77: =K77/L77 | N77: =N76+H77-K77 | O77: =O76+J77-M77 | P77: 4월 송금 | R77: 김명관 프로 | S77: =S76-M77+J77
B78: 45768 | C78: 세금(주재원/현채인) | E78: 49 | F78: 해외지사비 | K78: 3336.8 | L78: =#REF! | M78: =K78/L78 | N78: =N77+H78-K78 | O78: =O77+J78-M78 | P78: 4월 송금 | R78: 김명관 프로 | S78: =S77-M78+J78
B79: 45768 | C79: 대행수수료 | E79: 49 | F79: 해외지사비 | K79: 300 | L79: =#REF! | M79: =K79/L79 | N79: =N78+H79-K79 | O79: =O78+J79-M79 | P79: 4월 송금 | R79: 김명관 프로 | S79: =S78-M79+J79
B80: 45772 | C80: 주재원 주재수당 | E80: 49 | F80: 해외지사비 | K80: 16000 | L80: =#REF! | M80: =K80/L80 | N80: =N79+H80-K80 | O80: =O79+J80-M80 | P80: 4월 송금 | R80: 신순연 프로 | S80: =S79-M80+J80
B81: 45772 | C81: 주재원 주택수당 | E81: 49 | F81: 해외지사비 | K81: 24000 | L81: =#REF! | M81: =K81/L81 | N81: =N80+H81-K81 | O81: =O80+J81-M81 | P81: 4월 송금 | R81: 신순연 프로 | S81: =S80-M81+J81
B82: 45772 | C82: 보험(주재원/현채인) | E82: 49 | F82: 해외지사비 | K82: 9305.19 | L82: =#REF! | M82: =K82/L82 | N82: =N81+H82-K82 | O82: =O81+J82-M82 | P82: 4월 송금 | R82: 신순연 프로 | S82: =S81-M82+J82
B83: 45772 | C83: 세금(주재원/현채인) | E83: 49 | F83: 해외지사비 | K83: 3144.8 | L83: =#REF! | M83: =K83/L83 | N83: =N82+H83-K83 | O83: =O82+J83-M83 | P83: 4월 송금 | R83: 신순연 프로 | S83: =S82-M83+J83
B84: 45772 | C84: 대행수수료 | E84: 49 | F84: 해외지사비 | K84: 300 | L84: =#REF! | M84: =K84/L84 | N84: =N83+H84-K84 | O84: =O83+J84-M84 | P84: 4월 송금 | R84: 신순연 프로 | S84: =S83-M84+J84
B85: 45772 | C85: 현채인 월급 | E85: 49 | F85: 해외지사비 | K85: 25750 | L85: =#REF! | M85: =K85/L85 | N85: =N84+H85-K85 | O85: =O84+J85-M85 | P85: 4월 송금 | R85: FAE (Pan Shi Qiang) 7/1 입사 潘世强 | S85: =S84-M85+J85
... B103: 45772 | C103: 대행수수료 | E103: 49 | F103: 해외지사비 | K103: 300 | L103: =#REF! | M103: =K103/L103 | N103: =N102+H103-K103 | O103: =O102+J103-M103 | P103: 4월 송금 | R103: 朴美玲 박미령 23/9/18 입사 | S103: =S102-M103+J103
B104: 45772 | C104: 은행 수수료 | E104: 50 | F104: 해외지사비 | K104: 12 | L104: =#REF! | M104: =K104/L104 | N104: =N103+H104-K104 | O104: =O103+J104-M104 | P104: 4월 송금 | S104: =S103-M104+J104

Sheet 내역_25.05
B2: ▶ 25년 5월 전도금 정산 내역 (심천지사)_4000061 (B2F590) | H2: 보증금 입금 내역_1,234.5 (#1900000828 / #1200000234 / #100013313)
B3: 25년 4월 송금_1,482.90 (#) | F3: 1482.9 | H3: 25년 5월 송금_1405.60 (#) | L3: 1405.6 | X3: 1327.2
B4: 대계정 | C4: 소계정 | D4: 금액 (CNY) | E4: 금액 (USD) | F4: 금액 (KRW) | H4: 대계정 | I4: 소계정 | J4: 금액 (CNY) | K4: 금액 (USD) | L4: 금액 (KRW)
A5: 51131050 | B5: 업무추진비 | C5: 일반 | D5: 3161.4 | E5: 431.34 | F5: =ROUND(E5*$F$3,0) | H5: 업무추진비 | I5: 일반 | J5: 14265.08 | K5: 1986.7 | L5: =ROUND(K5*$L$3,0) | M5: =L5+F5 | S5: =F5+L5+R5
A6: 51061030 | B6: 여비교통비 | C6: 해외 | D6: 11847.427 | E6: 1616.47 | F6: =ROUND(E6*$F$3,0) | H6: 여비교통비 | I6: 해외 | J6: 19528.07 | K6: 2719.68 | L6: =ROUND(K6*$L$3,0) | M6: =L6+F6 | S6: =F6+L6+R6
A7: 51201020 | B7: 지급임차료 | C7: 사무실임차료 | D7: 25096 | E7: 3424.11 | F7: =ROUND(E7*$F$3,0) | H7: 지급임차료 | I7: 사무실임차료 | L7: =ROUND(K7*$L$3,0) | M7: =L7+F7 | S7: =F7+L7+R7
A8: 51201030 | B8: 지급임차료 | C8: 차량임차료 | F8: =ROUND(E8*$F$3,0) | H8: 지급임차료 | I8: 차량임차료 | J8: 20596 | K8: 2868.4 | L8: =ROUND(K8*$L$3,0) | M8: =L8+F8 | S8: =F8+L8+R8
A9: 51071700 | B9: 통신비 | C9: 기타 | D9: 2034.12 | E9: 277.54 | F9: =ROUND(E9*$F$3,0) | H9: 통신비 | I9: 기타 | J9: 300 | K9: 41.78 | L9: =ROUND(K9*$L$3,0) | M9: =L9+F9 | S9: =F9+L9+R9
A10: 51321010 | B10: 해외지사비 | D10: 2938.75 | E10: 400.97 | F10: =ROUND(E10*$F$3,0) | H10: 해외지사비 | J10: 247302.52 | K10: 34492.81 | L10: =ROUND(K10*$L$3,0) | M10: =L10+F10 | S10: =F10+L10+R10
A11: 51031020 | B11: 급여(incentive) | C11: 성과급여조정 | G11: =G13/G12 | H11: 급여(incentive) | I11: 포상금 | L11: =ROUND(K11*$L$3,0) | M11: =L11+F11 | S11: =F11+L11+R11
A12: 52981010 | B12: (-)잡이익(50) | C12: (-)잡이익 | F12: =ROUND(E12*$F$3,0) | G12: =E13+Q13+AB13 | H12: (-)잡이익(50) | I12: (-)잡이익 | L12: =ROUND(K12*$L$3,0) | M12: =L12+F12 | S12: =F12+L12+R12
B13: Total | D13: =SUM(D5:D11)-D12 | E13: =SUM(E5:E11)-E12 | F13: =SUM(F5:F11)-F12 | G13: =F13+R13+AC13 | H13: Total | J13: =SUM(J5:J11)-J12 | K13: =SUM(K5:K11)-K12 | L13: =SUM(L5:L11)-L12 | M13: =L13+F13 | S13: =F13+L13+R13 | X13: =F13+R13
J14: =J13+D13+P13 | K14: =K13+E13+Q13 | L14: =L13+F13+R13 | M14: =M16-E12
J15: =J16-#REF! | K15: =K16-#REF! | L15: =L16-#REF! | M15: =M16-#REF!
K16: =SUBTOTAL(9,K19:K111) | M16: =SUBTOTAL(9,M19:M111)
B17: 날짜 | C17: 내역 | D17: 담당자 | E17: 증빙번호 | F17: 대계정 | G17: 소계정 | H17: 입금 | K17: 출금 | N17: 잔액 | R17: 항목
B18: 날짜 | C18: 내역 | D18: 담당자 | E18: 증빙번호 | F18: 대계정 | G18: 소계정 | H18: CNY | I18: 환산요율 | J18: USD | K18: CNY | L18: 환산요율 | M18: USD | N18: CNY | O18: USD | P18: 비고 | R18: 항목
B19: 45777 | N19: 45051.06 | O19: 6150.4268 | S19: 6150.4252
B20: 45790 | C20: USD입금 and RMB 환전 | E20: 1 | H20: 343685.06 | J20: 47916 | N20: =N19+H20-K20 | O20: =O19+J20-M20
B21: 45790 | C21: 은행수수료 | F21: 해외지사비 | M21: 51 | N21: =N20+H21-K21 | O21: =O20+J21-M21
B22: 45792 | C22: 사무실 임대료/전기세 관련 | E22: 2 | F22: 지급임차료 | G22: 사무실임차료 | K22: 25096 | L22: =#REF! | M22: =K22/L22 | N22: =N21+H22-K22 | O22: =O21+J22-M22 | P22: 4월 송금 | S22: =S19-M22+J22
B23: 45792 | C23: 은행수수료 | E23: 3 | F23: 해외지사비 | K23: 7.2 | L23: =#REF! | M23: =K23/L23 | N23: =N22+H23-K23 | O23: =O22+J23-M23 | P23: 4월 송금 | S23: =S22-M23+J23
B24: 45792 | C24: 사무실 주차비 | E24: 4 | F24: 여비교통비 | G24: 해외 | K24: 1600 | L24: =#REF! | M24: =K24/L24 | N24: =N23+H24-K24 | O24: =O23+J24-M24 | P24: 4월 송금 | S24: =S23-M24+J24
B25: 45792 | C25: 은행수수료 | E25: 5 | F25: 해외지사비 | K25: 3.6 | L25: =#REF! | M25: =K25/L25 | N25: =N24+H25-K25 | O25: =O24+J25-M25 | P25: 4월 송금 | S25: =S24-M25+J25
B26: 45796 | C26: 세무대행비 | E26: 6 | F26: 해외지사비 | K26: 1010 | L26: =#REF! | M26: =K26/L26 | N26: =N25+H26-K26 | O26: =O25+J26-M26 | P26: 4월 송금 | S26: =S25-M26+J26
B27: 45796 | C27: 은행수수료 | E27: 7 | F27: 해외지사비 | K27: 3.6 | L27: =#REF! | M27: =K27/L27 | N27: =N26+H27-K27 | O27: =O26+J27-M27 | P27: 4월 송금 | S27: =S26-M27+J27
B28: 45796 | C28: 사무실 WIFI+통신비 | D28: 신순연 | E28: 8 | F28: 통신비 | G28: 기타 | K28: 1018.2 | L28: =#REF! | M28: =K28/L28 | N28: =N27+H28-K28 | O28: =O27+J28-M28 | P28: 4월 송금 | S28: =S27-M28+J28
B29: 45796 | C29: 사무실 운영비 | D29: 신순연 | E29: 9 | F29: 해외지사비 | K29: 676 | L29: =#REF! | M29: =K29/L29 | N29: =N28+H29-K29 | O29: =O28+J29-M29 | P29: 4월 송금 | S29: =S28-M29+J29
B30: 45796 | C30: 수수료 | D30: 신순연 | E30: 10 | F30: 해외지사비 | K30: 3.6 | L30: =#REF! | M30: =K30/L30 | N30: =N29+H30-K30 | O30: =O29+J30-M30 | P30: 4월 송금 | S30: =S29-M30+J30
B31: 45796 | C31: 시내 교통비 | D31: Pan Shi Qiang | E31: 11 | F31: 여비교통비 | G31: 해외 | K31: 419.4 | L31: =#REF! | M31: =K31/L31 | N31: =N30+H31-K31 | O31: =O30+J31-M31 | P31: 4월 송금 | S31: =S30-M31+J31
B32: 45796 | C32: 출장비 | D32: Pan Shi Qiang | E32: 12 | F32: 여비교통비 | G32: 해외 | K32: 628 | L32: =#REF! | M32: =K32/L32 | N32: =N31+H32-K32 | O32: =O31+J32-M32 | P32: 4월 송금 | S32: =S31-M32+J32
B33: 45796 | C33: 통신비 | D33: Pan Shi Qiang | E33: 13 | F33: 통신비 | G33: 기타 | K33: 123.8 | L33: =#REF! | M33: =K33/L33 | N33: =N32+H33-K33 | O33: =O32+J33-M33 | P33: 4월 송금 | S33: =S32-M33+J33
B34: 45796 | C34: 추진비 | D34: Pan Shi Qiang | E34: 14 | F34: 업무추진비 | G34: 일반 | K34: 318.4 | L34: =#REF! | M34: =K34/L34 | N34: =N33+H34-K34 | O34: =O33+J34-M34 | P34: 4월 송금 | S34: =S33-M34+J34
B35: 45796 | C35: 수수료 | D35: Pan Shi Qiang | E35: 15 | F35: 해외지사비 | K35: 3.6 | L35: =#REF! | M35: =K35/L35 | N35: =N34+H35-K35 | O35: =O34+J35-M35 | P35: 4월 송금 | S35: =S34-M35+J35
B36: 45796 | C36: 시내 교통비 | D36: Zhang Liang | E36: 16 | F36: 여비교통비 | G36: 해외 | K36: 536.62 | L36: =#REF! | M36: =K36/L36 | N36: =N35+H36-K36 | O36: =O35+J36-M36 | P36: 4월 송금 | S36: =S35-M36+J36
B37: 45796 | C37: 출장비 | D37: Zhang Liang | E37: 17 | F37: 여비교통비 | G37: 해외 | K37: 5617.81 | L37: =#REF! | M37: =K37/L37 | N37: =N36+H37-K37 | O37: =O36+J37-M37 | P37: 4월 송금 | S37: =S36-M37+J37
B38: 45796 | C38: 통신비 | D38: Zhang Liang | E38: 18 | F38: 통신비 | G38: 기타 | K38: 400 | L38: =#REF! | M38: =K38/L38 | N38: =N37+H38-K38 | O38: =O37+J38-M38 | P38: 4월 송금 | S38: =S37-M38+J38
B39: 45796 | C39: 업무추진비 | D39: Zhang Liang | E39: 19 | F39: 업무추진비 | G39: 일반 | K39: 361 | L39: =#REF! | M39: =K39/L39 | N39: =N38+H39-K39 | O39: =O38+J39-M39 | P39: 4월 송금 | S39: =S38-M39+J39
B40: 45796 | C40: 택배비 | D40: Zhang Liang | E40: 20 | F40: 해외지사비 | K40: 276.6 | L40: =#REF! | M40: =K40/L40 | N40: =N39+H40-K40 | O40: =O39+J40-M40 | P40: 4월 송금 | S40: =S39-M40+J40
B41: 45796 | C41: 사무용픔 | D41: Zhang Liang | E41: 21 | F41: 해외지사비 | K41: 517 | L41: =#REF! | M41: =K41/L41 | N41: =N40+H41-K41 | O41: =O40+J41-M41 | P41: 4월 송금 | S41: =S40-M41+J41
B42: 45796 | C42: 수수료 | D42: Zhang Liang | E42: 22 | F42: 해외지사비 | K42: 3.6 | L42: =#REF! | M42: =K42/L42 | N42: =N41+H42-K42 | O42: =O41+J42-M42 | P42: 4월 송금 | S42: =S41-M42+J42
B43: 45796 | C43: 시내/시외 교통비 | D43: Lin Jie Ting | E43: 23 | F43: 여비교통비 | G43: 해외 | K43: 589.1 | L43: =#REF! | M43: =K43/L43 | N43: =N42+H43-K43 | O43: =O42+J43-M43 | P43: 4월 송금 | S43: =S42-M43+J43
B44: 45796 | C44: 통신비 | D44: Lin Jie Ting | E44: 24 | F44: 통신비 | G44: 기타 | K44: 299.6 | L44: =#REF! | M44: =K44/L44 | N44: =N43+H44-K44 | O44: =O43+J44-M44 | P44: 4월 송금 | S44: =S43-M44+J44
B45: 45796 | C45: 출장비 | D45: Lin Jie Ting | E45: 25 | F45: 여비교통비 | G45: 해외 | K45: 1259 | L45: =#REF! | M45: =K45/L45 | N45: =N44+H45-K45 | O45: =O44+J45-M45 | P45: 4월 송금 | S45: =S44-M45+J45
B46: 45796 | C46: 업무추진비 | D46: Lin Jie Ting | E46: 26 | F46: 업무추진비 | G46: 일반 | K46: 2482 | L46: =#REF! | M46: =K46/L46 | N46: =N45+H46-K46 | O46: =O45+J46-M46 | P46: 4월 송금 | S46: =S45-M46+J46
B47: 45796 | C47: 수수료 | D47: Lin Jie Ting | E47: 27 | F47: 해외지사비 | K47: 3.6 | L47: =#REF! | M47: =K47/L47 | N47: =N46+H47-K47 | O47: =O46+J47-M47 | P47: 4월 송금 | S47: =S46-M47+J47
B48: 45796 | C48: 시내교통비 | D48: Piao Mei Ling | E48: 28 | F48: 여비교통비 | G48: 해외 | K48: 313.59 | L48: =#REF! | M48: =K48/L48 | N48: =N47+H48-K48 | O48: =O47+J48-M48 | P48: 4월 송금 | S48: =S47-M48+J48
B49: 45796 | C49: 출장비 | D49: Piao Mei Ling | E49: 29 | F49: 여비교통비 | G49: 해외 | K49: 688.3 | L49: =#REF! | M49: =K49/L49 | N49: =N48+H49-K49 | O49: =O48+J49-M49 | P49: 4월 송금 | S49: =S48-M49+J49
B50: 45796 | C50: 통신비 | D50: Piao Mei Ling | E50: 30 | F50: 통신비 | G50: 기타 | K50: 192.52 | L50: =#REF! | M50: =K50/L50 | N50: =N49+H50-K50 | O50: =O49+J50-M50 | P50: 4월 송금 | S50: =S49-M50+J50
B51: 45796 | C51: 택배비 | D51: Piao Mei Ling | E51: 31 | F51: 해외지사비 | K51: 426.75 | L51: =#REF! | M51: 58.23 | N51: =N50+H51-K51 | O51: =O50+J51-M51 | P51: 4월 송금 | S51: =S50-M51+J51
B52: 45796 | C52: 수수료 | D52: Piao Mei Ling | E52: 32 | F52: 해외지사비 | K52: 3.6 | L52: =#REF! | M52: =K52/L52 | N52: =N51+H52-K52 | O52: =O51+J52-M52 | P52: 4월 송금 | S52: =S51-M52+J52
B53: 45796 | C53: 주유비 | D53: Chen Guo Liang | E53: 33 | F53: 여비교통비 | G53: 해외 | K53: =L53*M53 | L53: =#REF! | M53: 26.688709 | N53: =N52+H53-K53 | O53: =O52+J53-M53 | P53: 4월 송금 | S53: =S52-M53+J53
B54: 45796 | C54: 주유비 | D54: Chen Guo Liang | E54: 33 | F54: 여비교통비 | G54: 해외 | K54: =3060-K53 | L54: =#REF! | M54: =K54/L54 | N54: =N53+H54-K54 | O54: =O53+J54-M54 | P54: 5월 송금 | S54: =47865-M54+J54
B55: 45796 | C55: 주차비 | D55: Chen Guo Liang | E55: 34 | F55: 여비교통비 | G55: 해외 | K55: 179 | L55: =#REF! | M55: =K55/L55 | N55: =N54+H55-K55 | O55: =O54+J55-M55 | P55: 5월 송금 | S55: =S54-M55+J55
B56: 45796 | C56: 톨비 | D56: Chen Guo Liang | E56: 35 | F56: 여비교통비 | G56: 해외 | K56: 852 | L56: =#REF! | M56: =K56/L56 | N56: =N55+H56-K56 | O56: =O55+J56-M56 | P56: 5월 송금 | S56: =S55-M56+J56
B57: 45796 | C57: 수수료 | D57: Chen Guo Liang | E57: 36 | F57: 해외지사비 | K57: 3.6 | L57: =#REF! | M57: =K57/L57 | N57: =N56+H57-K57 | O57: =O56+J57-M57 | P57: 5월 송금 | S57: =S56-M57+J57
B58: 45796 | C58: 톨비 | D58: Liu Ming Liang | E58: 37 | F58: 여비교통비 | G58: 해외 | K58: 551 | L58: =#REF! | M58: =K58/L58 | N58: =N57+H58-K58 | O58: =O57+J58-M58 | P58: 5월 송금 | S58: =S57-M58+J58
B59: 45796 | C59: 주유비 | D59: Liu Ming Liang | E59: 38 | F59: 여비교통비 | G59: 해외 | K59: 2361 | L59: =#REF! | M59: =K59/L59 | N59: =N58+H59-K59 | O59: =O58+J59-M59 | P59: 5월 송금 | S59: =S58-M59+J59
B60: 45796 | C60: 주차비 | D60: Liu Ming Liang | E60: 39 | F60: 여비교통비 | G60: 해외 | K60: 84 | L60: =#REF! | M60: =K60/L60 | N60: =N59+H60-K60 | O60: =O59+J60-M60 | P60: 5월 송금 | S60: =S59-M60+J60
B61: 45796 | C61: 수수료 | D61: Liu Ming Liang | E61: 40 | F61: 해외지사비 | K61: 3.6 | L61: =#REF! | M61: =K61/L61 | N61: =N60+H61-K61 | O61: =O60+J61-M61 | P61: 5월 송금 | S61: =S60-M61+J61
B62: 45796 | C62: 차량 Rent비 | E62: 41 | F62: 지급임차료 | G62: 차량임차료 | K62: 10500 | L62: =#REF! | M62: =K62/L62 | N62: =N61+H62-K62 | O62: =O61+J62-M62 | P62: 5월 송금 | S62: =S61-M62+J62
B63: 45796 | C63: 차량 기사비 | E63: 41 | F63: 해외지사비 | K63: 6000 | L63: =#REF! | M63: =K63/L63 | N63: =N62+H63-K63 | O63: =O62+J63-M63 | P63: 5월 송금 | S63: =S62-M63+J63
B64: 45796 | C64: 기사 야근비용 | E64: 41 | F64: 해외지사비 | K64: 660 | L64: =#REF! | M64: =K64/L64 | N64: =N63+H64-K64 | O64: =O63+J64-M64 | P64: 5월 송금 | S64: =S63-M64+J64
B65: 45796 | C65: 차량 Rent비 | E65: 41 | F65: 지급임차료 | G65: 차량임차료 | K65: 7000 | L65: =#REF! | M65: =K65/L65 | N65: =N64+H65-K65 | O65: =O64+J65-M65 | P65: 5월 송금 | S65: =S64-M65+J65
B66: 45796 | C66: 차량 기사비 | E66: 41 | F66: 해외지사비 | K66: 6000 | L66: =#REF! | M66: =K66/L66 | N66: =N65+H66-K66 | O66: =O65+J66-M66 | P66: 5월 송금 | S66: =S65-M66+J66
B67: 45796 | C67: 기사 야근비용 | E67: 41 | F67: 해외지사비 | K67: 140 | L67: =#REF! | M67: =K67/L67 | N67: =N66+H67-K67 | O67: =O66+J67-M67 | P67: 5월 송금 | S67: =S66-M67+J67
B68: 45796 | C68: 차량 Rent비 | E68: 41 | F68: 지급임차료 | G68: 차량임차료 | K68: 3096 | L68: =#REF! | M68: =K68/L68 | N68: =N67+H68-K68 | O68: =O67+J68-M68 | P68: 5월 송금 | S68: =S67-M68+J68
B69: 45796 | C69: 차량 기사비 | E69: 41 | F69: 해외지사비 | K69: 3096 | L69: =#REF! | M69: =K69/L69 | N69: =N68+H69-K69 | O69: =O68+J69-M69 | P69: 5월 송금 | S69: =S68-M69+J69
B70: 45796 | C70: 은행수수료 | E70: 42 | F70: 해외지사비 | K70: 7.2 | L70: =#REF! | M70: =K70/L70 | N70: =N69+H70-K70 | O70: =O69+J70-M70 | P70: 5월 송금 | S70: =S69-M70+J70
B71: 45797 | C71: 업무추진비 | D71: 김명관 | E71: 43 | F71: 업무추진비 | G71: 일반 | K71: 14265.08 | L71: =#REF! | M71: =K71/L71 | N71: =N70+H71-K71 | O71: =O70+J71-M71 | P71: 5월 송금 | S71: =S70-M71+J71
B72: 45797 | C72: 출장비 | D72: 김명관 | E72: 44 | F72: 여비교통비 | G72: 해외 | K72: 11800.94 | L72: =#REF! | M72: =K72/L72 | N72: =N71+H72-K72 | O72: =O71+J72-M72 | P72: 5월 송금 | S72: =S71-M72+J72
B73: 45797 | C73: 시내교통비 | D73: 김명관 | E73: 45 | F73: 여비교통비 | G73: 해외 | K73: 35.74 | L73: =#REF! | M73: =K73/L73 | N73: =N72+H73-K73 | O73: =O72+J73-M73 | P73: 5월 송금 | S73: =S72-M73+J73
B74: 45797 | C74: 통신비 | D74: 김명관 | E74: 46 | F74: 통신비 | G74: 기타 | K74: 300 | L74: =#REF! | M74: =K74/L74 | N74: =N73+H74-K74 | O74: =O73+J74-M74 | P74: 5월 송금 | S74: =S73-M74+J74
B75: 45797 | C75: 은행수수료 | D75: 김명관 | E75: 47 | F75: 해외지사비 | K75: 7.2 | L75: =#REF! | M75: =K75/L75 | N75: =N74+H75-K75 | O75: =O74+J75-M75 | P75: 5월 송금 | S75: =S74-M75+J75
B76: 45797 | C76: 사무실 운영비(24년 회계심사비) | E76: 48 | F76: 해외지사비 | K76: 9010 | L76: =#REF! | M76: =K76/L76 | N76: =N75+H76-K76 | O76: =O75+J76-M76 | P76: 5월 송금 | R76: 24년 회계심사비 | S76: =S75-M76+J76
B77: 45797 | C77: 은행수수료 | E77: 49 | F77: 해외지사비 | K77: 3.6 | L77: =#REF! | M77: =K77/L77 | N77: =N76+H77-K77 | O77: =O76+J77-M77 | P77: 5월 송금 | S77: =S76-M77+J77
B78: 45800 | C78: 사무실 운영비(신한은행 이체 프로그램 비용) | E78: 50 | F78: 해외지사비 | K78: 80 | L78: =#REF! | M78: =K78/L78 | N78: =N77+H78-K78 | O78: =O77+J78-M78 | P78: 5월 송금 | R78: 신한은행 이체 프로그램 비용 | S78: =S77-M78+J78
B79: 45800 | C79: 주재원 주재수당 | E79: 51 | F79: 해외지사비 | K79: 16000 | L79: =#REF! | M79: =K79/L79 | N79: =N78+H79-K79 | O79: =O78+J79-M79 | P79: 5월 송금 | R79: 김명관 수석 | S79: =S78-M79+J79
B80: 45800 | C80: 주재원 주택수당 | E80: 51 | F80: 해외지사비 | K80: 24000 | L80: =#REF! | M80: =K80/L80 | N80: =N79+H80-K80 | O80: =O79+J80-M80 | P80: 5월 송금 | S80: =S79-M80+J80
B81: 45800 | C81: 보험(주재원/현채인) | E81: 51 | F81: 해외지사비 | K81: 9305.19 | L81: =#REF! | M81: =K81/L81 | N81: =N80+H81-K81 | O81: =O80+J81-M81 | P81: 5월 송금 | S81: =S80-M81+J81
B82: 45800 | C82: 세금(주재원/현채인) | E82: 51 | F82: 해외지사비 | K82: 4468.8 | L82: =#REF! | M82: =K82/L82 | N82: =N81+H82-K82 | O82: =O81+J82-M82 | P82: 5월 송금 | S82: =S81-M82+J82
B83: 45800 | C83: 대행수수료 | E83: 51 | F83: 해외지사비 | K83: 300 | L83: =#REF! | M83: =K83/L83 | N83: =N82+H83-K83 | O83: =O82+J83-M83 | P83: 5월 송금 | S83: =S82-M83+J83
B84: 45800 | C84: 주재원 주재수당 | E84: 51 | F84: 해외지사비 | K84: 16000 | L84: =#REF! | M84: =K84/L84 | N84: =N83+H84-K84 | O84: =O83+J84-M84 | P84: 5월 송금 | R84: 신순연 책임 | S84: =S83-M84+J84
B85: 45800 | C85: 주재원 주택수당 | E85: 51 | F85: 해외지사비 | K85: 24000 | L85: =#REF! | M85: =K85/L85 | N85: =N84+H85-K85 | O85: =O84+J85-M85 | P85: 5월 송금 | S85: =S84-M85+J85
B86: 45800 | C86: 보험(주재원/현채인) | E86: 51 | F86: 해외지사비 | K86: 5305.19 | L86: =#REF! | M86: =K86/L86 | N86: =N85+H86-K86 | O86: =O85+J86-M86 | P86: 5월 송금 | S86: =S85-M86+J86
B87: 45800 | C87: 세금(주재원/현채인) | E87: 51 | F87: 해외지사비 | K87: 5620.8 | L87: =#REF! | M87: =K87/L87 | N87: =N86+H87-K87 | O87: =O86+J87-M87 | P87: 5월 송금 | S87: =S86-M87+J87
B88: 45800 | C88: 대행수수료 | E88: 51 | F88: 해외지사비 | K88: 300 | L88: =#REF! | M88: =K88/L88 | N88: =N87+H88-K88 | O88: =O87+J88-M88 | P88: 5월 송금 | S88: =S87-M88+J88
B89: 45800 | C89: 현채인 월급 | E89: 51 | F89: 해외지사비 | K89: 25750 | L89: =#REF! | M89: =K89/L89 | N89: =N88+H89-K89 | O89: =O88+J89-M89 | P89: 5월 송금 | R89: FAE (Pan Shi Qiang) 7/1 입사 潘世强 | S89: =S88-M89+J89
B90: 45800 | C90: 보너스 | E90: 51 | F90: 해외지사비 | K90: 1000 | L90: =#REF! | M90: =K90/L90 | N90: =N89+H90-K90 | O90: =O89+J90-M90 | P90: 5월 송금 | S90: =S89-M90+J90
B91: 45800 | C91: 보험비(회사납부) 公司缴纳部分合计 | E91: 51 | F91: 해외지사비 | K91: 7431.44 | L91: =#REF! | M91: =K91/L91 | N91: =N90+H91-K91 | O91: =O90+J91-M91 | P91: 5월 송금 | S91: =S90-M91+J91
B92: 45800 | C92: 대행수수료 | E92: 51 | F92: 해외지사비 | K92: 300 | L92: =#REF! | M92: =K92/L92 | N92: =N91+H92-K92 | O92: =O91+J92-M92 | P92: 5월 송금 | S92: =S91-M92+J92
B93: 45800 | C93: 일비 | E93: 51 | F93: 해외지사비 | K93: 200 | L93: =#REF! | M93: =K93/L93 | N93: =N92+H93-K93 | O93: =O92+J93-M93 | P93: 5월 송금 | S93: =S92-M93+J93
B94: 45800 | C94: 현채인 월급 | E94: 51 | F94: 해외지사비 | K94: 13390 | L94: =#REF! | M94: =K94/L94 | N94: =N93+H94-K94 | O94: =O93+J94-M94 | P94: 5월 송금 | R94: 张亮(Zhang Liang) 23/8/1 입사 | S94: =S93-M94+J94
B95: 45800 | C95: 보너스 | E95: 51 | F95: 해외지사비 | K95: 1000 | L95: =#REF! | M95: =K95/L95 | N95: =N94+H95-K95 | O95: =O94+J95-M95 | P95: 5월 송금 | S95: =S94-M95+J95
B96: 45800 | C96: 보험비(회사납부) 公司缴纳部分合计 | E96: 51 | F96: 해외지사비 | K96: 3281.57 | L96: =#REF! | M96: =K96/L96 | N96: =N95+H96-K96 | O96: =O95+J96-M96 | P96: 5월 송금 | S96: =S95-M96+J96
B97: 45800 | C97: 대행수수료 | E97: 51 | F97: 해외지사비 | K97: 300 | L97: =#REF! | M97: =K97/L97 | N97: =N96+H97-K97 | O97: =O96+J97-M97 | P97: 5월 송금 | S97: =S96-M97+J97
B98: 45800 | C98: 일비 | E98: 51 | F98: 해외지사비 | K98: 1100 | L98: =#REF! | M98: =K98/L98 | N98: =N97+H98-K98 | O98: =O97+J98-M98 | P98: 5월 송금 | S98: =S97-M98+J98
B99: 45800 | C99: 현채인 월급 | E99: 51 | F99: 해외지사비 | K99: 25750 | L99: =#REF! | M99: =K99/L99 | N99: =N98+H99-K99 | O99: =O98+J99-M99 | P99: 5월 송금 | R99: 林洁婷 임결정 23/9/18 입사 | S99: =S98-M99+J99
B100: 45800 | C100: 보너스 | E100: 51 | F100: 해외지사비 | K100: 1000 | L100: =#REF! | M100: =K100/L100 | N100: =N99+H100-K100 | O100: =O99+J100-M100 | P100: 5월 송금 | S100: =S99-M100+J100
B101: 45800 | C101: 보험비(회사납부) 公司缴纳部分合计 | E101: 51 | F101: 해외지사비 | K101: 7431.44 | L101: =#REF! | M101: =K101/L101 | N101: =N100+H101-K101 | O101: =O100+J101-M101 | P101: 5월 송금 | S101: =S100-M101+J101
...

Sheet 2026-06
B2: ▶ 00년 00월 전도금 정산 내역 (심천지사)_4000061 (B2F590) | H2: 보증금 입금 내역_1,234.5 (#1900000828 / #1200000234 / #100013313)
B3: 00년 00월 송금_1405.60 (#) | F3: 1405.6 | H3: 00년 00월 송금_1358.90 (#) | L3: 1358.9
B4: 대계정 | C4: 소계정 | D4: 금액 (CNY) | E4: 금액 (USD) | F4: 금액 (KRW) | H4: 대계정 | I4: 소계정 | J4: 금액 (CNY) | K4: 금액 (USD) | L4: 금액 (KRW)
A5: 51131050 | B5: 업무추진비 | C5: 일반 | F5: =ROUND(E5*$F$3,0) | H5: 업무추진비 | I5: 일반 | L5: =ROUND(K5*$L$3,0) | S5: =F5+L5+R5
A6: 51061030 | B6: 여비교통비 | C6: 해외 | F6: =ROUND(E6*$F$3,0) | H6: 여비교통비 | I6: 해외 | L6: =ROUND(K6*$L$3,0) | S6: =F6+L6+R6
A7: 51201020 | B7: 지급임차료 | C7: 사무실임차료 | F7: =ROUND(E7*$F$3,0) | H7: 지급임차료 | I7: 사무실임차료 | L7: =ROUND(K7*$L$3,0) | S7: =F7+L7+R7
A8: 51201030 | B8: 지급임차료 | C8: 차량임차료 | F8: =ROUND(E8*$F$3,0) | H8: 지급임차료 | I8: 차량임차료 | L8: =ROUND(K8*$L$3,0) | S8: =F8+L8+R8
A9: 51071700 | B9: 통신비 | C9: 기타 | F9: =ROUND(E9*$F$3,0) | H9: 통신비 | I9: 기타 | L9: =ROUND(K9*$L$3,0)
A10: 51321010 | B10: 해외지사비 | F10: =ROUND(E10*$F$3,0) | H10: 해외지사비 | L10: =ROUND(K10*$L$3,0)
B11: 세금과공과 | C11: 기타 | F11: =ROUND(E11*$F$3,0) | H11: 세금과공과 | I11: 기타 | L11: =ROUND(K11*$L$3,0)
A12: 51031020 | B12: 급여(incentive) | C12: 성과급여조정 | G12: =G14/G13 | H12: 급여(incentive) | I12: 포상금 | L12: =ROUND(K12*$L$3,0)
A13: 52981010 | B13: (-)잡이익(50) | C13: (-)잡이익 | F13: =ROUND(E13*$F$3,0) | G13: =E14+R14+U14 | H13: (-)잡이익(50) | I13: (-)잡이익 | L13: =ROUND(K13*$L$3,0)
B14: Total | D14: =SUM(D5:D12)-D13 | E14: =SUM(E5:E12)-E13 | F14: =SUM(F5:F12)-F13 | G14: =F14+#REF!+V14 | H14: Total | J14: =SUM(J5:J12)-J13 | K14: =SUM(K5:K12)-K13 | L14: =SUM(L5:L12)-L13
J15: =J14-J13 | K15: =K14-K13 | L15: =L14-L13
I18: =SUBTOTAL(9,J21:J96) | K18: =SUBTOTAL(9,L21:L96) | L18: =SUBTOTAL(9,M21:M96) | M18: =SUBTOTAL(9,O21:O109) | N18: =SUBTOTAL(9,O21:O96)
B19: 날짜 | E19: 내역 | F19: 담당자 | G19: 증빙번호 | H19: 대계정 | I19: 소계정 | J19: 입금 | M19: 출금 | P19: 잔액 | R19: 비고 | S19: 시스템 판독
B20: 출금일자 | C20: 증빙일자 | D20: 증빙번호(FULL) | E20: 내역 | F20: 담당자 | G20: 증빙번호 | H20: 대계정 | I20: 소계정 | J20: CNY | K20: 환산요율 | L20: USD | M20: CNY | N20: 환산요율 | O20: USD | P20: CNY | Q20: USD | R20: 비고 | S20: 시스템 판독
Q21: 0
B22: 2026-06-18 | C22: 2026-06-15 | D22: 26512000002507455621 | E22: 교통비/톨비 | F22: Lin Wei Jian | G22: 1 | H22: 여비교통비 | I22: 교통비 | M22: 1804 | N22: ='통장내역(환율표)'!$D$88 | O22: =M22/N22 | P22: =P21+J22-M22 | Q22: =Q21+L22-O22 | S22: 파표 회사코드 일치
B23: 2026-06-18 | C23: 2026-06-15 | D23: 26442000006669013351 | E23: 교통비/톨비 | F23: Lin Wei Jian | G23: 2 | H23: 여비교통비 | I23: 교통비 | M23: 1824 | N23: ='통장내역(환율표)'!$D$88 | O23: =M23/N23 | P23: =P22+J23-M23 | Q23: =Q22+L23-O23 | S23: 파표 회사코드 일치
B24: 2026-06-18 | C24: 2026-06-15 | D24: 26442000006669091216 | E24: 교통비/톨비 | F24: Lin Wei Jian | G24: 3 | H24: 여비교통비 | I24: 교통비 | M24: 1359 | N24: ='통장내역(환율표)'!$D$88 | O24: =M24/N24 | P24: =P23+J24-M24 | Q24: =Q23+L24-O24 | S24: 파표 회사코드 일치
B25: 2026-06-18 | C25: 2026-06-15 | D25: 26442000006668490571 | E25: 교통비/톨비 | F25: Lin Wei Jian | G25: 4 | H25: 여비교통비 | I25: 교통비 | M25: 1374 | N25: ='통장내역(환율표)'!$D$88 | O25: =M25/N25 | P25: =P24+J25-M25 | Q25: =Q24+L25-O25 | S25: 파표 회사코드 일치
B26: 2026-06-18 | E26: 톨비 | F26: Lin Wei Jian | G26: 5 | H26: 여비교통비 | I26: 교통비 | M26: 543.5 | N26: ='통장내역(환율표)'!$D$88 | O26: =M26/N26 | P26: =P25+J26-M26 | Q26: =Q25+L26-O26
B27: 2026-06-18 | C27: 2026-06-12 | D27: 151002565028 | E27: 톨비 | F27: Lin Wei Jian | G27: 6 | H27: 여비교통비 | I27: 교통비 | M27: 124 | N27: ='통장내역(환율표)'!$D$88 | O27: =M27/N27 | P27: =P26+J27-M27 | Q27: =Q26+L27-O27 | S27: 파표 회사코드 불일치/누락
B28: 2026-06-18 | C28: 2026-06-11 | D28: 26952000002433520066 | E28: 교통비/톨비 | F28: Lin Wei Jian | G28: 7 | H28: 여비교통비 | I28: 교통비 | M28: 880 | N28: ='통장내역(환율표)'!$D$88 | O28: =M28/N28 | P28: =P27+J28-M28 | Q28: =Q27+L28-O28 | S28: 파표 회사코드 일치
B29: 2026-06-18 | C29: 2026-06-15 | D29: 26517000000466701406 | E29: 교통비 | F29: Lin Wei Jian | G29: 8 | H29: 여비교통비 | I29: 교통비 | M29: 394.5 | N29: ='통장내역(환율표)'!$D$88 | O29: =M29/N29 | P29: =P28+J29-M29 | Q29: =Q28+L29-O29 | S29: 파표 회사코드 일치
B30: 2026-06-18 | C30: 2026-06-15 | D30: 26957000000165619116 | E30: 교통비 | F30: Lin Wei Jian | G30: 9 | H30: 여비교통비 | I30: 교통비 | M30: 589.9 | N30: ='통장내역(환율표)'!$D$88 | O30: =M30/N30 | P30: =P29+J30-M30 | Q30: =Q29+L30-O30 | S30: 파표 회사코드 일치
B31: 2026-06-18 | C31: 2026-06-15 | D31: 26447000001222315056 | E31: 교통비 | F31: Lin Wei Jian | G31: 10 | H31: 여비교통비 | I31: 교통비 | M31: 887.8 | N31: ='통장내역(환율표)'!$D$88 | O31: =M31/N31 | P31: =P30+J31-M31 | Q31: =Q30+L31-O31 | S31: 파표 회사코드 일치
B32: 2026-06-18 | C32: 2026-06-15 | D32: 26127000000304975197 | E32: 교통비 | F32: Lin Wei Jian | G32: 11 | H32: 여비교통비 | I32: 교통비 | M32: 81.2 | N32: ='통장내역(환율표)'!$D$88 | O32: =M32/N32 | P32: =P31+J32-M32 | Q32: =Q31+L32-O32 | S32: 파표 회사코드 일치
B33: 2026-06-18 | C33: 2026-06-15 | D33: 45212619 | E33: 화물운송료 | F33: Lin Wei Jian | G33: 12 | H33: 해외지사비 | I33: 운반비 | M33: 132.36 | N33: ='통장내역(환율표)'!$D$88 | O33: =M33/N33 | P33: =P32+J33-M33 | Q33: =Q32+L33-O33 | S33: 파표 회사코드 일치
B34: 2026-06-18 | C34: 2026-06-15 | D34: 26957000000162960397 | E34: 교통비/톨비 | F34: Lin Wei Jian | G34: 13 | H34: 여비교통비 | I34: 교통비 | M34: 300 | N34: ='통장내역(환율표)'!$D$88 | O34: =M34/N34 | P34: =P33+J34-M34 | Q34: =Q33+L34-O34 | S34: 파표 회사코드 불일치/누락
B35: 2026-06-18 | C35: 2026-06-15 | D35: 26327000001122217547 | E35: 교통비/톨비 | F35: Lin Wei Jian | G35: 14 | H35: 여비교통비 | I35: 교통비 | M35: 1073 | N35: ='통장내역(환율표)'!$D$88 | O35: =M35/N35 | P35: =P34+J35-M35 | Q35: =Q34+L35-O35 | S35: 파표 회사코드 일치
B36: 2026-06-18 | C36: 2026-06-15 | D36: 26327000001119045774 | E36: 교통비/톨비 | F36: Lin Wei Jian | G36: 15 | H36: 여비교통비 | I36: 교통비 | M36: 40 | N36: ='통장내역(환율표)'!$D$88 | O36: =M36/N36 | P36: =P35+J36-M36 | Q36: =Q35+L36-O36 | S36: 파표 회사코드 일치
B37: 2026-06-18 | C37: 2026-06-15 | D37: 26327000001122217548 | E37: 교통비/톨비 | F37: Lin Wei Jian | G37: 16 | H37: 여비교통비 | I37: 교통비 | M37: 63 | N37: ='통장내역(환율표)'!$D$88 | O37: =M37/N37 | P37: =P36+J37-M37 | Q37: =Q36+L37-O37 | S37: 파표 회사코드 일치
B38: 2026-06-18 | C38: 2026-06-05 | D38: 26957000000141421480 | E38: 교통비/톨비 | F38: Lin Wei Jian | G38: 17 | H38: 여비교통비 | I38: 교통비 | M38: 176 | N38: ='통장내역(환율표)'!$D$88 | O38: =M38/N38 | P38: =P37+J38-M38 | Q38: =Q37+L38-O38 | S38: 파표 회사코드 일치
... B42: 2026-06-18 | C42: 2026-06-15 | D42: 26957000000150278611 | E42: 교통비/톨비 | F42: Lin Wei Jian | G42: 21 | H42: 여비교통비 | I42: 교통비 | M42: 378 | N42: ='통장내역(환율표)'!$D$88 | O42: =M42/N42 | P42: =P41+J42-M42 | Q42: =Q41+L42-O42 | S42: 파표 회사코드 일치
B43: 2026-06-18 | C43: 2026-06-08 | E43: 교통비 | F43: Lin Wei Jian | G43: 22 | H43: 여비교통비 | I43: 교통비 | M43: 386.4 | N43: ='통장내역(환율표)'!$D$88 | O43: =M43/N43 | P43: =P42+J43-M43 | Q43: =Q42+L43-O43
B44: 2026-06-18 | C44: 2026-05-22 | E44: 교통비 | F44: Lin Wei Jian | G44: 23 | H44: 여비교통비 | I44: 교통비 | M44: 303.3 | N44: ='통장내역(환율표)'!$D$88 | O44: =M44/N44 | P44: =P43+J44-M44 | Q44: =Q43+L44-O44
B45: 2026-06-18 | C45: 2026-06-07 | E45: 교통비 | F45: Lin Wei Jian | G45: 24 | H45: 여비교통비 | I45: 교통비 | M45: 390.4 | N45: ='통장내역(환율표)'!$D$88 | O45: =M45/N45 | P45: =P44+J45-M45 | Q45: =Q44+L45-O45
B46: 2026-06-18 | C46: 2026-06-18 | E46: 은행수수료 | F46: Lin Wei Jian | G46: 25 | H46: 해외지사비 | M46: 7.2 | N46: ='통장내역(환율표)'!$D$88 | O46: =M46/N46 | P46: =P45+J46-M46 | Q46: =Q45+L46-O46 | S46: [불일치 (이체:12405.76 vs 영수증:13676.359999999999)]

Sheet 통장지급내역

Sheet 당월 업무추진비
B2: ▶ 업무추진비 사용 내역
B4: NO | C4: 정산일자 | D4: 사용일자 | E4: 사용자 | F4: 사용처 | G4: 사용금액 | I4: 사용목적(상세 기재) | J4: 고객명 | K4: 참석자
G5: RMB | H5: KRW | K5: 고객 | L5: DBGC
B6: =ROW()-5 | D6: 46133 | E6: xiongfeng | F6: 大师兄餐饮 | G6: 135 | I6: Have coffee with SDPC | J6: SDPC | K6: 魏慧 | L6: xiongfeng/金总
B7: =ROW()-5 | D7: 46134 | E7: xiongfeng | F7: 星巴克 | G7: 68 | I7: Coffee with CSOT | J7: CSOT | K7: 裴娟实 | L7: xiongfeng
B8: =ROW()-5 | D8: 46149 | E8: xiongfeng | F8: 星莹美食店 | G8: 370 | I8: Lunch with CSOT | J8: CSOT | K8: 裴娟实/彩霞 | L8: xiongfeng
B9: =ROW()-5 | D9: 46151 | E9: xiongfeng | F9: 萍乡土菜 | G9: 233 | I9: Lunch with FITI | J9: SDPC | K9: 牛佳兴 | L9: xiongfeng
B10: =ROW()-5 | D10: 46118 | E10: 신순연 | F10: 晶东 | G10: 258 | I10: 고객 업무 추진 및 CRM 유지 | J10: CSOT | K10: Li Xiang Yu | L10: -
B11: =ROW()-5 | D11: 46119 | E11: 신순연 | F11: 郭老二 | G11: 873 | I11: 고객 업무 추진 및 CRM 유지 | J11: TianMa | K11: Mason전문가, Eddie전문가 | L11: 고재홍 상무, 최상신 전문위원, 김기일 프로, 박상현 프로, 황대욱 프로, 변승찬 프로, 권유석 지사장, 김명관 프로, 신순연 프로
B12: =ROW()-5 | D12: 46120 | E12: 신순연 | F12: 韩庭 | G12: 402 | I12: 고객 업무 추진 및 CRM 유지 | J12: TianMa | K12: Mason전문가, Eddie전문가 | L12: 고재홍 상무, 최상신 전문위원, 김기일 프로, 박상현 프로, 황대욱 프로, 변승찬 프로, 신순연 프로
B13: =ROW()-5 | D13: 46120 | E13: 신순연 | F13: 鱼头泡饭 | G13: 800 | I13: 고객 업무 추진 및 CRM 유지 | J13: CSOT | K13: Pan Xiao Dong과장 | L13: 고재홍 상무, 최상신 전문위원, 김기일 프로, 박상현 프로, 황대욱 프로, 변승찬 프로, 신순연 프로
B14: =ROW()-5 | D14: 46128 | E14: 신순연 | F14: 京华楼 | G14: 297 | I14: 고객 업무 추진 및 CRM 유지 | J14: CSOT | K14: Nate전문가 | L14: 권유석 지사장, 이상태 프로, 박미령 프로, Xiong Feng프로, 신순연 프로
B15: =ROW()-5 | D15: 46150 | E15: 신순연 | F15: 河坝 | G15: 693 | I15: 고객 업무 추진 및 CRM 유지 | J15: CSOT | K15: Liu Kai Yu, Jiang Song Lin(대리점) | L15: Zhang Liang, Lin Wei Jian, 신순연
B16: =ROW()-5 | D16: 3월26일 | E16: 권유석 | F16: 스.벅 | G16: 60 | I16: 음료 | J16: CSOT | K16: 조달구매 | L16: 권유석/정겨운
B17: =ROW()-5 | D17: 3월26일 | E17: 권유석 | F17: 소풍 | G17: 281 | I17: 석식 | J17: CSOT | K17: 조달구매 | L17: 권유석/정겨운
B18: =ROW()-5 | D18: 3월31일 | E18: 권유석 | F18: 홍콩반점 | G18: 315 | I18: 석식 | J18: SDC | K18: 구매(신우철 부장) | L18: 권유석/정겨운
B19: =ROW()-5 | D19: 4월2일 | E19: 권유석 | F19: 세븐일레븐 | G19: 100.7 | I19: 음료 | J19: CSOT | K19: 영업/KA | L19: 권유석/신순연
B20: =ROW()-5 | D20: 4월3일 | E20: 권유석 | F20: 홍콩반점 | G20: 255 | I20: 석식 | J20: BOE | K20: 김문청 사장 | L20: 권유석
B21: =ROW()-5 | D21: 4월17일 | E21: 권유석 | F21: 홍콩반점 | G21: 307.8 | I21: 석식 | J21: BOE | K21: 김청길 사장(MTK 대리점) | L21: 권유석
B22: =ROW()-5 | D22: 4월21일 | E22: 권유석 | F22: 전통 찻집 | G22: 260 | I22: 음료 | J22: ESWIN | K22: 구매 책임자/담당자 | L22: 권유석/정겨운
B23: =ROW()-5 | D23: 4월21일 | E23: 권유석 | F23: 订餐卡 | G23: 674 | I23: 중식 | J23: ESWIN | K23: 구매 책임자/담당자 | L23: 권유석/정겨운
B24: =ROW()-5 | D24: 4월21일 | E24: 권유석 | F24: 스타벅스 | G24: 103 | I24: 음료 | J24: ESWIN | K24: 구매 책임자/담당자 | L24: 권유석/정겨운
B25: =ROW()-5 | D25: 46132 | E25: PIAO MEILING | F25: 同盛餐饮 | G25: 246 | I25: CSOT 업무 추진 | J25: CSOT | K25: Liu Wei, Yu Han | L25: 박미령
B26: =ROW()-5 | D26: 46149 | E26: PIAO MEILING | F26: 爱人餐饮 | G26: 140 | I26: CSOT 업무 추진 | J26: CSOT | K26: Fan Xiankun, Yu Han | L26: 박미령
B27: =ROW()-5 | D27: 46109 | E27: zhangliang | F27: SDPC便利店 | G27: 36.04 | I27: SDPC업무 추진 | J27: SDPC | K27: 孙志强 | L27: zhangliang
B28: =ROW()-5 | D28: 46156 | E28: zhangliang | F28: 印尼餐厅 | G28: 1016.12 | I28: HKC업무 추진 | J28: HKC | K28: DK Park、Eddie等 | L28: zhangliang、shenshunyan
B29: =ROW()-5 | D29: 46134 | E29: zhangliang | F29: H1水果店 | G29: 58 | I29: HKC업무 추진 | J29: HKC | K29: 费如涵、陈杰 | L29: zhangliang
B30: =ROW()-5
B31: =ROW()-5
B32: =ROW()-5
B33: =ROW()-5
B34: =ROW()-5
B35: =ROW()-5
B36: =ROW()-5
B37: =ROW()-5
B38: =ROW()-5
B39: =ROW()-5
B40: =ROW()-5
B41: =ROW()-5
... B46: =ROW()-5
G47: =SUM(G6:G46) | H47: =SUM(H6:H46)

Sheet 기사 야근 일지
C3: Liu Ming Liang | J3: chen guo liang | Q3: chen feng jun
C4: 일자 | D4: 내용 | E4: 인원 | F4: 시간 | G4: 비용 | H4: 비고 | J4: 일자 | K4: 내용 | L4: 인원 | M4: 시간 | N4: 비용 | O4: 비고 | Q4: 일자 | R4: 내용 | S4: 인원 | T4: 시간 | U4: 비용 | V4: 비고
C5: 46134 | E5: 심천지사 | F5: 6 | G5: =F5*20 | J5: 46135 | L5: 심천지사 | M5: 4 | N5: =M5*20 | Q5: 46134 | S5: 심천지사 | T5: 1 | U5: =T5*20
C6: 46135 | E6: 심천지사 | F6: 3.5 | G6: =F6*20 | J6: 46139 | L6: 심천지사 | M6: 4 | N6: =M6*20 | Q6: 46135 | S6: 심천지사 | T6: 2 | U6: =T6*20
C7: 46136 | E7: 심천지사 | F7: 6.5 | G7: =F7*20 | J7: 46149 | L7: 심천지사 | M7: 3 | N7: =M7*20 | Q7: 46139 | S7: 심천지사 | T7: 3 | U7: =T7*20
C8: 46139 | E8: 심천지사 | F8: 3 | G8: =F8*20 | J8: 46150 | L8: 심천지사 | M8: 3 | N8: =M8*20 | Q8: 46140 | S8: 심천지사 | T8: 1 | U8: =T8*20
C9: 46142 | E9: 심천지사 | F9: 1 | G9: =F9*20 | J9: 46155 | L9: 심천지사 | M9: 5 | N9: =M9*20 | Q9: 46154 | S9: 심천지사 | T9: 3 | U9: =T9*20
C10: 46150 | E10: 심천지사 | F10: 5 | G10: =F10*20 | J10: 46158 | L10: 심천지사 | M10: 16 | N10: =M10*20 | Q10: 46158 | S10: 심천지사 | T10: 5 | U10: =T10*20
C11: 46153 | E11: 심천지사 | F11: 1 | G11: =F11*20 | J11: 46159 | L11: 심천지사 | M11: 3 | N11: =M11*20 | S11: 심천지사 | U11: =T11*20
C12: 46156 | E12: 심천지사 | F12: 3 | G12: =F12*20 | L12: 심천지사 | N12: =M12*20 | S12: 심천지사 | U12: =T12*20
E13: 심천지사 | G13: =F13*20 | L13: 심천지사 | N13: =M13*20 | S13: 심천지사 | U13: =T13*20
E14: 심천지사 | G14: =F14*20 | L14: 심천지사 | N14: =M14*20 | S14: 심천지사 | U14: =T14*20
E15: 심천지사 | G15: =F15*20 | L15: 심천지사 | N15: =M15*20 | S15: 심천지사 | U15: =T15*20
E16: 심천지사 | G16: =F16*20 | L16: 심천지사 | N16: =M16*20 | S16: 심천지사 | U16: =T16*20
E17: 심천지사 | G17: =F17*20 | L17: 심천지사 | N17: =M17*20 | S17: 심천지사 | U17: =T17*20
E18: 심천지사 | G18: =F18*20 | L18: 심천지사 | N18: =M18*20 | S18: 심천지사 | U18: =T18*20
E19: 심천지사 | G19: =F19*20 | L19: 심천지사 | N19: =M19*20 | S19: 심천지사 | U19: =T19*20
E20: 심천지사 | G20: =F20*20 | L20: 심천지사 | N20: =M20*20 | S20: 심천지사 | U20: =T20*20
E21: 심천지사 | G21: =F21*20 | L21: 심천지사 | N21: =M21*20 | S21: 심천지사 | U21: =T21*20
E22: 심천지사 | G22: =F22*20 | L22: 심천지사 | N22: =M22*20 | S22: 심천지사 | U22: =T22*20
E23: 심천지사 | G23: =F23*20 | L23: 심천지사 | N23: =M23*20 | S23: 심천지사 | U23: =T23*20
G24: =SUM(G5:G23) | N24: =SUM(N5:N23) | U24: =SUM(U5:U23)
